{
"name":"pl0c01mot_g4s0_m0",
"frameCount":41,"fps":60,"rotFormat":"quat_xyzw",
"bones":[
{"i":0,"pos":[0,0,0,0,0,0,0,0,0,0,0,0,0,0,0,0,0,0,0,0,0,0,0,0,0,0,0,0,0,0,0,0,0,0,0,0,0,0,0,0,0,0,0,0,0,0,0,0,0,0,0,0,0,0,0,0,0,0,0,0,0,0,0,0,0,0,0,0,0,0,0,0,0,0,0,0,0,0,0,0,0,0,0,0,0,0,0,0,0,0,0,0,0,0,0,0,0,0,0,0,0,0,0,0,0,0,0,0,0,0,0,0,0,0,0,0,0,0,0,0,0,0,0],"rot":[0,0,0,1,0,0,0,1,0,0,0,1,0,0,0,1,0,0,0,1,0,0,0,1,0,0,0,1,0,0,0,1,0,0,0,1,0,0,0,1,0,0,0,1,0,0,0,1,0,0,0,1,0,0,0,1,0,0,0,1,0,0,0,1,0,0,0,1,0,0,0,1,0,0,0,1,0,0,0,1,0,0,0,1,0,0,0,1,0,0,0,1,0,0,0,1,0,0,0,1,0,0,0,1,0,0,0,1,0,0,0,1,0,0,0,1,0,0,0,1,0,0,0,1,0,0,0,1,0,0,0,1,0,0,0,1,0,0,0,1,0,0,0,1,0,0,0,1,0,0,0,1,0,0,0,1,0,0,0,1,0,0,0,1],"scl":[1,1,1,1,1,1,1,1,1,1,1,1,1,1,1,1,1,1,1,1,1,1,1,1,1,1,1,1,1,1,1,1,1,1,1,1,1,1,1,1,1,1,1,1,1,1,1,1,1,1,1,1,1,1,1,1,1,1,1,1,1,1,1,1,1,1,1,1,1,1,1,1,1,1,1,1,1,1,1,1,1,1,1,1,1,1,1,1,1,1,1,1,1,1,1,1,1,1,1,1,1,1,1,1,1,1,1,1,1,1,1,1,1,1,1,1,1,1,1,1,1,1,1]},
{"i":1,"pos":[0,47.0391,0,0,46.1703,0,0,45.3016,0,0,44.4328,0,0,43.5641,0,0,42.6953,0,0,42.804,0,0,42.9127,0,0,43.0214,0,0,43.1301,0,0,43.2388,0,0,43.3475,0,0,43.4562,0,0,43.5648,0,0,43.6735,0,0,43.7822,0,0,43.9125,0,0,44.0428,0,0,44.173,0,0,44.3033,0,0,44.4336,0,0,44.5639,0,0,44.6941,0,0,44.8244,0,0,44.9547,0,0,45.085,0,0,45.2152,0,0,45.3455,0,0,45.4758,0,0,45.6061,0,0,45.7363,0,0,45.8666,0,0,45.9969,0,0,46.1271,0,0,46.2574,0,0,46.3877,0,0,46.518,0,0,46.6482,0,0,46.7785,0,0,46.9088,0,0,47.0391,0],"rot":[0,0,0,1,0,0,0,1,-0.00225,0,0,0.999997,-0.00449998,0,0,0.99999,-0.00674995,0,0,0.999977,-0.00899987,0,0,0.99996,-0.00959985,0,0,0.999954,-0.0101998,0,0,0.999948,-0.0107998,0,0,0.999942,-0.0113998,0,0,0.999935,-0.0119997,0,0,0.999928,-0.0125997,0,0,0.999921,-0.0131996,0,0,0.999913,-0.0137996,0,0,0.999905,-0.0143995,0,0,0.999896,-0.0149994,0,0,0.999888,-0.0143995,0,0,0.999896,-0.0137996,0,0,0.999905,-0.0131996,0,0,0.999913,-0.0125997,0,0,0.999921,-0.0119997,0,0,0.999928,-0.0113998,0,0,0.999935,-0.0107998,0,0,0.999942,-0.0101998,0,0,0.999948,-0.00959985,0,0,0.999954,-0.00899988,0,0,0.99996,-0.0083999,0,0,0.999965,-0.00779992,0,0,0.99997,-0.00719994,0,0,0.999974,-0.00659995,0,0,0.999978,-0.00599996,0,0,0.999982,-0.00539997,0,0,0.999985,-0.00479998,0,0,0.999988,-0.00419999,0,0,0.999991,-0.00359999,0,0,0.999994,-0.003,0,0,0.999996,-0.0024,0,0,0.999997,-0.0018,0,0,0.999998,-0.0012,0,0,0.999999,-0.0006,0,0,1,0,0,0,1],"scl":[1,1,1,1,1,1,1,1,1,1,1,1,1,1,1,1,1,1,1,1,1,1,1,1,1,1,1,1,1,1,1,1,1,1,1,1,1,1,1,1,1,1,1,1,1,1,1,1,1,1,1,1,1,1,1,1,1,1,1,1,1,1,1,1,1,1,1,1,1,1,1,1,1,1,1,1,1,1,1,1,1,1,1,1,1,1,1,1,1,1,1,1,1,1,1,1,1,1,1,1,1,1,1,1,1,1,1,1,1,1,1,1,1,1,1,1,1,1,1,1,1,1,1]},
{"i":2,"pos":[0,40.3096,0,0,40.3096,0,0,40.3096,0,0,40.3096,0,0,40.3096,0,0,40.3096,0,0,40.3096,0,0,40.3096,0,0,40.3096,0,0,40.3096,0,0,40.3096,0,0,40.3096,0,0,40.3096,0,0,40.3096,0,0,40.3096,0,0,40.3096,0,0,40.3096,0,0,40.3096,0,0,40.3096,0,0,40.3096,0,0,40.3096,0,0,40.3096,0,0,40.3096,0,0,40.3096,0,0,40.3096,0,0,40.3096,0,0,40.3096,0,0,40.3096,0,0,40.3096,0,0,40.3096,0,0,40.3096,0,0,40.3096,0,0,40.3096,0,0,40.3096,0,0,40.3096,0,0,40.3096,0,0,40.3096,0,0,40.3096,0,0,40.3096,0,0,40.3096,0,0,40.3096,0],"rot":[0,0,0,1,-0.0129696,0,0,0.999916,-0.0175238,0,0,0.999846,-0.0220777,0,0,0.999756,-0.0266311,0,0,0.999645,-0.0311839,0,0,0.999514,-0.0263245,0,0,0.999653,-0.0214644,0,0,0.99977,-0.0166038,0,0,0.999862,-0.0117429,0,0,0.999931,-0.00688166,0,0,0.999976,-0.00202026,0,0,0.999998,0.00284118,0,0,0.999996,0.00770256,0,0,0.99997,0.0125638,0,0,0.999921,0.0174247,0,0,0.999848,0.0167277,0,0,0.99986,0.0160308,0,0,0.999871,0.0153339,0,0,0.999882,0.0146369,0,0,0.999893,0.01394,0,0,0.999903,0.013243,0,0,0.999912,0.0125461,0,0,0.999921,0.0118491,0,0,0.99993,0.0111521,0,0,0.999938,0.0104551,0,0,0.999945,0.00975815,0,0,0.999952,0.00906115,0,0,0.999959,0.00836416,0,0,0.999965,0.00766716,0,0,0.999971,0.00697016,0,0,0.999976,0.00627315,0,0,0.99998,0.00557614,0,0,0.999984,0.00487913,0,0,0.999988,0.00418212,0,0,0.999991,0.0034851,0,0,0.999994,0.00278808,0,0,0.999996,0.00209106,0,0,0.999998,0.00139404,0,0,0.999999,0.00069702,0,0,1,0,0,0,1],"scl":[1,1,1,1,1,1,1,1,1,1,1,1,1,1,1,1,1,1,1,1,1,1,1,1,1,1,1,1,1,1,1,1,1,1,1,1,1,1,1,1,1,1,1,1,1,1,1,1,1,1,1,1,1,1,1,1,1,1,1,1,1,1,1,1,1,1,1,1,1,1,1,1,1,1,1,1,1,1,1,1,1,1,1,1,1,1,1,1,1,1,1,1,1,1,1,1,1,1,1,1,1,1,1,1,1,1,1,1,1,1,1,1,1,1,1,1,1,1,1,1,1,1,1]},
{"i":3,"pos":[0,39.19,0,0,39,-4,0,38.9961,-4.125,0,38.9921,-4.25,0,38.9882,-4.375,0,38.9843,-4.5,0,39.0048,-4.05,0,39.0254,-3.6,0,39.046,-3.15,0,39.0665,-2.7,0,39.0871,-2.25,0,39.1077,-1.8,0,39.1283,-1.35,0,39.1488,-0.9,0,39.1694,-0.45,0,39.19,0,0,39.19,0,0,39.19,0,0,39.19,0,0,39.19,0,0,39.19,0,0,39.19,0,0,39.19,0,0,39.19,0,0,39.19,0,0,39.19,0,0,39.19,0,0,39.19,0,0,39.19,0,0,39.19,0,0,39.19,0,0,39.19,0,0,39.19,0,0,39.19,0,0,39.19,0,0,39.19,0,0,39.19,0,0,39.19,0,0,39.19,0,0,39.19,0,0,39.19,0],"rot":[0,0,0,1,-0.00999983,0,0,0.99995,-0.00928558,0,0,0.999957,-0.00857132,0,0,0.999963,-0.00785706,0,0,0.999969,-0.0071428,0,0,0.999974,-0.00642853,0,0,0.999979,-0.00571425,0,0,0.999984,-0.00499998,0,0,0.999987,-0.0042857,0,0,0.999991,-0.00357142,0,0,0.999994,-0.00285714,0,0,0.999996,-0.00214286,0,0,0.999998,-0.00142857,0,0,0.999999,-0.000714286,0,0,1,0,0,0,1,0,0,0,1,0,0,0,1,0,0,0,1,0,0,0,1,0,0,0,1,0,0,0,1,0,0,0,1,0,0,0,1,0,0,0,1,0,0,0,1,0,0,0,1,0,0,0,1,0,0,0,1,0,0,0,1,0,0,0,1,0,0,0,1,0,0,0,1,0,0,0,1,0,0,0,1,0,0,0,1,0,0,0,1,0,0,0,1,0,0,0,1,0,0,0,1,0,0,0,1],"scl":[1,1,1,1,1,1,1,1,1,1,1,1,1,1,1,1,1,1,1,1,1,1,1,1,1,1,1,1,1,1,1,1,1,1,1,1,1,1,1,1,1,1,1,1,1,1,1,1,1,1,1,1,1,1,1,1,1,1,1,1,1,1,1,1,1,1,1,1,1,1,1,1,1,1,1,1,1,1,1,1,1,1,1,1,1,1,1,1,1,1,1,1,1,1,1,1,1,1,1,1,1,1,1,1,1,1,1,1,1,1,1,1,1,1,1,1,1,1,1,1,1,1,1]},
{"i":4,"pos":[0,0,0,0,0,0,0,0,0,0,0,0,0,0,0,0,0,0,0,0,0,0,0,0,0,0,0,0,0,0,0,0,0,0,0,0,0,0,0,0,0,0,0,0,0,0,0,0,0,0,0,0,0,0,0,0,0,0,0,0,0,0,0,0,0,0,0,0,0,0,0,0,0,0,0,0,0,0,0,0,0,0,0,0,0,0,0,0,0,0,0,0,0,0,0,0,0,0,0,0,0,0,0,0,0,0,0,0,0,0,0,0,0,0,0,0,0,0,0,0,0,0,0],"rot":[0,0,0,1,0,0,0,1,0,0,0,1,0,0,0,1,0,0,0,1,0,0,0,1,0,0,0,1,0,0,0,1,0,0,0,1,0,0,0,1,0,0,0,1,0,0,0,1,0,0,0,1,0,0,0,1,0,0,0,1,0,0,0,1,0,0,0,1,0,0,0,1,0,0,0,1,0,0,0,1,0,0,0,1,0,0,0,1,0,0,0,1,0,0,0,1,0,0,0,1,0,0,0,1,0,0,0,1,0,0,0,1,0,0,0,1,0,0,0,1,0,0,0,1,0,0,0,1,0,0,0,1,0,0,0,1,0,0,0,1,0,0,0,1,0,0,0,1,0,0,0,1,0,0,0,1,0,0,0,1,0,0,0,1],"scl":[1,1,1,1,1,1,1,1,1,1,1,1,1,1,1,1,1,1,1,1,1,1,1,1,1,1,1,1,1,1,1,1,1,1,1,1,1,1,1,1,1,1,1,1,1,1,1,1,1,1,1,1,1,1,1,1,1,1,1,1,1,1,1,1,1,1,1,1,1,1,1,1,1,1,1,1,1,1,1,1,1,1,1,1,1,1,1,1,1,1,1,1,1,1,1,1,1,1,1,1,1,1,1,1,1,1,1,1,1,1,1,1,1,1,1,1,1,1,1,1,1,1,1]},
{"i":5,"pos":[-74.85,-3.05176E-05,0,-74.85,-3.05176E-05,0,-74.85,-3.05176E-05,0,-74.85,-3.05176E-05,0,-74.85,-3.05176E-05,0,-74.85,-3.05176E-05,0,-74.85,-3.05176E-05,0,-74.85,-3.05176E-05,0,-74.85,-3.05176E-05,0,-74.85,-3.05176E-05,0,-74.85,-3.05176E-05,0,-74.85,-3.05176E-05,0,-74.85,-3.05176E-05,0,-74.85,-3.05176E-05,0,-74.85,-3.05176E-05,0,-74.85,-3.05176E-05,0,-74.85,-3.05176E-05,0,-74.85,-3.05176E-05,0,-74.85,-3.05176E-05,0,-74.85,-3.05176E-05,0,-74.85,-3.05176E-05,0,-74.85,-3.05176E-05,0,-74.85,-3.05176E-05,0,-74.85,-3.05176E-05,0,-74.85,-3.05176E-05,0,-74.85,-3.05176E-05,0,-74.85,-3.05176E-05,0,-74.85,-3.05176E-05,0,-74.85,-3.05176E-05,0,-74.85,-3.05176E-05,0,-74.85,-3.05176E-05,0,-74.85,-3.05176E-05,0,-74.85,-3.05176E-05,0,-74.85,-3.05176E-05,0,-74.85,-3.05176E-05,0,-74.85,-3.05176E-05,0,-74.85,-3.05176E-05,0,-74.85,-3.05176E-05,0,-74.85,-3.05176E-05,0,-74.85,-3.05176E-05,0,-74.85,-3.05176E-05,0],"rot":[0,0,0,1,0,0,0,1,0,0,0,1,0,0,0,1,0,0,0,1,0,0,0,1,0,0,0,1,0,0,0,1,0,0,0,1,0,0,0,1,0,0,0,1,0,0,0,1,0,0,0,1,0,0,0,1,0,0,0,1,0,0,0,1,0,0,0,1,0,0,0,1,0,0,0,1,0,0,0,1,0,0,0,1,0,0,0,1,0,0,0,1,0,0,0,1,0,0,0,1,0,0,0,1,0,0,0,1,0,0,0,1,0,0,0,1,0,0,0,1,0,0,0,1,0,0,0,1,0,0,0,1,0,0,0,1,0,0,0,1,0,0,0,1,0,0,0,1,0,0,0,1,0,0,0,1,0,0,0,1,0,0,0,1],