{
"name":"pl0c01mot_g0s23_m0",
"frameCount":26,"fps":60,"rotFormat":"quat_xyzw",
"bones":[
{"i":0,"pos":[0,0,0,0,0,0,0,0,0,0,0,0,0,0,0,0,0,0,0,0,0,0,0,0,0,0,0,0,0,0,0,0,0,0,0,0,0,0,0,0,0,0,0,0,0,0,0,0,0,0,0,0,0,0,0,0,0,0,0,0,0,0,0,0,0,0,0,0,0,0,0,0,0,0,0,0,0,0],"rot":[0,0,0,1,0,0,0,1,0,0,0,1,0,0,0,1,0,0,0,1,0,0,0,1,0,0,0,1,0,0,0,1,0,0,0,1,0,0,0,1,0,0,0,1,0,0,0,1,0,0,0,1,0,0,0,1,0,0,0,1,0,0,0,1,0,0,0,1,0,0,0,1,0,0,0,1,0,0,0,1,0,0,0,1,0,0,0,1,0,0,0,1,0,0,0,1,0,0,0,1,0,0,0,1],"scl":[1,1,1,1,1,1,1,1,1,1,1,1,1,1,1,1,1,1,1,1,1,1,1,1,1,1,1,1,1,1,1,1,1,1,1,1,1,1,1,1,1,1,1,1,1,1,1,1,1,1,1,1,1,1,1,1,1,1,1,1,1,1,1,1,1,1,1,1,1,1,1,1,1,1,1,1,1,1]},
{"i":1,"pos":[0,47.0391,0.0940552,0,46.0986,0.0921748,0,45.1582,0.0902952,0,44.2178,0.0884158,0,43.2773,0.0865362,0,42.3369,0.0846558,0,43.7231,0.0874287,0,45.1093,0.0902023,0,46.4955,0.0929766,0,47.8818,0.0957512,0,49.2681,0.098526,0,50.6544,0.101301,0,52.0406,0.104075,0,53.4269,0.10685,0,54.8131,0.109623,0,56.1992,0.112396,0,56.3651,0.112728,0,56.5311,0.113058,0,56.6972,0.113387,0,56.8632,0.113716,0,57.0293,0.114044,0,57.1954,0.114373,0,57.3614,0.114701,0,57.5275,0.115031,0,57.6934,0.115361,0,57.8594,0.115692],"rot":[0.000991821,0,0,1,0.000897283,0,0,1,0.00102986,0,0,0.999999,0.00201385,0,0,0.999998,0.00447352,0,0,0.99999,0.00903308,0,0,0.999959,0.0155282,0,0,0.999879,0.0231702,0,0,0.999732,0.0316469,0,0,0.999499,0.0406456,0,0,0.999174,0.049854,0,0,0.998757,0.0589599,0,0,0.99826,0.0676519,0,0,0.997709,0.0756194,0,0,0.997137,0.0825525,0,0,0.996587,0.0881423,0,0,0.996108,0.0925287,0,0,0.99571,0.0961113,0,0,0.995371,0.0989711,0,0,0.99509,0.101189,0,0,0.994867,0.102845,0,0,0.994697,0.104021,0,0,0.994575,0.104795,0,0,0.994494,0.105249,0,0,0.994446,0.105463,0,0,0.994423,0.105516,0,0,0.994418],"scl":[1,1,1,1,1,1,1,1,1,1,1,1,1,1,1,1,1,1,1,1,1,1,1,1,1,1,1,1,1,1,1,1,1,1,1,1,1,1,1,1,1,1,1,1,1,1,1,1,1,1,1,1,1,1,1,1,1,1,1,1,1,1,1,1,1,1,1,1,1,1,1,1,1,1,1,1,1,1]},
{"i":2,"pos":[0,40.3096,0,0,40.3096,0,0,40.3096,0,0,40.3096,0,0,40.3096,0,0,40.3096,0,0,40.3096,0,0,40.3096,0,0,40.3096,0,0,40.3096,0,0,40.3096,0,0,40.3096,0,0,40.3096,0,0,40.3096,0,0,40.3096,0,0,40.3096,0,0,40.3096,0,0,40.3096,0,0,40.3096,0,0,40.3096,0,0,40.3096,0,0,40.3096,0,0,40.3096,0,0,40.3096,0,0,40.3096,0,0,40.3096,0],"rot":[0,0,0,1,-0.00749993,0,0,0.999972,-0.0149994,0,0,0.999888,-0.0137496,0,0,0.999905,-0.0124998,0,0,0.999922,-0.0112499,0,0,0.999937,-0.01,0,0,0.99995,-0.00875012,0,0,0.999962,-0.00750021,0,0,0.999972,-0.00625028,0,0,0.99998,-0.00500035,0,0,0.999987,-0.00700028,0,0,0.999976,-0.00900019,0,0,0.999959,-0.0110001,0,0,0.99994,-0.0129999,0,0,0.999915,-0.0149997,0,0,0.999888,-0.0149997,0,0,0.999888,-0.0149997,0,0,0.999888,-0.0149997,0,0,0.999888,-0.0149997,0,0,0.999888,-0.0149997,0,0,0.999888,-0.0149997,0,0,0.999888,-0.0149997,0,0,0.999888,-0.0149997,0,0,0.999888,-0.0149997,0,0,0.999888,-0.0149997,0,0,0.999888],"scl":[1,1,1,1,1,1,1,1,1,1,1,1,1,1,1,1,1,1,1,1,1,1,1,1,1,1,1,1,1,1,1,1,1,1,1,1,1,1,1,1,1,1,1,1,1,1,1,1,1,1,1,1,1,1,1,1,1,1,1,1,1,1,1,1,1,1,1,1,1,1,1,1,1,1,1,1,1,1]},
{"i":3,"pos":[0,39.1895,0,0,39.1895,0,0,39.1895,0,0,39.1895,0,0,39.1895,0,0,39.1895,0,0,39.1895,0,0,39.1895,0,0,39.1895,0,0,39.1895,0,0,39.1895,0,0,39.1895,0,0,39.1895,0,0,39.1895,0,0,39.1895,0,0,39.1895,0,0,39.1895,0,0,39.1895,0,0,39.1895,0,0,39.1895,0,0,39.1895,0,0,39.1895,0,0,39.1895,0,0,39.1895,0,0,39.1895,0,0,39.1895,0],"rot":[0,0,0,1,0,0,0,1,0,0,0,1,0,0,0,1,0,0,0,1,0,0,0,1,0,0,0,1,0,0,0,1,0,0,0,1,0,0,0,1,0,0,0,1,0,0,0,1,0,0,0,1,0,0,0,1,0,0,0,1,0,0,0,1,0,0,0,1,0,0,0,1,0,0,0,1,0,0,0,1,0,0,0,1,0,0,0,1,0,0,0,1,0,0,0,1,0,0,0,1,0,0,0,1],"scl":[1,1,1,1,1,1,1,1,1,1,1,1,1,1,1,1,1,1,1,1,1,1,1,1,1,1,1,1,1,1,1,1,1,1,1,1,1,1,1,1,1,1,1,1,1,1,1,1,1,1,1,1,1,1,1,1,1,1,1,1,1,1,1,1,1,1,1,1,1,1,1,1,1,1,1,1,1,1]},
{"i":4,"pos":[0,0,0,0,0,0,0,0,0,0,0,0,0,0,0,0,0,0,0,0,0,0,0,0,0,0,0,0,0,0,0,0,0,0,0,0,0,0,0,0,0,0,0,0,0,0,0,0,0,0,0,0,0,0,0,0,0,0,0,0,0,0,0,0,0,0,0,0,0,0,0,0,0,0,0,0,0,0],"rot":[0,0,0,1,0,0,0,1,0,0,0,1,0,0,0,1,0,0,0,1,0,0,0,1,0,0,0,1,0,0,0,1,0,0,0,1,0,0,0,1,0,0,0,1,0,0,0,1,0,0,0,1,0,0,0,1,0,0,0,1,0,0,0,1,0,0,0,1,0,0,0,1,0,0,0,1,0,0,0,1,0,0,0,1,0,0,0,1,0,0,0,1,0,0,0,1,0,0,0,1,0,0,0,1],"scl":[1,1,1,1,1,1,1,1,1,1,1,1,1,1,1,1,1,1,1,1,1,1,1,1,1,1,1,1,1,1,1,1,1,1,1,1,1,1,1,1,1,1,1,1,1,1,1,1,1,1,1,1,1,1,1,1,1,1,1,1,1,1,1,1,1,1,1,1,1,1,1,1,1,1,1,1,1,1]},
{"i":5,"pos":[-26.999,56.5996,0,-26.999,56.5996,0,-26.999,56.5996,0,-26.999,56.5996,0,-26.999,56.5996,0,-26.999,56.5996,0,-26.999,56.5996,0,-26.999,56.5996,0,-26.999,56.5996,0,-26.999,56.5996,0,-26.999,56.5996,0,-26.999,56.5996,0,-26.999,56.5996,0,-26.999,56.5996,0,-26.999,56.5996,0,-26.999,56.5996,0,-26.999,56.5996,0,-26.999,56.5996,0,-26.999,56.5996,0,-26.999,56.5996,0,-26.999,56.5996,0,-26.999,56.5996,0,-26.999,56.5996,0,-26.999,56.5996,0,-26.999,56.5996,0,-26.999,56.5996,0],"rot":[0,0,0,1,0,0,0,1,0,0,0,1,0,0,0,1,0,0,0,1,0,0,0,1,0,0,0,1,0,0,0,1,0,0,0,1,0,0,0,1,0,0,0,1,0,0,0,1,0,0,0,1,0,0,0,1,0,0,0,1,0,0,0,1,0,0,0,1,0,0,0,1,0,0,0,1,0,0,0,1,0,0,0,1,0,0,0,1,0,0,0,1,0,0,0,1,0,0,0,1,0,0,0,1],"scl":[1,1,1,1,1,1,1,1,1,1,1,1,1,1,1,1,1,1,1,1,1,1,1,1,1,1,1,1,1,1,1,1,1,1,1,1,1,1,1,1,1,1,1,1,1,1,1,1,1,1,1,1,1,1,1,1,1,1,1,1,1,1,1,1,1,1,1,1,1,1,1,1,1,1,1,1,1,1]},
{"i":6,"pos":[27,56.5996,0,27,56.5996,0,27,56.5996,0,27,56.5996,0,27,56.5996,0,27,56.5996,0,27,56.5996,0,27,56.5996,0,27,56.5996,0,27,56.5996,0,27,56.5996,0,27,56.5996,0,27,56.5996,0,27,56.5996,0,27,56.5996,0,27,56.5996,0,27,56.5996,0,27,56.5996,0,27,56.5996,0,27,56.5996,0,27,56.5996,0,27,56.5996,0,27,56.5996,0,27,56.5996,0,27,56.5996,0,27,56.5996,0],"rot":[0,0,0,1,0,0,0,1,0,0,0,1,0,0,0,1,0,0,0,1,0,0,0,1,0,0,0,1,0,0,0,1,0,0,0,1,0,0,0,1,0,0,0,1,0,0,0,1,0,0,0,1,0,0,0,1,0,0,0,1,0,0,0,1,0,0,0,1,0,0,0,1,0,0,0,1,0,0,0,1,0,0,0,1,0,0,0,1,0,0,0,1,0,0,0,1,0,0,0,1,0,0,0,1],"scl":[1,1,1,1,1,1,1,1,1,1,1,1,1,1,1,1,1,1,1,1,1,1,1,1,1,1,1,1,1,1,1,1,1,1,1,1,1,1,1,1,1,1,1,1,1,1,1,1,1,1,1,1,1,1,1,1,1,1,1,1,1,1,1,1,1,1,1,1,1,1,1,1,1,1,1,1,1,1]},
{"i":7,"pos":[-74.85,0,0,-74.85,0,0,-74.85,0,0,-74.85,0,0,-74.85,0,0,-74.85,0,0,-74.85,0,0,-74.85,0,0,-74.85,0,0,-74.85,0,0,-74.85,0,0,-74.85,0,0,-74.85,0,0,-74.85,0,0,-74.85,0,0,-74.85,0,0,-74.85,0,0,-74.85,0,0,-74.85,0,0,-74.85,0,0,-74.85,0,0,-74.85,0,0,-74.85,0,0,-74.85,0,0,-74.85,0,0,-74.85,0,0],"rot":[0,0,0,1,0,0,0,1,0,0,0,1,0,0,0,1,0,0,0,1,0,0,0,1,0,0,0,1,0,0,0,1,0,0,0,1,0,0,0,1,0,0,0,1,0,0,0,1,0,0,0,1,0,0,0,1,0,0,0,1,0,0,0,1,0,0,0,1,0,0,0,1,0,0,0,1,0,0,0,1,0,0,0,1,0,0,0,1,0,0,0,1,0,0,0,1,0,0,0,1,0,0,0,1],"scl":[1,1,1,1,1,1,1,1,1,1,1,1,1,1,1,1,1,1,1,1,1,1,1,1,1,1,1,1,1,1,1,1,1,1,1,1,1,1,1,1,1,1,1,1,1,1,1,1,1,1,1,1,1,1,1,1,1,1,1,1,1,1,1,1,1,1,1,1,1,1,1,1,1,1,1,1,1,1]},
{"i":8,"pos":[0,21.5996,48.0996,0,21.5996,48.0996,0,21.5996,48.0996,0,21.5996,48.0996,0,21.5996,48.0996,0,21.5996,48.0996,0,21.5996,48.0996,0,21.5996,48.0996,0,21.5996,48.0996,0,21.5996,48.0996,0,21.5996,48.0996,0,21.5996,48.0996,0,21.5996,48.0996,0,21.5996,48.0996,0,21.5996,48.0996,0,21.5996,48.0996,0,21.5996,48.0996,0,21.5996,48.0996,0,21.5996,48.0996,0,21.5996,48.0996,0,21.5996,48.0996,0,21.5996,48.0996,0,21.5996,48.0996,0,21.5996,48.0996,0,21.5996,48.0996,0,21.5996,48.0996],"rot":[0,0,0,1,0,0,0,1,0,0,0,1,0,0,0,1,0,0,0,1,0,0,0,1,0,0,0,1,0,0,0,1,0,0,0,1,0,0,0,1,0,0,0,1,0,0,0,1,0,0,0,1,0,0,0,1,0,0,0,1,0,0,0,1,0,0,0,1,0,0,0,1,0,0,0,1,0,0,0,1,0,0,0,1,0,0,0,1,0,0,0,1,0,0,0,1,0,0,0,1,0,0,0,1],"scl":[1,1,1,1,1,1,1,1,1,1,1,1,1,1,1,1,1,1,1,1,1,1,1,1,1,1,1,1,1,1,1,1,1,1,1,1,1,1,1,1,1,1,1,1,1,1,1,1,1,1,1,1,1,1,1,1,1,1,1,1,1,1,1,1,1,1,1,1,1,1,1,1,1,1,1,1,1,1]},
{"i":9,"pos":[0,-21.5996,48.0996,0,-21.5996,48.0996,0,-21.5996,48.0996,0,-21.5996,48.0996,0,-21.5996,48.0996,0,-21.5996,48.0996,0,-21.5996,48.0996,0,-21.5996,48.0996,0,-21.5996,48.0996,0,-21.5996,48.0996,0,-21.5996,48.0996,0,-21.5996,48.0996,0,-21.5996,48.0996,0,-21.5996,48.0996,0,-21.5996,48.0996,0,-21.5996,48.0996,0,-21.5996,48.0996,0,-21.5996,48.0996,0,-21.5996,48.0996,0,-21.5996,48.0996,0,-21.5996,48.0996,0,-21.5996,48.0996,0,-21.5996,48.0996,0,-21.5996,48.0996,0,-21.5996,48.0996,0,-21.5996,48.0996],