{
"name":"pl0c01mot_g0s1_m0",
"frameCount":31,"fps":60,"rotFormat":"quat_xyzw",
"bones":[
{"i":0,"pos":[0,0,0,0,0,0,0,0,0,0,0,0,0,0,0,0,0,0,0,0,0,0,0,0,0,0,0,0,0,0,0,0,0,0,0,0,0,0,0,0,0,0,0,0,0,0,0,0,0,0,0,0,0,0,0,0,0,0,0,0,0,0,0,0,0,0,0,0,0,0,0,0,0,0,0,0,0,0,0,0,0,0,0,0,0,0,0,0,0,0,0,0,0],"rot":[0,0,0,1,0,0,0,1,0,0,0,1,0,0,0,1,0,0,0,1,0,0,0,1,0,0,0,1,0,0,0,1,0,0,0,1,0,0,0,1,0,0,0,1,0,0,0,1,0,0,0,1,0,0,0,1,0,0,0,1,0,0,0,1,0,0,0,1,0,0,0,1,0,0,0,1,0,0,0,1,0,0,0,1,0,0,0,1,0,0,0,1,0,0,0,1,0,0,0,1,0,0,0,1,0,0,0,1,0,0,0,1,0,0,0,1,0,0,0,1,0,0,0,1],"scl":[1,1,1,1,1,1,1,1,1,1,1,1,1,1,1,1,1,1,1,1,1,1,1,1,1,1,1,1,1,1,1,1,1,1,1,1,1,1,1,1,1,1,1,1,1,1,1,1,1,1,1,1,1,1,1,1,1,1,1,1,1,1,1,1,1,1,1,1,1,1,1,1,1,1,1,1,1,1,1,1,1,1,1,1,1,1,1,1,1,1,1,1,1]},
{"i":1,"pos":[0,47.0391,0.0940799,0,46.9961,0.093994,0,46.8828,0.0937981,0,46.7227,0.0935274,0,46.5391,0.0932168,0,46.3555,0.0929013,0,46.1953,0.0926159,0,46.082,0.0923958,0,46.0391,0.0922758,0,46.0945,0.092291,0,46.2373,0.0924765,0,46.4326,0.0928671,0,46.6455,0.0932928,0,46.8408,0.0936029,0,46.9837,0.0937983,0,47.0391,0.0938796,0,46.9961,0.0938477,0,46.8828,0.0937033,0,46.7227,0.0934471,0,46.5391,0.0930799,0,46.3555,0.0927128,0,46.1953,0.0924566,0,46.082,0.0923122,0,46.0391,0.0922803,0,46.0945,0.0923616,0,46.2373,0.092557,0,46.4326,0.0928671,0,46.6455,0.0932928,0,46.8408,0.0936834,0,46.9837,0.0939691,0,47.0391,0.0940799],"rot":[0.000991821,0,0,1,0.000991821,0,0,1,0.000991821,0,0,1,0.000991821,0,0,1,0.000991821,0,0,1,0.000991821,0,0,1,0.000991821,0,0,1,0.000991821,0,0,1,0.000991821,0,0,1,0.000991821,0,0,1,0.000991821,0,0,1,0.000991821,0,0,1,0.000991821,0,0,1,0.000991821,0,0,1,0.000991821,0,0,1,0.000991821,0,0,1,0.000991821,0,0,1,0.000991821,0,0,1,0.000991821,0,0,1,0.000991821,0,0,1,0.000991821,0,0,1,0.000991821,0,0,1,0.000991821,0,0,1,0.000991821,0,0,1,0.000991821,0,0,1,0.000991821,0,0,1,0.000991821,0,0,1,0.000991821,0,0,1,0.000991821,0,0,1,0.000991821,0,0,1,0.000991821,0,0,1],"scl":[1,1,1,1,1,1,1,1,1,1,1,1,1,1,1,1,1,1,1,1,1,1,1,1,1,1,1,1,1,1,1,1,1,1,1,1,1,1,1,1,1,1,1,1,1,1,1,1,1,1,1,1,1,1,1,1,1,1,1,1,1,1,1,1,1,1,1,1,1,1,1,1,1,1,1,1,1,1,1,1,1,1,1,1,1,1,1,1,1,1,1,1,1]},
{"i":2,"pos":[0,40.3096,0,0,40.3096,0,0,40.3096,0,0,40.3096,0,0,40.3096,0,0,40.3096,0,0,40.3096,0,0,40.3096,0,0,40.3096,0,0,40.3096,0,0,40.3096,0,0,40.3096,0,0,40.3096,0,0,40.3096,0,0,40.3096,0,0,40.3096,0,0,40.3096,0,0,40.3096,0,0,40.3096,0,0,40.3096,0,0,40.3096,0,0,40.3096,0,0,40.3096,0,0,40.3096,0,0,40.3096,0,0,40.3096,0,0,40.3096,0,0,40.3096,0,0,40.3096,0,0,40.3096,0,0,40.3096,0],"rot":[0,0,0,1,-0.000545415,0,0,1,-0.00109083,0,0,0.999999,-0.00163625,0,0,0.999999,-0.00218166,0,0,0.999998,-0.00163625,0,0,0.999999,-0.00109083,0,0,0.999999,-0.000545415,0,0,1,0,0,0,1,0.00072722,0,0,1,0.00145444,0,0,0.999999,0.00218166,0,0,0.999998,0.00163625,0,0,0.999999,0.00109083,0,0,0.999999,0.000545415,0,0,1,0,0,0,1,-0.000545415,0,0,1,-0.00109083,0,0,0.999999,-0.00163625,0,0,0.999999,-0.00218166,0,0,0.999998,-0.00163625,0,0,0.999999,-0.00109083,0,0,0.999999,-0.000545415,0,0,1,0,0,0,1,0.00072722,0,0,1,0.00145444,0,0,0.999999,0.00218166,0,0,0.999998,0.00163625,0,0,0.999999,0.00109083,0,0,0.999999,0.000545415,0,0,1,0,0,0,1],"scl":[1,1,1,1,1,1,1,1,1,1,1,1,1,1,1,1,1,1,1,1,1,1,1,1,1,1,1,1,1,1,1,1,1,1,1,1,1,1,1,1,1,1,1,1,1,1,1,1,1,1,1,1,1,1,1,1,1,1,1,1,1,1,1,1,1,1,1,1,1,1,1,1,1,1,1,1,1,1,1,1,1,1,1,1,1,1,1,1,1,1,1,1,1]},
{"i":3,"pos":[0,39.1895,0,0,39.1895,0,0,39.1895,0,0,39.1895,0,0,39.1895,0,0,39.1895,0,0,39.1895,0,0,39.1895,0,0,39.1895,0,0,39.1895,0,0,39.1895,0,0,39.1895,0,0,39.1895,0,0,39.1895,0,0,39.1895,0,0,39.1895,0,0,39.1895,0,0,39.1895,0,0,39.1895,0,0,39.1895,0,0,39.1895,0,0,39.1895,0,0,39.1895,0,0,39.1895,0,0,39.1895,0,0,39.1895,0,0,39.1895,0,0,39.1895,0,0,39.1895,0,0,39.1895,0,0,39.1895,0],"rot":[0,0,0,1,0,0,0,1,0,0,0,1,0,0,0,1,0,0,0,1,0,0,0,1,0,0,0,1,0,0,0,1,0,0,0,1,0,0,0,1,0,0,0,1,0,0,0,1,0,0,0,1,0,0,0,1,0,0,0,1,0,0,0,1,0,0,0,1,0,0,0,1,0,0,0,1,0,0,0,1,0,0,0,1,0,0,0,1,0,0,0,1,0,0,0,1,0,0,0,1,0,0,0,1,0,0,0,1,0,0,0,1,0,0,0,1,0,0,0,1,0,0,0,1],"scl":[1,1,1,1,1,1,1,1,1,1,1,1,1,1,1,1,1,1,1,1,1,1,1,1,1,1,1,1,1,1,1,1,1,1,1,1,1,1,1,1,1,1,1,1,1,1,1,1,1,1,1,1,1,1,1,1,1,1,1,1,1,1,1,1,1,1,1,1,1,1,1,1,1,1,1,1,1,1,1,1,1,1,1,1,1,1,1,1,1,1,1,1,1]},
{"i":4,"pos":[0,0,0,0,0,0,0,0,0,0,0,0,0,0,0,0,0,0,0,0,0,0,0,0,0,0,0,0,0,0,0,0,0,0,0,0,0,0,0,0,0,0,0,0,0,0,0,0,0,0,0,0,0,0,0,0,0,0,0,0,0,0,0,0,0,0,0,0,0,0,0,0,0,0,0,0,0,0,0,0,0,0,0,0,0,0,0,0,0,0,0,0,0],"rot":[0,0,0,1,0,0,0,1,0,0,0,1,0,0,0,1,0,0,0,1,0,0,0,1,0,0,0,1,0,0,0,1,0,0,0,1,0,0,0,1,0,0,0,1,0,0,0,1,0,0,0,1,0,0,0,1,0,0,0,1,0,0,0,1,0,0,0,1,0,0,0,1,0,0,0,1,0,0,0,1,0,0,0,1,0,0,0,1,0,0,0,1,0,0,0,1,0,0,0,1,0,0,0,1,0,0,0,1,0,0,0,1,0,0,0,1,0,0,0,1,0,0,0,1],"scl":[1,1,1,1,1,1,1,1,1,1,1,1,1,1,1,1,1,1,1,1,1,1,1,1,1,1,1,1,1,1,1,1,1,1,1,1,1,1,1,1,1,1,1,1,1,1,1,1,1,1,1,1,1,1,1,1,1,1,1,1,1,1,1,1,1,1,1,1,1,1,1,1,1,1,1,1,1,1,1,1,1,1,1,1,1,1,1,1,1,1,1,1,1]},
{"i":5,"pos":[-26.999,56.5996,0,-26.999,56.5996,0,-26.999,56.5996,0,-26.999,56.5996,0,-26.999,56.5996,0,-26.999,56.5996,0,-26.999,56.5996,0,-26.999,56.5996,0,-26.999,56.5996,0,-26.999,56.5996,0,-26.999,56.5996,0,-26.999,56.5996,0,-26.999,56.5996,0,-26.999,56.5996,0,-26.999,56.5996,0,-26.999,56.5996,0,-26.999,56.5996,0,-26.999,56.5996,0,-26.999,56.5996,0,-26.999,56.5996,0,-26.999,56.5996,0,-26.999,56.5996,0,-26.999,56.5996,0,-26.999,56.5996,0,-26.999,56.5996,0,-26.999,56.5996,0,-26.999,56.5996,0,-26.999,56.5996,0,-26.999,56.5996,0,-26.999,56.5996,0,-26.999,56.5996,0],"rot":[0,0,0,1,0,0,0,1,0,0,0,1,0,0,0,1,0,0,0,1,0,0,0,1,0,0,0,1,0,0,0,1,0,0,0,1,0,0,0,1,0,0,0,1,0,0,0,1,0,0,0,1,0,0,0,1,0,0,0,1,0,0,0,1,0,0,0,1,0,0,0,1,0,0,0,1,0,0,0,1,0,0,0,1,0,0,0,1,0,0,0,1,0,0,0,1,0,0,0,1,0,0,0,1,0,0,0,1,0,0,0,1,0,0,0,1,0,0,0,1,0,0,0,1],"scl":[1,1,1,1,1,1,1,1,1,1,1,1,1,1,1,1,1,1,1,1,1,1,1,1,1,1,1,1,1,1,1,1,1,1,1,1,1,1,1,1,1,1,1,1,1,1,1,1,1,1,1,1,1,1,1,1,1,1,1,1,1,1,1,1,1,1,1,1,1,1,1,1,1,1,1,1,1,1,1,1,1,1,1,1,1,1,1,1,1,1,1,1,1]},
{"i":6,"pos":[27,56.5996,0,27,56.5996,0,27,56.5996,0,27,56.5996,0,27,56.5996,0,27,56.5996,0,27,56.5996,0,27,56.5996,0,27,56.5996,0,27,56.5996,0,27,56.5996,0,27,56.5996,0,27,56.5996,0,27,56.5996,0,27,56.5996,0,27,56.5996,0,27,56.5996,0,27,56.5996,0,27,56.5996,0,27,56.5996,0,27,56.5996,0,27,56.5996,0,27,56.5996,0,27,56.5996,0,27,56.5996,0,27,56.5996,0,27,56.5996,0,27,56.5996,0,27,56.5996,0,27,56.5996,0,27,56.5996,0],"rot":[0,0,0,1,0,0,0,1,0,0,0,1,0,0,0,1,0,0,0,1,0,0,0,1,0,0,0,1,0,0,0,1,0,0,0,1,0,0,0,1,0,0,0,1,0,0,0,1,0,0,0,1,0,0,0,1,0,0,0,1,0,0,0,1,0,0,0,1,0,0,0,1,0,0,0,1,0,0,0,1,0,0,0,1,0,0,0,1,0,0,0,1,0,0,0,1,0,0,0,1,0,0,0,1,0,0,0,1,0,0,0,1,0,0,0,1,0,0,0,1,0,0,0,1],"scl":[1,1,1,1,1,1,1,1,1,1,1,1,1,1,1,1,1,1,1,1,1,1,1,1,1,1,1,1,1,1,1,1,1,1,1,1,1,1,1,1,1,1,1,1,1,1,1,1,1,1,1,1,1,1,1,1,1,1,1,1,1,1,1,1,1,1,1,1,1,1,1,1,1,1,1,1,1,1,1,1,1,1,1,1,1,1,1,1,1,1,1,1,1]},
{"i":7,"pos":[-74.85,0,0,-74.85,0,0,-74.85,0,0,-74.85,0,0,-74.85,0,0,-74.85,0,0,-74.85,0,0,-74.85,0,0,-74.85,0,0,-74.85,0,0,-74.85,0,0,-74.85,0,0,-74.85,0,0,-74.85,0,0,-74.85,0,0,-74.85,0,0,-74.85,0,0,-74.85,0,0,-74.85,0,0,-74.85,0,0,-74.85,0,0,-74.85,0,0,-74.85,0,0,-74.85,0,0,-74.85,0,0,-74.85,0,0,-74.85,0,0,-74.85,0,0,-74.85,0,0,-74.85,0,0,-74.85,0,0],"rot":[0,0,0,1,0,0,0,1,0,0,0,1,0,0,0,1,0,0,0,1,0,0,0,1,0,0,0,1,0,0,0,1,0,0,0,1,0,0,0,1,0,0,0,1,0,0,0,1,0,0,0,1,0,0,0,1,0,0,0,1,0,0,0,1,0,0,0,1,0,0,0,1,0,0,0,1,0,0,0,1,0,0,0,1,0,0,0,1,0,0,0,1,0,0,0,1,0,0,0,1,0,0,0,1,0,0,0,1,0,0,0,1,0,0,0,1,0,0,0,1,0,0,0,1],"scl":[1,1,1,1,1,1,1,1,1,1,1,1,1,1,1,1,1,1,1,1,1,1,1,1,1,1,1,1,1,1,1,1,1,1,1,1,1,1,1,1,1,1,1,1,1,1,1,1,1,1,1,1,1,1,1,1,1,1,1,1,1,1,1,1,1,1,1,1,1,1,1,1,1,1,1,1,1,1,1,1,1,1,1,1,1,1,1,1,1,1,1,1,1]},
{"i":8,