{
"name":"pl0c01mot_g0s6_m0",
"frameCount":19,"fps":60,"rotFormat":"quat_xyzw",
"bones":[
{"i":0,"pos":[0,0,0,0,0,0,0,0,0,0,0,0,0,0,0,0,0,0,0,0,0,0,0,0,0,0,0,0,0,0,0,0,0,0,0,0,0,0,0,0,0,0,0,0,0,0,0,0,0,0,0,0,0,0,0,0,0],"rot":[0,0,0,1,0,0,0,1,0,0,0,1,0,0,0,1,0,0,0,1,0,0,0,1,0,0,0,1,0,0,0,1,0,0,0,1,0,0,0,1,0,0,0,1,0,0,0,1,0,0,0,1,0,0,0,1,0,0,0,1,0,0,0,1,0,0,0,1,0,0,0,1,0,0,0,1],"scl":[1,1,1,1,1,1,1,1,1,1,1,1,1,1,1,1,1,1,1,1,1,1,1,1,1,1,1,1,1,1,1,1,1,1,1,1,1,1,1,1,1,1,1,1,1,1,1,1,1,1,1,1,1,1,1,1,1]},
{"i":1,"pos":[0,46.5166,0.093035,0,45.9941,0.09199,0,45.4717,0.090945,0,44.9492,0.0899,0,44.4268,0.0888551,0,43.9043,0.0878101,0,43.3818,0.0867651,0,42.8594,0.0857202,0,42.3369,0.0846752,0,42.5071,0.0850157,0,42.6774,0.0853562,0,42.8476,0.0856966,0,43.0178,0.0860371,0,43.188,0.0863776,0,43.3582,0.0867181,0,43.5284,0.0870586,0,43.6986,0.0873991,0,43.8688,0.0877395,0,44.0391,0.08808],"rot":[0.00112915,0,0,0.999999,0.00210301,0,0,0.999998,0.00317498,0,0,0.999995,0.00432639,0,0,0.999991,0.0055386,0,0,0.999985,0.00679294,0,0,0.999977,0.00807076,0,0,0.999967,0.00935341,0,0,0.999956,0.0106222,0,0,0.999944,0.0118586,0,0,0.99993,0.0130438,0,0,0.999915,0.0141592,0,0,0.9999,0.0151862,0,0,0.999885,0.0161061,0,0,0.99987,0.0169003,0,0,0.999857,0.0175501,0,0,0.999846,0.0180369,0,0,0.999837,0.018342,0,0,0.999832,0.0184468,0,0,0.99983],"scl":[1,1,1,1,1,1,1,1,1,1,1,1,1,1,1,1,1,1,1,1,1,1,1,1,1,1,1,1,1,1,1,1,1,1,1,1,1,1,1,1,1,1,1,1,1,1,1,1,1,1,1,1,1,1,1,1,1]},
{"i":2,"pos":[0,40.3096,0,0,40.3096,0,0,40.3096,0,0,40.3096,0,0,40.3096,0,0,40.3096,0,0,40.3096,0,0,40.3096,0,0,40.3096,0,0,40.3096,0,0,40.3096,0,0,40.3096,0,0,40.3096,0,0,40.3096,0,0,40.3096,0,0,40.3096,0,0,40.3096,0,0,40.3096,0,0,40.3096,0],"rot":[-0.00372314,0,0,0.999993,-0.00747592,0,0,0.999972,-0.011231,0,0,0.999937,-0.0149836,0,0,0.999888,-0.0129842,0,0,0.999916,-0.0109855,0,0,0.99994,-0.00898731,0,0,0.99996,-0.00698964,0,0,0.999976,-0.00499234,0,0,0.999988,-0.00299529,0,0,0.999996,-0.000998412,0,0,1,0.000998423,0,0,1,0.00299531,0,0,0.999996,0.00499235,0,0,0.999988,0.00698965,0,0,0.999976,0.00898732,0,0,0.99996,0.0109855,0,0,0.99994,0.0129842,0,0,0.999916,0.0149836,0,0,0.999888],"scl":[1,1,1,1,1,1,1,1,1,1,1,1,1,1,1,1,1,1,1,1,1,1,1,1,1,1,1,1,1,1,1,1,1,1,1,1,1,1,1,1,1,1,1,1,1,1,1,1,1,1,1,1,1,1,1,1,1]},
{"i":3,"pos":[0,39.1895,0,0,39.1895,0,0,39.1895,0,0,39.1895,0,0,39.1895,0,0,39.1895,0,0,39.1895,0,0,39.1895,0,0,39.1895,0,0,39.1895,0,0,39.1895,0,0,39.1895,0,0,39.1895,0,0,39.1895,0,0,39.1895,0,0,39.1895,0,0,39.1895,0,0,39.1895,0,0,39.1895,0],"rot":[0,0,0,1,0,0,0,1,0,0,0,1,0,0,0,1,0,0,0,1,0,0,0,1,0,0,0,1,0,0,0,1,0,0,0,1,0,0,0,1,0,0,0,1,0,0,0,1,0,0,0,1,0,0,0,1,0,0,0,1,0,0,0,1,0,0,0,1,0,0,0,1,0,0,0,1],"scl":[1,1,1,1,1,1,1,1,1,1,1,1,1,1,1,1,1,1,1,1,1,1,1,1,1,1,1,1,1,1,1,1,1,1,1,1,1,1,1,1,1,1,1,1,1,1,1,1,1,1,1,1,1,1,1,1,1]},
{"i":4,"pos":[0,0,0,0,0,0,0,0,0,0,0,0,0,0,0,0,0,0,0,0,0,0,0,0,0,0,0,0,0,0,0,0,0,0,0,0,0,0,0,0,0,0,0,0,0,0,0,0,0,0,0,0,0,0,0,0,0],"rot":[0,0,0,1,0,0,0,1,0,0,0,1,0,0,0,1,0,0,0,1,0,0,0,1,0,0,0,1,0,0,0,1,0,0,0,1,0,0,0,1,0,0,0,1,0,0,0,1,0,0,0,1,0,0,0,1,0,0,0,1,0,0,0,1,0,0,0,1,0,0,0,1,0,0,0,1],"scl":[1,1,1,1,1,1,1,1,1,1,1,1,1,1,1,1,1,1,1,1,1,1,1,1,1,1,1,1,1,1,1,1,1,1,1,1,1,1,1,1,1,1,1,1,1,1,1,1,1,1,1,1,1,1,1,1,1]},
{"i":5,"pos":[-26.999,56.5996,0,-26.999,56.5996,0,-26.999,56.5996,0,-26.999,56.5996,0,-26.999,56.5996,0,-26.999,56.5996,0,-26.999,56.5996,0,-26.999,56.5996,0,-26.999,56.5996,0,-26.999,56.5996,0,-26.999,56.5996,0,-26.999,56.5996,0,-26.999,56.5996,0,-26.999,56.5996,0,-26.999,56.5996,0,-26.999,56.5996,0,-26.999,56.5996,0,-26.999,56.5996,0,-26.999,56.5996,0],"rot":[0,0,0,1,0,0,0,1,0,0,0,1,0,0,0,1,0,0,0,1,0,0,0,1,0,0,0,1,0,0,0,1,0,0,0,1,0,0,0,1,0,0,0,1,0,0,0,1,0,0,0,1,0,0,0,1,0,0,0,1,0,0,0,1,0,0,0,1,0,0,0,1,0,0,0,1],"scl":[1,1,1,1,1,1,1,1,1,1,1,1,1,1,1,1,1,1,1,1,1,1,1,1,1,1,1,1,1,1,1,1,1,1,1,1,1,1,1,1,1,1,1,1,1,1,1,1,1,1,1,1,1,1,1,1,1]},
{"i":6,"pos":[27,56.5996,0,27,56.5996,0,27,56.5996,0,27,56.5996,0,27,56.5996,0,27,56.5996,0,27,56.5996,0,27,56.5996,0,27,56.5996,0,27,56.5996,0,27,56.5996,0,27,56.5996,0,27,56.5996,0,27,56.5996,0,27,56.5996,0,27,56.5996,0,27,56.5996,0,27,56.5996,0,27,56.5996,0],"rot":[0,0,0,1,0,0,0,1,0,0,0,1,0,0,0,1,0,0,0,1,0,0,0,1,0,0,0,1,0,0,0,1,0,0,0,1,0,0,0,1,0,0,0,1,0,0,0,1,0,0,0,1,0,0,0,1,0,0,0,1,0,0,0,1,0,0,0,1,0,0,0,1,0,0,0,1],"scl":[1,1,1,1,1,1,1,1,1,1,1,1,1,1,1,1,1,1,1,1,1,1,1,1,1,1,1,1,1,1,1,1,1,1,1,1,1,1,1,1,1,1,1,1,1,1,1,1,1,1,1,1,1,1,1,1,1]},
{"i":7,"pos":[-74.85,0,0,-74.85,0,0,-74.85,0,0,-74.85,0,0,-74.85,0,0,-74.85,0,0,-74.85,0,0,-74.85,0,0,-74.85,0,0,-74.85,0,0,-74.85,0,0,-74.85,0,0,-74.85,0,0,-74.85,0,0,-74.85,0,0,-74.85,0,0,-74.85,0,0,-74.85,0,0,-74.85,0,0],"rot":[0,0,0,1,0,0,0,1,0,0,0,1,0,0,0,1,0,0,0,1,0,0,0,1,0,0,0,1,0,0,0,1,0,0,0,1,0,0,0,1,0,0,0,1,0,0,0,1,0,0,0,1,0,0,0,1,0,0,0,1,0,0,0,1,0,0,0,1,0,0,0,1,0,0,0,1],"scl":[1,1,1,1,1,1,1,1,1,1,1,1,1,1,1,1,1,1,1,1,1,1,1,1,1,1,1,1,1,1,1,1,1,1,1,1,1,1,1,1,1,1,1,1,1,1,1,1,1,1,1,1,1,1,1,1,1]},
{"i":8,"pos":[0,21.5996,48.0996,0,21.5996,48.0996,0,21.5996,48.0996,0,21.5996,48.0996,0,21.5996,48.0996,0,21.5996,48.0996,0,21.5996,48.0996,0,21.5996,48.0996,0,21.5996,48.0996,0,21.5996,48.0996,0,21.5996,48.0996,0,21.5996,48.0996,0,21.5996,48.0996,0,21.5996,48.0996,0,21.5996,48.0996,0,21.5996,48.0996,0,21.5996,48.0996,0,21.5996,48.0996,0,21.5996,48.0996],"rot":[0,0,0,1,0,0,0,1,0,0,0,1,0,0,0,1,0,0,0,1,0,0,0,1,0,0,0,1,0,0,0,1,0,0,0,1,0,0,0,1,0,0,0,1,0,0,0,1,0,0,0,1,0,0,0,1,0,0,0,1,0,0,0,1,0,0,0,1,0,0,0,1,0,0,0,1],"scl":[1,1,1,1,1,1,1,1,1,1,1,1,1,1,1,1,1,1,1,1,1,1,1,1,1,1,1,1,1,1,1,1,1,1,1,1,1,1,1,1,1,1,1,1,1,1,1,1,1,1,1,1,1,1,1,1,1]},
{"i":9,"pos":[0,-21.5996,48.0996,0,-21.5996,48.0996,0,-21.5996,48.0996,0,-21.5996,48.0996,0,-21.5996,48.0996,0,-21.5996,48.0996,0,-21.5996,48.0996,0,-21.5996,48.0996,0,-21.5996,48.0996,0,-21.5996,48.0996,0,-21.5996,48.0996,0,-21.5996,48.0996,0,-21.5996,48.0996,0,-21.5996,48.0996,0,-21.5996,48.0996,0,-21.5996,48.0996,0,-21.5996,48.0996,0,-21.5996,48.0996,0,-21.5996,48.0996],"rot":[0,0,0,1,0,0,0,1,0,0,0,1,0,0,0,1,0,0,0,1,0,0,0,1,0,0,0,1,0,0,0,1,0,0,0,1,0,0,0,1,0,0,0,1,0,0,0,1,0,0,0,1,0,0,0,1,0,0,0,1,0,0,0,1,0,0,0,1,0,0,0,1,0,0,0,1],"scl":[1,1,1,1,1,1,1,1,1,1,1,1,1,1,1,1,1,1,1,1,1,1,1,1,1,1,1,1,1,1,1,1,1,1,1,1,1,1,1,1,1,1,1,1,1,1,1,1,1,1,1,1,1,1,1,1,1]},
{"i":10,"pos":[74.8496,0,0,74.8496,0,0,74.8496,0,0,74.8496,0,0,74.8496,0,0,74.8496,0,0,74.8496,0,0,74.8496,0,0,74.8496,0,0,74.8496,0,0,74.8496,0,0,74.8496,0,0,74.8496,0,0,74.8496,0,0,74.8496,0,0,74.8496,0,0,74.8496,0,0,74.8496,0,0,74.8496,0,0],"rot":[0,0,0,1,0,0,0,1,0,0,0,1,0,0,0,1,0,0,0,1,0,0,0,1,0,0,0,1,0,0,0,1,0,0,0,1,0,0,0,1,0,0,0,1,0,0,0,1,0,0,0,1,0,0,0,1,0,0,0,1,0,0,0,1,0,0,0,1,0,0,0,1,0,0,0,1],"scl":[1,1,1,1,1,1,1,1,1,1,1,1,1,1,1,1,1,1,1,1,1,1,1,1,1,1,1,1,1,1,1,1,1,1,1,1,1,1,1,1,1,1,1,1,1,1,1,1,1,1,1,1,1,1,1,1,1]},
{"i":11,"pos":[0,21.5996,48.0996,0,21.5996,48.0996,0,21.5996,48.0996,0,21.5996,48.0996,0,21.5996,48.0996,0,21.5996,48.0996,0,21.5996,48.0996,0,21.5996,48.0996,0,21.5996,48.0996,0,21.5996,48.0996,0,21.5996,48.0996,0,21.5996,48.0996,0,21.5996,48.0996,0,21.5996,48.0996,0,21.5996,48.0996,0,21.5996,48.0996,0,21.5996,48.0996,0,21.5996,48.0996,0,21.5996,48.0996],"rot":[0,0,0,1,0,0,0,1,0,0,0,1,0,0,0,1,0,0,0,1,0,0,0,1,0,0,0,1,0,0,0,1,0,0,0,1,0,0,0,1,0,0,0,1,0,0,0,1,0,0,0,1,0,0,0,1,0,0,0,1,0,0,0,1,0,0,0,1,0,0,0,1,0,0,0,1],"scl":[1,1,1,1,1,1,1,1,1,1,1,1,1,1,1,1,1,1,1,1,1,1,1,1,1,1,1,1,1,1,1,1,1,1,1,1,1,1,1,1,1,1,1,1,1,1,1,1,1,1,1,1,1,1,1,1,1]},
{"i":12,"pos":[0,-21.5996,48.0996,0,-21.5996,48.0996,0,-21.5996,48.0996,0,-21.5996,48.0996,0,-21.5996,48.0996,0,-21.5996,48.0996,0,-21.5996,48.0996,0,-21.5996,48.0996,0,-21.5996,48.0996,0,-21.5996,48.0996,0,-21.5996,48.0996,0,-21.5996,48.0996,0,-21.5996,48.0996,0,-21.5996,48.0996,0,-21.5996,48.0996,0,-21.5996,48.0996,0,-21.5996,48.0996,0,-21.5996,48.0996,0,-21.5996,48.0996],"rot":[0,0,0,1,0,0,0,1,0,0,0,1,0,0,0,1,0,0,0,1,0,0,0,1,0,0,0,1,0,0,0,1,0,0,0,1,0,0,0,1,0,0,0,1,0,0,0,1,0,0,0,1,0,0,0,1,0,0,0,1,0,0,0,1,0,0,0,1,0,0,0,1,0,0,0,1],