{
"name":"pl0c01mot_g0s9_m0",
"frameCount":39,"fps":60,"rotFormat":"quat_xyzw",
"bones":[
{"i":0,"pos":[0,0,0,0,0,0,0,0,0,0,0,0,0,0,0,0,0,0,0,0,0,0,0,0,0,0,0,0,0,0,0,0,0,0,0,0,0,0,0,0,0,0,0,0,0,0,0,0,0,0,0,0,0,0,0,0,0,0,0,0,0,0,0,0,0,0,0,0,0,0,0,0,0,0,0,0,0,0,0,0,0,0,0,0,0,0,0,0,0,0,0,0,0,0,0,0,0,0,0,0,0,0,0,0,0,0,0,0,0,0,0,0,0,0,0,0,0],"rot":[0,0,0,1,0,0,0,1,0,0,0,1,0,0,0,1,0,0,0,1,0,0,0,1,0,0,0,1,0,0,0,1,0,0,0,1,0,0,0,1,0,0,0,1,0,0,0,1,0,0,0,1,0,0,0,1,0,0,0,1,0,0,0,1,0,0,0,1,0,0,0,1,0,0,0,1,0,0,0,1,0,0,0,1,0,0,0,1,0,0,0,1,0,0,0,1,0,0,0,1,0,0,0,1,0,0,0,1,0,0,0,1,0,0,0,1,0,0,0,1,0,0,0,1,0,0,0,1,0,0,0,1,0,0,0,1,0,0,0,1,0,0,0,1,0,0,0,1,0,0,0,1,0,0,0,1],"scl":[1,1,1,1,1,1,1,1,1,1,1,1,1,1,1,1,1,1,1,1,1,1,1,1,1,1,1,1,1,1,1,1,1,1,1,1,1,1,1,1,1,1,1,1,1,1,1,1,1,1,1,1,1,1,1,1,1,1,1,1,1,1,1,1,1,1,1,1,1,1,1,1,1,1,1,1,1,1,1,1,1,1,1,1,1,1,1,1,1,1,1,1,1,1,1,1,1,1,1,1,1,1,1,1,1,1,1,1,1,1,1,1,1,1,1,1,1]},
{"i":1,"pos":[0,46.2383,0.0924773,0,45.5881,0.0911769,0,44.9379,0.0898766,0,44.2876,0.0885762,0,43.6373,0.0872759,0,42.9871,0.0859755,0,42.3369,0.0846752,0,42.4182,0.0848377,0,42.4995,0.0848373,0,42.5809,0.0849183,0,42.6621,0.0853251,0,43.1504,0.0863018,0,43.6387,0.0872785,0,44.127,0.0882973,0,44.6152,0.0893282,0,45.1035,0.090341,0,45.5918,0.0913057,0,46.0801,0.092192,0,46.5684,0.0929699,0,46.8037,0.0936093,0,47.039,0.0940799,0,46.9365,0.0938749,0,46.8341,0.0936789,0,46.7318,0.0934923,0,46.6295,0.0933155,0,46.5272,0.0931489,0,46.4248,0.0929928,0,46.3698,0.0928476,0,46.3147,0.0927137,0,46.2595,0.0925915,0,46.2044,0.0924814,0,46.1492,0.0923837,0,46.0941,0.0922988,0,46.0391,0.0922271,0,46.0391,0.092169,0,46.0391,0.0921249,0,46.0391,0.0920951,0,46.0391,0.09208,0,46.0391,0.09208],"rot":[0.0184316,0,0,0.99983,0.0172758,0,0,0.999851,0.0156119,0,0,0.999878,0.0135275,0,0,0.999909,0.0111101,0,0,0.999938,0.00844761,0,0,0.999964,0.0056275,0,0,0.999984,0.00273749,0,0,0.999996,-0.000134736,0,0,1,-0.00290148,0,0,0.999996,-0.00547508,0,0,0.999985,-0.00776784,0,0,0.99997,-0.00969213,0,0,0.999953,-0.0111603,0,0,0.999938,-0.0120847,0,0,0.999927,-0.0124679,0,0,0.999922,-0.0124106,0,0,0.999923,-0.0119723,0,0,0.999928,-0.0112126,0,0,0.999937,-0.0101909,0,0,0.999948,-0.00896665,0,0,0.99996,-0.00759943,0,0,0.999971,-0.00614871,0,0,0.999981,-0.00467401,0,0,0.999989,-0.00323482,0,0,0.999995,-0.00189066,0,0,0.999998,-0.00070104,0,0,1,0.000274535,0,0,1,0.000976562,0,0,1,0.00141835,0,0,0.999999,0.00167469,0,0,0.999999,0.00177832,0,0,0.999998,0.00176196,0,0,0.999998,0.00165833,0,0,0.999999,0.00150016,0,0,0.999999,0.00132017,0,0,0.999999,0.00115109,0,0,0.999999,0.00102565,0,0,0.999999,0.000976562,0,0,1],"scl":[1,1,1,1,1,1,1,1,1,1,1,1,1,1,1,1,1,1,1,1,1,1,1,1,1,1,1,1,1,1,1,1,1,1,1,1,1,1,1,1,1,1,1,1,1,1,1,1,1,1,1,1,1,1,1,1,1,1,1,1,1,1,1,1,1,1,1,1,1,1,1,1,1,1,1,1,1,1,1,1,1,1,1,1,1,1,1,1,1,1,1,1,1,1,1,1,1,1,1,1,1,1,1,1,1,1,1,1,1,1,1,1,1,1,1,1,1]},
{"i":2,"pos":[0,40.3096,0,0,40.3096,0,0,40.3096,0,0,40.3096,0,0,40.3096,0,0,40.3096,0,0,40.3096,0,0,40.3096,0,0,40.3096,0,0,40.3096,0,0,40.3096,0,0,40.3096,0,0,40.3096,0,0,40.3096,0,0,40.3096,0,0,40.3096,0,0,40.3096,0,0,40.3096,0,0,40.3096,0,0,40.3096,0,0,40.3096,0,0,40.3096,0,0,40.3096,0,0,40.3096,0,0,40.3096,0,0,40.3096,0,0,40.3096,0,0,40.3096,0,0,40.3096,0,0,40.3096,0,0,40.3096,0,0,40.3096,0,0,40.3096,0,0,40.3096,0,0,40.3096,0,0,40.3096,0,0,40.3096,0,0,40.3096,0,0,40.3096,0],"rot":[0.003479,0,0,0.999994,0.0427681,0,0,0.999085,0.0479598,0,0,0.998849,0.0531366,0,0,0.998587,0.0583267,0,0,0.998298,0.0635152,0,0,0.997981,0.0523138,0,0,0.998631,0.0411134,0,0,0.999155,0.0298903,0,0,0.999553,0.0186576,0,0,0.999826,0.00742839,0,0,0.999972,-0.00378417,0,0,0.999993,-0.0102118,0,0,0.999948,-0.0166618,0,0,0.999861,-0.0231112,0,0,0.999733,-0.0295367,0,0,0.999564,-0.0270968,0,0,0.999633,-0.0246576,0,0,0.999696,-0.0222191,0,0,0.999753,-0.019781,0,0,0.999804,-0.0173432,0,0,0.99985,-0.0149055,0,0,0.999889,-0.0124679,0,0,0.999922,-0.01003,0,0,0.99995,-0.00759192,0,0,0.999971,-0.00515332,0,0,0.999987,-0.00271411,0,0,0.999996,-0.000274144,0,0,1,0.00216675,0,0,0.999998,0.00284765,0,0,0.999996,0.00354174,0,0,0.999994,0.00424022,0,0,0.999991,0.00493431,0,0,0.999988,0.00561521,0,0,0.999984,0.00450389,0,0,0.99999,0.00337499,0,0,0.999994,0.00224023,0,0,0.999997,0.00111133,0,0,0.999999,0,0,0,1],"scl":[1,1,1,1,1,1,1,1,1,1,1,1,1,1,1,1,1,1,1,1,1,1,1,1,1,1,1,1,1,1,1,1,1,1,1,1,1,1,1,1,1,1,1,1,1,1,1,1,1,1,1,1,1,1,1,1,1,1,1,1,1,1,1,1,1,1,1,1,1,1,1,1,1,1,1,1,1,1,1,1,1,1,1,1,1,1,1,1,1,1,1,1,1,1,1,1,1,1,1,1,1,1,1,1,1,1,1,1,1,1,1,1,1,1,1,1,1]},
{"i":3,"pos":[0,39.1895,0,0,39.1895,0,0,39.1895,0,0,39.1895,0,0,39.1895,0,0,39.1895,0,0,39.1895,0,0,39.1895,0,0,39.1895,0,0,39.1895,0,0,39.1895,0,0,39.1895,0,0,39.1895,0,0,39.1895,0,0,39.1895,0,0,39.1895,0,0,39.1895,0,0,39.1895,0,0,39.1895,0,0,39.1895,0,0,39.1895,0,0,39.1895,0,0,39.1895,0,0,39.1895,0,0,39.1895,0,0,39.1895,0,0,39.1895,0,0,39.1895,0,0,39.1895,0,0,39.1895,0,0,39.1895,0,0,39.1895,0,0,39.1895,0,0,39.1895,0,0,39.1895,0,0,39.1895,0,0,39.1895,0,0,39.1895,0,0,39.1895,0],"rot":[0,0,0,1,0,0,0,1,0,0,0,1,0,0,0,1,0,0,0,1,0,0,0,1,0,0,0,1,0,0,0,1,0,0,0,1,0,0,0,1,0,0,0,1,0,0,0,1,0,0,0,1,0,0,0,1,0,0,0,1,0,0,0,1,0,0,0,1,0,0,0,1,0,0,0,1,0,0,0,1,0,0,0,1,0,0,0,1,0,0,0,1,0,0,0,1,0,0,0,1,0,0,0,1,0,0,0,1,0,0,0,1,0,0,0,1,0,0,0,1,0,0,0,1,0,0,0,1,0,0,0,1,0,0,0,1,0,0,0,1,0,0,0,1,0,0,0,1,0,0,0,1,0,0,0,1],"scl":[1,1,1,1,1,1,1,1,1,1,1,1,1,1,1,1,1,1,1,1,1,1,1,1,1,1,1,1,1,1,1,1,1,1,1,1,1,1,1,1,1,1,1,1,1,1,1,1,1,1,1,1,1,1,1,1,1,1,1,1,1,1,1,1,1,1,1,1,1,1,1,1,1,1,1,1,1,1,1,1,1,1,1,1,1,1,1,1,1,1,1,1,1,1,1,1,1,1,1,1,1,1,1,1,1,1,1,1,1,1,1,1,1,1,1,1,1]},
{"i":4,"pos":[0,0,0,0,0,0,0,0,0,0,0,0,0,0,0,0,0,0,0,0,0,0,0,0,0,0,0,0,0,0,0,0,0,0,0,0,0,0,0,0,0,0,0,0,0,0,0,0,0,0,0,0,0,0,0,0,0,0,0,0,0,0,0,0,0,0,0,0,0,0,0,0,0,0,0,0,0,0,0,0,0,0,0,0,0,0,0,0,0,0,0,0,0,0,0,0,0,0,0,0,0,0,0,0,0,0,0,0,0,0,0,0,0,0,0,0,0],"rot":[0,0,0,1,0,0,0,1,0,0,0,1,0,0,0,1,0,0,0,1,0,0,0,1,0,0,0,1,0,0,0,1,0,0,0,1,0,0,0,1,0,0,0,1,0,0,0,1,0,0,0,1,0,0,0,1,0,0,0,1,0,0,0,1,0,0,0,1,0,0,0,1,0,0,0,1,0,0,0,1,0,0,0,1,0,0,0,1,0,0,0,1,0,0,0,1,0,0,0,1,0,0,0,1,0,0,0,1,0,0,0,1,0,0,0,1,0,0,0,1,0,0,0,1,0,0,0,1,0,0,0,1,0,0,0,1,0,0,0,1,0,0,0,1,0,0,0,1,0,0,0,1,0,0,0,1],"scl":[1,1,1,1,1,1,1,1,1,1,1,1,1,1,1,1,1,1,1,1,1,1,1,1,1,1,1,1,1,1,1,1,1,1,1,1,1,1,1,1,1,1,1,1,1,1,1,1,1,1,1,1,1,1,1,1,1,1,1,1,1,1,1,1,1,1,1,1,1,1,1,1,1,1,1,1,1,1,1,1,1,1,1,1,1,1,1,1,1,1,1,1,1,1,1,1,1,1,1,1,1,1,1,1,1,1,1,1,1,1,1,1,1,1,1,1,1]},
{"i":5,"pos":[-26.999,56.5996,0,-26.999,56.5996,0,-26.999,56.5996,0,-26.999,56.5996,0,-26.999,56.5996,0,-26.999,56.5996,0,-26.999,56.5996,0,-26.999,56.5996,0,-26.999,56.5996,0,-26.999,56.5996,0,-26.999,56.5996,0,-26.999,56.5996,0,-26.999,56.5996,0,-26.999,56.5996,0,-26.999,56.5996,0,-26.999,56.5996,0,-26.999,56.5996,0,-26.999,56.5996,0,-26.999,56.5996,0,-26.999,56.5996,0,-26.999,56.5996,0,-26.999,56.5996,0,-26.999,56.5996,0,-26.999,56.5996,0,-26.999,56.5996,0,-26.999,56.5996,0,-26.999,56.5996,0,-26.999,56.5996,0,-26.999,56.5996,0,-26.999,56.5996,0,-26.999,56.5996,0,-26.999,56.5996,0,-26.999,56.5996,0,-26.999,56.5996,0,-26.999,56.5996,0,-26.999,56.5996,0,-26.999,56.5996,0,-26.999,56.5996,0,-26.999,56.5996,0],"rot":[0,0,0,1,0,0,0,1,0,0,0,1,0,0,0,1,0,0,0,1,0,0,0,1,0,0,0,1,0,0,0,1,0,0,0,1,0,0,0,1,0,0,0,1,0,0,0,1,0,0,0,1,0,0,0,1,0,0,0,1,0,0,0,1,0,0,0,1,0,0,0,1,0,0,0,1,0,0,0,1,0,0,0,1,0,0,0,1,0,0,0,1,0,0,0,1,0,0,0,1,0,0,0,1,0,0,0,1,0,0,0,1,0,0,0,1,0,0,0,1,0,0,0,1,0,0,0,1,0,0,0,1,0,0,0,1,0,0,0,1,0,0,0,1,0,0,0,1,0,0,0,1,0,0,0,1],"scl":[1,1,1,1,1,1,1,1,1,1,1,1,1,1,1,1,1,1,1,1,1,1,1,1,1,1,1,1,1,1,1,1,1,1,1,1,1,1,1,1,1,1,1,1,1,1,1,1,1,1,1,1,1,1,1,1,1,1,1,1,1,1,1,1,1,1,1,1,1,1,1,1,1,1,1,1,1,1,1,1,1,1,1,1,1,1,1,1,1,1,1,1,1,1,1,1,1,1,1,1,1,1,1,1,1,1,1,1,1,1,1,1,1,1,1,1,1]},
{"i":6,