{
"name":"pl0c01mot_g7s0_m0",
"frameCount":37,"fps":60,"rotFormat":"quat_xyzw",
"bones":[
{"i":0,"pos":[0,0,0,0,0,0,0,0,0,0,0,0,0,0,0,0,0,0,0,0,0,0,0,0,0,0,0,0,0,0,0,0,0,0,0,0,0,0,0,0,0,0,0,0,0,0,0,0,0,0,0,0,0,0,0,0,0,0,0,0,0,0,0,0,0,0,0,0,0,0,0,0,0,0,0,0,0,0,0,0,0,0,0,0,0,0,0,0,0,0,0,0,0,0,0,0,0,0,0,0,0,0,0,0,0,0,0,0,0,0,0],"rot":[0,0,0,1,0,0,0,1,0,0,0,1,0,0,0,1,0,0,0,1,0,0,0,1,0,0,0,1,0,0,0,1,0,0,0,1,0,0,0,1,0,0,0,1,0,0,0,1,0,0,0,1,0,0,0,1,0,0,0,1,0,0,0,1,0,0,0,1,0,0,0,1,0,0,0,1,0,0,0,1,0,0,0,1,0,0,0,1,0,0,0,1,0,0,0,1,0,0,0,1,0,0,0,1,0,0,0,1,0,0,0,1,0,0,0,1,0,0,0,1,0,0,0,1,0,0,0,1,0,0,0,1,0,0,0,1,0,0,0,1,0,0,0,1,0,0,0,1],"scl":[1,1,1,1,1,1,1,1,1,1,1,1,1,1,1,1,1,1,1,1,1,1,1,1,1,1,1,1,1,1,1,1,1,1,1,1,1,1,1,1,1,1,1,1,1,1,1,1,1,1,1,1,1,1,1,1,1,1,1,1,1,1,1,1,1,1,1,1,1,1,1,1,1,1,1,1,1,1,1,1,1,1,1,1,1,1,1,1,1,1,1,1,1,1,1,1,1,1,1,1,1,1,1,1,1,1,1,1,1,1,1]},
{"i":1,"pos":[0,46.5391,0.0898438,0,51.6132,0.875723,0,56.1837,15.7857,0,60.7539,30.6953,0,65.3242,45.6057,0,75.7091,52.6176,0,86.0938,59.6289,0,98.4116,62.0815,0,110.73,64.5344,0,123.05,62.1289,0,135.371,59.7235,0,145.801,52.7427,0,156.23,45.7617,0,163.254,35.3725,0,170.279,24.9823,0,172.708,12.6641,0,175.137,0.347803,0,172.747,-11.9663,0,170.358,-24.2812,0,163.461,-34.7584,0,156.564,-45.2357,0,146.071,-52.1992,0,135.578,-59.163,0,123.306,-61.6208,0,110.987,-64.0781,0,98.6203,-61.6901,0,86.207,-59.3014,0,75.835,-52.3594,0,65.4628,-45.4173,0,58.5234,-34.9076,0,51.5843,-24.3984,0,49.0618,-12.1516,0,46.5391,0.124512,0,48.9329,12.4301,0,51.3265,24.7656,0,58.3242,35.1855,0,65.3242,45.6055],"rot":[0.000976562,0,0,1,-0.0621141,0,0,0.998069,-0.17109,0,0,0.985255,-0.278026,0,0,0.960574,-0.381632,0,0,0.924314,-0.470384,0,0,0.882462,-0.554607,0,0,0.832112,-0.633477,0,0,0.773762,-0.706253,0,0,0.707959,-0.772235,0,0,0.635337,-0.830785,0,0,0.556594,0.881338,0,-0,-0.472487,0.923405,0,-0,-0.383827,0.956581,0,-0,-0.291466,0.980545,0,-0,-0.196295,0.995064,0,-0,-0.0992303,0.999999,0,-0,-0.00120719,0.995301,0,0,0.0968296,0.981014,0,0,0.193936,0.957276,0,0,0.289175,0.924316,0,0,0.381628,0.88245,0,0,0.470406,0.832083,0,0,0.554652,0.7737,0,0,0.633553,0.707862,0,0,0.70635,0.635207,0,0,0.772342,0.556434,0,0,0.830892,0.472303,0,0,0.881436,0.383624,0,0,0.923489,0.291253,0,0,0.956646,0.196079,0,0,0.980588,0.0990216,0,0,0.995085,0.0010151,0,0,0.999999,-0.0969962,0,0,0.995285,-0.194069,0,0,0.980988,-0.289269,0,0,0.957248,-0.381677,0,0,0.924296],"scl":[1,1,1,1,1,1,1,1,1,1,1,1,1,1,1,1,1,1,1,1,1,1,1,1,1,1,1,1,1,1,1,1,1,1,1,1,1,1,1,1,1,1,1,1,1,1,1,1,1,1,1,1,1,1,1,1,1,1,1,1,1,1,1,1,1,1,1,1,1,1,1,1,1,1,1,1,1,1,1,1,1,1,1,1,1,1,1,1,1,1,1,1,1,1,1,1,1,1,1,1,1,1,1,1,1,1,1,1,1,1,1]},
{"i":2,"pos":[0,40.3096,0,0,40.3096,0,0,40.3096,0,0,40.3096,0,0,40.3096,0,0,40.3096,0,0,40.3096,0,0,40.3096,0,0,40.3096,0,0,40.3096,0,0,40.3096,0,0,40.3096,0,0,40.3096,0,0,40.3096,0,0,40.3096,0,0,40.3096,0,0,40.3096,0,0,40.3096,0,0,40.3096,0,0,40.3096,0,0,40.3096,0,0,40.3096,0,0,40.3096,0,0,40.3096,0,0,40.3096,0,0,40.3096,0,0,40.3096,0,0,40.3096,0,0,40.3096,0,0,40.3096,0,0,40.3096,0,0,40.3096,0,0,40.3096,0,0,40.3096,0,0,40.3096,0,0,40.3096,0,0,40.3096,0],"rot":[0,0,0,1,-0.104794,0,0,0.994494,-0.0699231,0,0,0.997552,-0.034966,0,0,0.999389,1.35601E-05,0,0,1,6.78003E-06,0,0,1,0,0,0,1,0,0,0,1,0,0,0,1,0,0,0,1,0,0,0,1,0,0,0,1,0,0,0,1,0,0,0,1,0,0,0,1,0,0,0,1,0,0,0,1,0,0,0,1,0,0,0,1,0,0,0,1,0,0,0,1,0,0,0,1,0,0,0,1,0,0,0,1,0,0,0,1,0,0,0,1,0,0,0,1,0,0,0,1,0,0,0,1,0,0,0,1,0,0,0,1,0,0,0,1,0,0,0,1,0,0,0,1,0,0,0,1,0,0,0,1,0,0,0,1],"scl":[1,1,1,1,1,1,1,1,1,1,1,1,1,1,1,1,1,1,1,1,1,1,1,1,1,1,1,1,1,1,1,1,1,1,1,1,1,1,1,1,1,1,1,1,1,1,1,1,1,1,1,1,1,1,1,1,1,1,1,1,1,1,1,1,1,1,1,1,1,1,1,1,1,1,1,1,1,1,1,1,1,1,1,1,1,1,1,1,1,1,1,1,1,1,1,1,1,1,1,1,1,1,1,1,1,1,1,1,1,1,1]},
{"i":3,"pos":[0,39.1895,0,0,39.1895,0,0,39.1895,0,0,39.1895,0,0,39.1895,0,0,39.1895,0,0,39.1895,0,0,39.1895,0,0,39.1895,0,0,39.1895,0,0,39.1895,0,0,39.1895,0,0,39.1895,0,0,39.1895,0,0,39.1895,0,0,39.1895,0,0,39.1895,0,0,39.1895,0,0,39.1895,0,0,39.1895,0,0,39.1895,0,0,39.1895,0,0,39.1895,0,0,39.1895,0,0,39.1895,0,0,39.1895,0,0,39.1895,0,0,39.1895,0,0,39.1895,0,0,39.1895,0,0,39.1895,0,0,39.1895,0,0,39.1895,0,0,39.1895,0,0,39.1895,0,0,39.1895,0,0,39.1895,0],"rot":[0,0,0,1,0,0,0,1,0,0,0,1,0,0,0,1,0,0,0,1,0,0,0,1,0,0,0,1,0,0,0,1,0,0,0,1,0,0,0,1,0,0,0,1,0,0,0,1,0,0,0,1,0,0,0,1,0,0,0,1,0,0,0,1,0,0,0,1,0,0,0,1,0,0,0,1,0,0,0,1,0,0,0,1,0,0,0,1,0,0,0,1,0,0,0,1,0,0,0,1,0,0,0,1,0,0,0,1,0,0,0,1,0,0,0,1,0,0,0,1,0,0,0,1,0,0,0,1,0,0,0,1,0,0,0,1,0,0,0,1,0,0,0,1,0,0,0,1],"scl":[1,1,1,1,1,1,1,1,1,1,1,1,1,1,1,1,1,1,1,1,1,1,1,1,1,1,1,1,1,1,1,1,1,1,1,1,1,1,1,1,1,1,1,1,1,1,1,1,1,1,1,1,1,1,1,1,1,1,1,1,1,1,1,1,1,1,1,1,1,1,1,1,1,1,1,1,1,1,1,1,1,1,1,1,1,1,1,1,1,1,1,1,1,1,1,1,1,1,1,1,1,1,1,1,1,1,1,1,1,1,1]},
{"i":4,"pos":[0,0,0,0,0,0,0,0,0,0,0,0,0,0,0,0,0,0,0,0,0,0,0,0,0,0,0,0,0,0,0,0,0,0,0,0,0,0,0,0,0,0,0,0,0,0,0,0,0,0,0,0,0,0,0,0,0,0,0,0,0,0,0,0,0,0,0,0,0,0,0,0,0,0,0,0,0,0,0,0,0,0,0,0,0,0,0,0,0,0,0,0,0,0,0,0,0,0,0,0,0,0,0,0,0,0,0,0,0,0,0],"rot":[0,0,0,1,0,0,0,1,0,0,0,1,0,0,0,1,0,0,0,1,0,0,0,1,0,0,0,1,0,0,0,1,0,0,0,1,0,0,0,1,0,0,0,1,0,0,0,1,0,0,0,1,0,0,0,1,0,0,0,1,0,0,0,1,0,0,0,1,0,0,0,1,0,0,0,1,0,0,0,1,0,0,0,1,0,0,0,1,0,0,0,1,0,0,0,1,0,0,0,1,0,0,0,1,0,0,0,1,0,0,0,1,0,0,0,1,0,0,0,1,0,0,0,1,0,0,0,1,0,0,0,1,0,0,0,1,0,0,0,1,0,0,0,1,0,0,0,1],"scl":[1,1,1,1,1,1,1,1,1,1,1,1,1,1,1,1,1,1,1,1,1,1,1,1,1,1,1,1,1,1,1,1,1,1,1,1,1,1,1,1,1,1,1,1,1,1,1,1,1,1,1,1,1,1,1,1,1,1,1,1,1,1,1,1,1,1,1,1,1,1,1,1,1,1,1,1,1,1,1,1,1,1,1,1,1,1,1,1,1,1,1,1,1,1,1,1,1,1,1,1,1,1,1,1,1,1,1,1,1,1,1]},
{"i":5,"pos":[-26.999,56.5996,0,-26.999,56.5996,0,-26.999,56.5996,0,-26.999,56.5996,0,-26.999,56.5996,0,-26.999,56.5996,0,-26.999,56.5996,0,-26.999,56.5996,0,-26.999,56.5996,0,-26.999,56.5996,0,-26.999,56.5996,0,-26.999,56.5996,0,-26.999,56.5996,0,-26.999,56.5996,0,-26.999,56.5996,0,-26.999,56.5996,0,-26.999,56.5996,0,-26.999,56.5996,0,-26.999,56.5996,0,-26.999,56.5996,0,-26.999,56.5996,0,-26.999,56.5996,0,-26.999,56.5996,0,-26.999,56.5996,0,-26.999,56.5996,0,-26.999,56.5996,0,-26.999,56.5996,0,-26.999,56.5996,0,-26.999,56.5996,0,-26.999,56.5996,0,-26.999,56.5996,0,-26.999,56.5996,0,-26.999,56.5996,0,-26.999,56.5996,0,-26.999,56.5996,0,-26.999,56.5996,0,-26.999,56.5996,0],"rot":[0,0,0,1,0,0,0,1,0,0,0,1,0,0,0,1,0,0,0,1,0,0,0,1,0,0,0,1,0,0,0,1,0,0,0,1,0,0,0,1,0,0,0,1,0,0,0,1,0,0,0,1,0,0,0,1,0,0,0,1,0,0,0,1,0,0,0,1,0,0,0,1,0,0,0,1,0,0,0,1,0,0,0,1,0,0,0,1,0,0,0,1,0,0,0,1,0,0,0,1,0,0,0,1,0,0,0,1,0,0,0,1,0,0,0,1,0,0,0,1,0,0,0,1,0,0,0,1,0,0,0,1,0,0,0,1,0,0,0,1,0,0,0,1,0,0,0,1],"scl":[1,1,1,1,1,1,1,1,1,1,1,1,1,1,1,1,1,1,1,1,1,1,1,1,1,1,1,1,1,1,1,1,1,1,1,1,1,1,1,1,1,1,1,1,1,1,1,1,1,1,1,1,1,1,1,1,1,1,1,1,1,1,1,1,1,1,1,1,1,1,1,1,1,1,1,1,1,1,1,1,1,1,1,1,1,1,1,1,1,1,1,1,1,1,1,1,1,1,1,1,1,1,1,1,1,1,1,1,1,1,1]},
{"i":6,"pos":[27,56.5996,0,27,56.5996,0,27,56.5996,0,27,56.5996,0,27,56.5996,0,27,56.5996,0,27,56.5996,0,27,56.5996,0,27,56.5996,0,27,56.5996,0,27,56.5996,0,27,56.5996,0,27,56.5996,0,27,56.5996,0,27,56.5996,0,27,56.5996,0,27,56.5996,0,27,56.5996,0,27,56.5996,0,27,56.5996,0,27,56.5996,0,27,56.5996,0,27,56.5996,0,27,56.5996,0,27,56.5996,0,27,56.5996,0,27,56.5996,0,27,56.5996,0,27,56.5996,0,27,56.5996,0,27,56.5996,0,27,56.5996,0,27,56.5996,0,27,56.5996,0,27,56.5996,0,27,56.5996,0,27,56.5996,0],"rot":[0,0,0,1,0,0,0,1,0,0,0,1,0,0,0,1,0,0,0,1,0,0,0,1,0,0,0,1,0,0,0,1,0,0,0,1,0,0,0,1,0,0,0,1,0,0,0,1,0,0,0,1,0,0,0,1,0,0,0,1,0,0,0,1,0,0,0,1,0,0,0,1,0,0,0,1,0,0,0,1,0,0,0,1,0,0,0,1,0,0,0,1,0,0,0,1,0,0,0,1,0,0,0,1,0,0,0,1,0,0,0,1,0,0,0,1,0,0,0,1,0,0,0,1,0,0,0,1,0,0,0,1,0,0,0,1,0,0,0,1,0,0,0,1,0,0,0,1],"scl":[1,1,1,1,1,1,1,1,1,1,1,1,1,1,1,1,1,1,1,1,1,1,1,1,1,1,1,1,1,1,1,1,1,1,1,1,1,1,1,1,1,1,1,1,1,1,1,1,1,1,1,1,1,1,1,1,1,1,1,1,1,1,1,1,1,1,1,1,1,1,1,1,1,1,1,1,1,1,1,1,1,1,1,1,1,1,1,1,1,1,1,1,1,1,1,1,1,1,1,1,1,1,1,1,1,1,1,1,1,1,1]},
{"i":7,