{
"name":"pl0206mot_g0s6_m0",
"frameCount":13,"fps":60,"rotFormat":"quat_xyzw",
"bones":[
{"i":0,"pos":[0,-2.86102E-06,0,0,-2.86102E-06,0,0,-2.86102E-06,0,0,-2.86102E-06,0,0,-2.86102E-06,0,0,-2.86102E-06,0,0,-2.86102E-06,0,0,-2.86102E-06,0,0,-2.86102E-06,0,0,-2.86102E-06,0,0,-2.86102E-06,0,0,-2.86102E-06,0,0,-2.86102E-06,0],"rot":[0,0,0,1,0,0,0,1,0,0,0,1,0,0,0,1,0,0,0,1,0,0,0,1,0,0,0,1,0,0,0,1,0,0,0,1,0,0,0,1,0,0,0,1,0,0,0,1,0,0,0,1],"scl":[1,1,1,1,1,1,1,1,1,1,1,1,1,1,1,1,1,1,1,1,1,1,1,1,1,1,1,1,1,1,1,1,1,1,1,1,1,1,1]},
{"i":1,"pos":[2.46741,79.4512,-3.59863,4.44256,71.099,-3.88762,6.41779,62.7464,-4.17667,6.50598,61.9609,-3.86768,6.59412,61.1758,-3.55865,6.68225,60.3906,-3.24946,6.77039,59.6055,-2.94043,6.51984,61.068,-2.22056,6.26926,62.5309,-1.50063,5.28564,68.623,0.543945,4.30203,74.7154,2.58851,3.31841,80.8081,4.63325,2.00806,88.8027,6.53442],"rot":[0,0,0,1,0,0,0,1,0,0,0,1,0,0,0,1,0,0,0,1,0,0,0,1,0,0,0,1,0,0,0,1,0,0,0,1,0,0,0,1,0,0,0,1,0,0,0,1,0,0,0,1],"scl":[1,1,1,1,1,1,1,1,1,1,1,1,1,1,1,1,1,1,1,1,1,1,1,1,1,1,1,1,1,1,1,1,1,1,1,1,1,1,1]},
{"i":2,"pos":[0,0,-3.41061E-13,0,0,-3.41061E-13,0,0,-3.41061E-13,0,0,-3.41061E-13,0,0,-3.41061E-13,0,0,-3.41061E-13,0,0,-3.41061E-13,0,0,-3.41061E-13,0,0,-3.41061E-13,0,0,-3.41061E-13,0,0,-3.41061E-13,0,0,-3.41061E-13,0,0,-3.41061E-13],"rot":[0.06055,-0.300884,0.0221719,0.951478,0.101306,-0.328211,0.0404834,0.938283,0.141061,-0.35418,0.0610781,0.922457,0.144449,-0.353011,0.0636572,0.922207,0.147821,-0.35182,0.0662244,0.921947,0.151196,-0.350609,0.0687872,0.921673,0.15456,-0.349391,0.0713429,0.921383,0.150332,-0.350542,0.0690715,0.921819,0.146093,-0.351694,0.0667916,0.92223,0.112624,-0.361869,0.0568099,0.923655,0.0792805,-0.371739,0.0461477,0.923794,0.0461025,-0.381278,0.034811,0.922654,0.0314877,-0.390929,0.0271561,0.919481],"scl":[1,1,1,1,1,1,1,1,1,1,1,1,1,1,1,1,1,1,1,1,1,1,1,1,1,1,1,1,1,1,1,1,1,1,1,1,1,1,1]},
{"i":3,"pos":[0,10.8819,-1.75353E-06,0,10.8819,-1.75353E-06,0,10.8819,-1.75353E-06,0,10.8819,-1.75353E-06,0,10.8819,-1.75353E-06,0,10.8819,-1.75353E-06,0,10.8819,-1.75353E-06,0,10.8819,-1.75353E-06,0,10.8819,-1.75353E-06,0,10.8819,-1.75353E-06,0,10.8819,-1.75353E-06,0,10.8819,-1.75353E-06,0,10.8819,-1.75353E-06],"rot":[0.00860604,0.0390582,-0.00128787,0.999199,0.0145696,0.0360073,-0.00212292,0.999243,0.0205308,0.0329491,-0.00292189,0.999242,0.021361,0.0339971,-0.00288829,0.999189,0.0221884,0.0350435,-0.0028563,0.999135,0.0230141,0.0360898,-0.00282576,0.99908,0.0238409,0.0371363,-0.00279651,0.999022,0.022425,0.0388975,-0.00269831,0.998988,0.02101,0.0406571,-0.00259412,0.998949,0.0158451,0.0431194,-0.00154245,0.998943,0.0106766,0.0455732,-0.000465777,0.998904,0.005506,0.0480164,0.000635795,0.998831,0.00343952,0.0535499,0.000456847,0.998559],"scl":[1,1,1,1,1,1,1,1,1,1,1,1,1,1,1,1,1,1,1,1,1,1,1,1,1,1,1,1,1,1,1,1,1,1,1,1,1,1,1]},
{"i":4,"pos":[-16.609,17.3549,-4.48525E-06,-16.609,17.3549,-4.48525E-06,-16.609,17.3549,-4.48525E-06,-16.609,17.3549,-4.48525E-06,-16.609,17.3549,-4.48525E-06,-16.609,17.3549,-4.48525E-06,-16.609,17.3549,-4.48525E-06,-16.609,17.3549,-4.48525E-06,-16.609,17.3549,-4.48525E-06,-16.609,17.3549,-4.48525E-06,-16.609,17.3549,-4.48525E-06,-16.609,17.3549,-4.48525E-06,-16.609,17.3549,-4.48525E-06],"rot":[0.00977762,0.018256,0.187476,0.982051,0.00971805,0.0199591,0.180531,0.983319,0.00968367,0.0216612,0.17356,0.984537,0.0100078,0.0228984,0.180017,0.983346,0.0103155,0.0241433,0.186468,0.98211,0.0106071,0.0253928,0.192915,0.98083,0.0108826,0.0266474,0.199345,0.979507,0.0107365,0.0257165,0.197044,0.979999,0.0105863,0.0247869,0.194724,0.980488,0.00965016,0.0299651,0.161344,0.986396,0.00907856,0.0352283,0.127794,0.991133,0.00887645,0.040558,0.0941007,0.994697,0.00816705,0.0461587,0.0658962,0.996725],"scl":[1,1,1,1,1,1,1,1,1,1,1,1,1,1,1,1,1,1,1,1,1,1,1,1,1,1,1,1,1,1,1,1,1,1,1,1,1,1,1]},
{"i":5,"pos":[-12.012,1.62712E-05,-3.7883E-06,-12.012,1.62712E-05,-3.7883E-06,-12.012,1.62712E-05,-3.7883E-06,-12.012,1.62712E-05,-3.7883E-06,-12.012,1.62712E-05,-3.7883E-06,-12.012,1.62712E-05,-3.7883E-06,-12.012,1.62712E-05,-3.7883E-06,-12.012,1.62712E-05,-3.7883E-06,-12.012,1.62712E-05,-3.7883E-06,-12.012,1.62712E-05,-3.7883E-06,-12.012,1.62712E-05,-3.7883E-06,-12.012,1.62712E-05,-3.7883E-06,-12.012,1.62712E-05,-3.7883E-06],"rot":[0.0415054,-0.0602994,0.318213,0.945189,0.0657162,-0.0219683,0.303758,0.950226,0.085726,0.0207585,0.287772,0.953628,0.0878714,0.022078,0.277797,0.956358,0.0892916,0.0244037,0.267799,0.959018,0.0900821,0.0276623,0.257794,0.961594,0.0902727,0.0317499,0.247803,0.964073,0.0917754,0.0282372,0.239133,0.966227,0.0926849,0.0257482,0.230443,0.968319,0.0898431,-0.0603452,0.189008,0.975993,0.0759728,-0.126319,0.145298,0.978346,0.054244,-0.180175,0.0980401,0.977232,0.0285958,-0.148896,0.0490156,0.987223],"scl":[1,1,1,1,1,1,1,1,1,1,1,1,1,1,1,1,1,1,1,1,1,1,1,1,1,1,1,1,1,1,1,1,1,1,1,1,1,1,1]},
{"i":6,"pos":[-27.238,1.60502E-05,3.10043E-06,-27.238,1.60502E-05,3.10043E-06,-27.238,1.60502E-05,3.10043E-06,-27.238,1.60502E-05,3.10043E-06,-27.238,1.60502E-05,3.10043E-06,-27.238,1.60502E-05,3.10043E-06,-27.238,1.60502E-05,3.10043E-06,-27.238,1.60502E-05,3.10043E-06,-27.238,1.60502E-05,3.10043E-06,-27.238,1.60502E-05,3.10043E-06,-27.238,1.60502E-05,3.10043E-06,-27.238,1.60502E-05,3.10043E-06,-27.238,1.60502E-05,3.10043E-06],"rot":[0,0.28037,0,0.959892,0,0.280653,0,0.959809,0,0.269279,0,0.963062,0,0.283269,0,0.959041,0,0.294845,0,0.955545,0,0.304293,0,0.952578,0,0.311791,0,0.950151,0,0.331405,0,0.943489,0,0.348837,0,0.937183,0,0.484639,0,0.874714,0,0.57332,0,0.819331,0,0.634963,0,0.772543,0,0.627172,0,0.77888],"scl":[1,1,1,1,1,1,1,1,1,1,1,1,1,1,1,1,1,1,1,1,1,1,1,1,1,1,1,1,1,1,1,1,1,1,1,1,1,1,1]},
{"i":7,"pos":[-27.4595,-2.81566E-05,6.73273E-06,-27.4595,-2.81566E-05,6.73273E-06,-27.4595,-2.81566E-05,6.73273E-06,-27.4595,-2.81566E-05,6.73273E-06,-27.4595,-2.81566E-05,6.73273E-06,-27.4595,-2.81566E-05,6.73273E-06,-27.4595,-2.81566E-05,6.73273E-06,-27.4595,-2.81566E-05,6.73273E-06,-27.4595,-2.81566E-05,6.73273E-06,-27.4595,-2.81566E-05,6.73273E-06,-27.4595,-2.81566E-05,6.73273E-06,-27.4595,-2.81566E-05,6.73273E-06,-27.4595,-2.81566E-05,6.73273E-06],"rot":[-0.0109783,-0.16663,-0.155999,0.973539,-0.0827112,-0.0400645,-0.244329,0.965328,-0.1332,0.0960396,-0.308434,0.936965,-0.149853,0.0999317,-0.327649,0.927472,-0.166345,0.104575,-0.346635,0.91719,-0.182639,0.10997,-0.365382,0.906116,-0.198685,0.116115,-0.383842,0.894263,-0.199122,0.100271,-0.377418,0.898806,-0.199201,0.0843752,-0.370718,0.903199,-0.189831,0.000281937,-0.274205,0.942749,-0.16337,-0.0802141,-0.16915,0.96864,-0.120878,-0.153891,-0.0578548,0.978958,-0.0420851,-0.153968,-0.0218721,0.986937],"scl":[1,1,1,1,1,1,1,1,1,1,1,1,1,1,1,1,1,1,1,1,1,1,1,1,1,1,1,1,1,1,1,1,1,1,1,1,1,1,1]},
{"i":8,"pos":[16.609,17.3549,-9.20466E-07,16.609,17.3549,-9.20466E-07,16.609,17.3549,-9.20466E-07,16.609,17.3549,-9.20466E-07,16.609,17.3549,-9.20466E-07,16.609,17.3549,-9.20466E-07,16.609,17.3549,-9.20466E-07,16.609,17.3549,-9.20466E-07,16.609,17.3549,-9.20466E-07,16.609,17.3549,-9.20466E-07,16.609,17.3549,-9.20466E-07,16.609,17.3549,-9.20466E-07,16.609,17.3549,-9.20466E-07],"rot":[-4.4399E-09,-3.57626E-18,-1.52944E-10,1,-4.4399E-09,-3.57626E-18,-1.52944E-10,1,-4.4399E-09,-3.57626E-18,-1.52944E-10,1,-4.4399E-09,-3.57626E-18,-1.52944E-10,1,-4.4399E-09,-3.57626E-18,-1.52944E-10,1,-4.4399E-09,-3.57626E-18,-1.52944E-10,1,-4.4399E-09,-3.57626E-18,-1.52944E-10,1,-4.4399E-09,-3.57626E-18,-1.52944E-10,1,-4.4399E-09,-3.57626E-18,-1.52944E-10,1,-4.4399E-09,-3.57626E-18,-1.52944E-10,1,-4.4399E-09,-3.57626E-18,-1.52944E-10,1,-4.4399E-09,-3.57626E-18,-1.52944E-10,1,-4.4399E-09,-3.57626E-18,-1.52944E-10,1],"scl":[1,1,1,1,1,1,1,1,1,1,1,1,1,1,1,1,1,1,1,1,1,1,1,1,1,1,1,1,1,1,1,1,1,1,1,1,1,1,1]},
{"i":9,