{
"name":"pl0004mot_g4s0_m0",
"frameCount":16,"fps":60,"rotFormat":"quat_xyzw",
"bones":[
{"i":0,"pos":[0,0,0,0,0,0,0,0,0,0,0,0,0,0,0,0,0,0,0,0,0,0,0,0,0,0,0,0,0,0,0,0,0,0,0,0,0,0,0,0,0,0,0,0,0,0,0,0],"rot":[0,0,0,1,0,0,0,1,0,0,0,1,0,0,0,1,0,0,0,1,0,0,0,1,0,0,0,1,0,0,0,1,0,0,0,1,0,0,0,1,0,0,0,1,0,0,0,1,0,0,0,1,0,0,0,1,0,0,0,1,0,0,0,1],"scl":[1,1,1,1,1,1,1,1,1,1,1,1,1,1,1,1,1,1,1,1,1,1,1,1,1,1,1,1,1,1,1,1,1,1,1,1,1,1,1,1,1,1,1,1,1,1,1,1]},
{"i":1,"pos":[0,86.7188,14.1848,0,83.6467,14.1848,0,83.3924,14.1848,0,85.0703,14.1848,0,86.9219,14.1848,0,88.7113,14.1848,0,89.3418,14.1848,0,87.5119,14.1848,0,84.7642,14.1848,0,83.1289,14.1848,0,84.2246,14.1848,0,86.0583,14.1848,0,87.8945,14.1848,0,89.3095,14.1848,0,88.7079,14.1848,0,86.7188,14.1848],"rot":[0,0,0,1,0,0,0,1,0,0,0,1,0,0,0,1,0,0,0,1,0,0,0,1,0,0,0,1,0,0,0,1,0,0,0,1,0,0,0,1,0,0,0,1,0,0,0,1,0,0,0,1,0,0,0,1,0,0,0,1,0,0,0,1],"scl":[1,1,1,1,1,1,1,1,1,1,1,1,1,1,1,1,1,1,1,1,1,1,1,1,1,1,1,1,1,1,1,1,1,1,1,1,1,1,1,1,1,1,1,1,1,1,1,1]},
{"i":2,"pos":[0,0,0,0,0,0,0,0,0,0,0,0,0,0,0,0,0,0,0,0,0,0,0,0,0,0,0,0,0,0,0,0,0,0,0,0,0,0,0,0,0,0,0,0,0,0,0,0],"rot":[0.537387,0.00419842,0.00658841,0.8433,0.539786,0.00421717,0.00657643,0.841766,0.545049,0.00425828,0.00654988,0.838368,0.550286,0.0042992,0.0065231,0.83494,0.552651,0.00431768,0.00651088,0.833376,0.551827,0.00431123,0.00651515,0.833922,0.551747,0.00431061,0.00651556,0.833975,0.552126,0.00431357,0.0065136,0.833724,0.553097,0.00432116,0.00650857,0.83308,0.554792,0.0043344,0.00649976,0.831952,0.557343,0.00435433,0.00648643,0.830246,0.555583,0.00434058,0.00649564,0.831425,0.550693,0.00430238,0.006521,0.834671,0.544674,0.00425535,0.00655178,0.838611,0.539553,0.00421534,0.0065776,0.841916,0.537387,0.00419842,0.00658841,0.8433],"scl":[1,1,1,1,1,1,1,1,1,1,1,1,1,1,1,1,1,1,1,1,1,1,1,1,1,1,1,1,1,1,1,1,1,1,1,1,1,1,1,1,1,1,1,1,1,1,1,1]},
{"i":3,"pos":[0,13.6182,0,0,13.6182,0,0,13.6182,0,0,13.6182,0,0,13.6182,0,0,13.6182,0,0,13.6182,0,0,13.6182,0,0,13.6182,0,0,13.6182,0,0,13.6182,0,0,13.6182,0,0,13.6182,0,0,13.6182,0,0,13.6182,0,0,13.6182,0],"rot":[0.331656,-5.45783E-05,-0.000155249,0.9434,0.331652,-0.00397869,0.00112129,0.943393,0.331621,-0.0126116,0.00392963,0.94332,0.331559,-0.0212437,0.00673782,0.943171,0.331555,-0.0216826,0.00688052,0.943161,0.331604,-0.0154979,0.00486838,0.943279,0.331637,-0.00931467,0.00285684,0.943357,0.331654,-0.00313678,0.000847196,0.943396,0.331654,0.0034816,-0.00130054,0.943394,0.331634,0.0105436,-0.00359358,0.943342,0.331594,0.0176039,-0.00588149,0.94324,0.331533,0.0246578,-0.00816875,0.943086,0.331588,0.0184608,-0.00619027,0.943223,0.331633,0.0109058,-0.00375552,0.943338,0.331654,0.00336833,-0.00128482,0.943394,0.331656,-5.45783E-05,-0.000155249,0.9434],"scl":[1,1,1,1,1,1,1,1,1,1,1,1,1,1,1,1,1,1,1,1,1,1,1,1,1,1,1,1,1,1,1,1,1,1,1,1,1,1,1,1,1,1,1,1,1,1,1,1]},
{"i":4,"pos":[-13.192,12.8125,-2.5902E-06,-13.192,12.8125,-2.5902E-06,-13.192,12.8125,-2.5902E-06,-13.192,12.8125,-2.5902E-06,-13.192,12.8125,-2.5902E-06,-13.192,12.8125,-2.5902E-06,-13.192,12.8125,-2.5902E-06,-13.192,12.8125,-2.5902E-06,-13.192,12.8125,-2.5902E-06,-13.192,12.8125,-2.5902E-06,-13.192,12.8125,-2.5902E-06,-13.192,12.8125,-2.5902E-06,-13.192,12.8125,-2.5902E-06,-13.192,12.8125,-2.5902E-06,-13.192,12.8125,-2.5902E-06,-13.192,12.8125,-2.5902E-06],"rot":[0,0,0,1,0,0,0,1,0,0,0,1,0,0,0,1,0,0,0,1,0,0,0,1,0,0,0,1,0,0,0,1,0,0,0,1,0,0,0,1,0,0,0,1,0,0,0,1,0,0,0,1,0,0,0,1,0,0,0,1,0,0,0,1],"scl":[1,1,1,1,1,1,1,1,1,1,1,1,1,1,1,1,1,1,1,1,1,1,1,1,1,1,1,1,1,1,1,1,1,1,1,1,1,1,1,1,1,1,1,1,1,1,1,1]},
{"i":5,"pos":[-7.468,1.52588E-05,1.58307E-07,-7.468,1.52588E-05,1.58307E-07,-7.468,1.52588E-05,1.58307E-07,-7.468,1.52588E-05,1.58307E-07,-7.468,1.52588E-05,1.58307E-07,-7.468,1.52588E-05,1.58307E-07,-7.468,1.52588E-05,1.58307E-07,-7.468,1.52588E-05,1.58307E-07,-7.468,1.52588E-05,1.58307E-07,-7.468,1.52588E-05,1.58307E-07,-7.468,1.52588E-05,1.58307E-07,-7.468,1.52588E-05,1.58307E-07,-7.468,1.52588E-05,1.58307E-07,-7.468,1.52588E-05,1.58307E-07,-7.468,1.52588E-05,1.58307E-07,-7.468,1.52588E-05,1.58307E-07],"rot":[-0.493221,0.42632,-0.549245,0.522794,-0.493221,0.42632,-0.549245,0.522794,-0.493221,0.42632,-0.549245,0.522794,-0.493221,0.42632,-0.549245,0.522794,-0.493221,0.42632,-0.549245,0.522794,-0.493221,0.42632,-0.549245,0.522794,-0.493221,0.42632,-0.549245,0.522794,-0.493221,0.42632,-0.549245,0.522794,-0.493221,0.42632,-0.549245,0.522794,-0.493221,0.42632,-0.549245,0.522794,-0.493221,0.42632,-0.549245,0.522794,-0.493221,0.42632,-0.549245,0.522794,-0.493221,0.42632,-0.549245,0.522794,-0.493221,0.42632,-0.549245,0.522794,-0.493221,0.42632,-0.549245,0.522794,-0.493221,0.42632,-0.549245,0.522794],"scl":[1,1,1,1,1,1,1,1,1,1,1,1,1,1,1,1,1,1,1,1,1,1,1,1,1,1,1,1,1,1,1,1,1,1,1,1,1,1,1,1,1,1,1,1,1,1,1,1]},
{"i":6,"pos":[-21.1783,0,-6.54836E-08,-21.1783,0,-6.54836E-08,-21.1783,0,-6.54836E-08,-21.1783,0,-6.54836E-08,-21.1783,0,-6.54836E-08,-21.1783,0,-6.54836E-08,-21.1783,0,-6.54836E-08,-21.1783,0,-6.54836E-08,-21.1783,0,-6.54836E-08,-21.1783,0,-6.54836E-08,-21.1783,0,-6.54836E-08,-21.1783,0,-6.54836E-08,-21.1783,0,-6.54836E-08,-21.1783,0,-6.54836E-08,-21.1783,0,-6.54836E-08,-21.1783,0,-6.54836E-08],"rot":[0,0.163327,0,0.986572,0,0.163327,0,0.986572,0,0.163327,0,0.986572,0,0.163327,0,0.986572,0,0.163327,0,0.986572,0,0.163327,0,0.986572,0,0.163327,0,0.986572,0,0.163327,0,0.986572,0,0.163327,0,0.986572,0,0.163327,0,0.986572,0,0.163327,0,0.986572,0,0.163327,0,0.986572,0,0.163327,0,0.986572,0,0.163327,0,0.986572,0,0.163327,0,0.986572,0,0.163327,0,0.986572],"scl":[1,1,1,1,1,1,1,1,1,1,1,1,1,1,1,1,1,1,1,1,1,1,1,1,1,1,1,1,1,1,1,1,1,1,1,1,1,1,1,1,1,1,1,1,1,1,1,1]},
{"i":7,"pos":[-27.1784,-3.05176E-05,-1.09625E-06,-27.1784,-3.05176E-05,-1.09625E-06,-27.1784,-3.05176E-05,-1.09625E-06,-27.1784,-3.05176E-05,-1.09625E-06,-27.1784,-3.05176E-05,-1.09625E-06,-27.1784,-3.05176E-05,-1.09625E-06,-27.1784,-3.05176E-05,-1.09625E-06,-27.1784,-3.05176E-05,-1.09625E-06,-27.1784,-3.05176E-05,-1.09625E-06,-27.1784,-3.05176E-05,-1.09625E-06,-27.1784,-3.05176E-05,-1.09625E-06,-27.1784,-3.05176E-05,-1.09625E-06,-27.1784,-3.05176E-05,-1.09625E-06,-27.1784,-3.05176E-05,-1.09625E-06,-27.1784,-3.05176E-05,-1.09625E-06,-27.1784,-3.05176E-05,-1.09625E-06],"rot":[0,0,0,1,0,0,0,1,0,0,0,1,0,0,0,1,0,0,0,1,0,0,0,1,0,0,0,1,0,0,0,1,0,0,0,1,0,0,0,1,0,0,0,1,0,0,0,1,0,0,0,1,0,0,0,1,0,0,0,1,0,0,0,1],"scl":[1,1,1,1,1,1,1,1,1,1,1,1,1,1,1,1,1,1,1,1,1,1,1,1,1,1,1,1,1,1,1,1,1,1,1,1,1,1,1,1,1,1,1,1,1,1,1,1]},
{"i":8,"pos":[-5.16086,-0.000778198,-14.9639,-5.16086,-0.000778198,-14.9639,-5.16086,-0.000778198,-14.9639,-5.16086,-0.000778198,-14.9639,-5.16086,-0.000778198,-14.9639,-5.16086,-0.000778198,-14.9639,-5.16086,-0.000778198,-14.9639,-5.16086,-0.000778198,-14.9639,-5.16086,-0.000778198,-14.9639,-5.16086,-0.000778198,-14.9639,-5.16086,-0.000778198,-14.9639,-5.16086,-0.000778198,-14.9639,-5.16086,-0.000778198,-14.9639,-5.16086,-0.000778198,-14.9639,-5.16086,-0.000778198,-14.9639,-5.16086,-0.000778198,-14.9639],"rot":[0,0,0,1,0,0,0,1,0,0,0,1,0,0,0,1,0,0,0,1,0,0,0,1,0,0,0,1,0,0,0,1,0,0,0,1,0,0,0,1,0,0,0,1,0,0,0,1,0,0,0,1,0,0,0,1,0,0,0,1,0,0,0,1],"scl":[1,1,1,1,1,1,1,1,1,1,1,1,1,1,1,1,1,1,1,1,1,1,1,1,1,1,1,1,1,1,1,1,1,1,1,1,1,1,1,1,1,1,1,1,1,1,1,1]},
{"i":9,"pos":[13.192,12.8125,2.51267E-06,13.192,12.8125,2.51267E-06,13.192,12.8125,2.51267E-06,13.192,12.8125,2.51267E-06,13.192,12.8125,2.51267E-06,13.192,12.8125,2.51267E-06,13.192,12.8125,2.51267E-06,13.192,12.8125,2.51267E-06,13.192,12.8125,2.51267E-06,13.192,12.8125,2.51267E-06,13.192,12.8125,2.51267E-06,13.192,12.8125,2.51267E-06,13.192,12.8125,2.51267E-06,13.192,12.8125,2.51267E-06,13.192,12.8125,2.51267E-06,13.192,12.8125,2.51267E-06],"rot":[0,0,0,1,0,0,0,1,0,0,0,1,0,0,0,1,0,0,0,1,0,0,0,1,0,0,0,1,0,0,0,1,0,0,0,1,0,0,0,1,0,0,0,1,0,0,0,1,0,0,0,1,0,0,0,1,0,0,0,1,0,0,0,1],"scl":[1,1,1,1,1,1,1,1,1,1,1,1,1,1,1,1,1,1,1,1,1,1,1,1,1,1,1,1,1,1,1,1,1,1,1,1,1,1,1,1,1,1,1,1,1,1,1,1]},
{"i":10,