{
"name":"pl0702mot_g4s0_m0",
"frameCount":15,"fps":60,"rotFormat":"quat_xyzw",
"bones":[
{"i":0,"pos":[0,0,0,0,0,0,0,0,0,0,0,0,0,0,0,0,0,0,0,0,0,0,0,0,0,0,0,0,0,0,0,0,0,0,0,0,0,0,0,0,0,0,0,0,0],"rot":[0,0,0,1,0,0,0,1,0,0,0,1,0,0,0,1,0,0,0,1,0,0,0,1,0,0,0,1,0,0,0,1,0,0,0,1,0,0,0,1,0,0,0,1,0,0,0,1,0,0,0,1,0,0,0,1,0,0,0,1],"scl":[1,1,1,1,1,1,1,1,1,1,1,1,1,1,1,1,1,1,1,1,1,1,1,1,1,1,1,1,1,1,1,1,1,1,1,1,1,1,1,1,1,1,1,1,1]},
{"i":1,"pos":[0,96.9336,0,0,96.1866,0,0,95.0388,0,0,93.5696,0,0,91.8585,0,0,89.9849,0,0,88.0284,0,0,86.0684,0,0,84.1844,0,0,82.4557,0,0,80.9621,0,0,79.7828,0,0,78.9973,0,0,78.6851,0,0,78.9258,0],"rot":[0,0,0,1,0,0,0,1,0,0,0,1,0,0,0,1,0,0,0,1,0,0,0,1,0,0,0,1,0,0,0,1,0,0,0,1,0,0,0,1,0,0,0,1,0,0,0,1,0,0,0,1,0,0,0,1,0,0,0,1],"scl":[1,1,1,1,1,1,1,1,1,1,1,1,1,1,1,1,1,1,1,1,1,1,1,1,1,1,1,1,1,1,1,1,1,1,1,1,1,1,1,1,1,1,1,1,1]},
{"i":2,"pos":[0,0,-3.41061E-13,0,0,-3.41061E-13,0,0,-3.41061E-13,0,0,-3.41061E-13,0,0,-3.41061E-13,0,0,-3.41061E-13,0,0,-3.41061E-13,0,0,-3.41061E-13,0,0,-3.41061E-13,0,0,-3.41061E-13,0,0,-3.41061E-13,0,0,-3.41061E-13,0,0,-3.41061E-13,0,0,-3.41061E-13,0,0,-3.41061E-13],"rot":[0.0058018,-0.0547426,0.0071869,0.998458,0.0076676,-0.0866315,0.00730315,0.996184,0.0109162,-0.137363,0.00774928,0.99043,0.0155781,-0.204643,0.00890581,0.978672,0.0215725,-0.285748,0.0113023,0.957995,0.0286551,-0.377403,0.0155901,0.925474,0.0363693,-0.475736,0.0224892,0.878548,0.044013,-0.576339,0.0327075,0.815369,0.0506328,-0.674444,0.0468408,0.735097,0.0550584,-0.765197,0.0652634,0.638108,0.0559775,-0.844013,0.088031,0.526079,-0.0520494,0.906951,-0.114814,-0.401931,-0.0420433,0.951071,-0.144882,-0.269639,-0.0249825,0.97471,-0.177153,-0.133915,-0.000269212,0.977637,-0.210302,0.00018733],"scl":[1,1,1,1,1,1,1,1,1,1,1,1,1,1,1,1,1,1,1,1,1,1,1,1,1,1,1,1,1,1,1,1,1,1,1,1,1,1,1,1,1,1,1,1,1]},
{"i":3,"pos":[0,10.8819,-1.75353E-06,0,10.8819,-1.75353E-06,0,10.8819,-1.75353E-06,0,10.8819,-1.75353E-06,0,10.8819,-1.75353E-06,0,10.8819,-1.75353E-06,0,10.8819,-1.75353E-06,0,10.8819,-1.75353E-06,0,10.8819,-1.75353E-06,0,10.8819,-1.75353E-06,0,10.8819,-1.75353E-06,0,10.8819,-1.75353E-06,0,10.8819,-1.75353E-06,0,10.8819,-1.75353E-06,0,10.8819,-1.75353E-06],"rot":[0.0646019,-0.0380481,-0.0268686,0.996823,0.0705077,-0.0374945,-0.0261486,0.996463,0.0795971,-0.0366036,-0.0250377,0.99584,0.0912508,-0.0353977,-0.0236138,0.994918,0.104848,-0.0338997,-0.0219556,0.993668,0.119768,-0.032136,-0.0201394,0.992077,0.13539,-0.0301385,-0.0182371,0.990166,0.1511,-0.0279456,-0.0163139,0.987989,0.166286,-0.025603,-0.0144265,0.98564,0.180343,-0.023163,-0.0126224,0.98325,0.192676,-0.0206838,-0.0109393,0.980983,0.202694,-0.0182288,-0.00940548,0.979027,0.209812,-0.0158646,-0.00804136,0.97758,0.213445,-0.0136602,-0.00686116,0.976835,0.213005,-0.0116846,-0.00587604,0.976964],"scl":[1,1,1,1,1,1,1,1,1,1,1,1,1,1,1,1,1,1,1,1,1,1,1,1,1,1,1,1,1,1,1,1,1,1,1,1,1,1,1,1,1,1,1,1,1]},
{"i":4,"pos":[-10.809,17.3549,2.14236E-07,-10.809,17.3549,2.14236E-07,-10.809,17.3549,2.14236E-07,-10.809,17.3549,2.14236E-07,-10.809,17.3549,2.14236E-07,-10.809,17.3549,2.14236E-07,-10.809,17.3549,2.14236E-07,-10.809,17.3549,2.14236E-07,-10.809,17.3549,2.14236E-07,-10.809,17.3549,2.14236E-07,-10.809,17.3549,2.14236E-07,-10.809,17.3549,2.14236E-07,-10.809,17.3549,2.14236E-07,-10.809,17.3549,2.14236E-07,-10.809,17.3549,2.14236E-07],"rot":[-0.0405601,-0.254163,0.150249,0.954558,-0.0407086,-0.249432,0.148062,0.95614,-0.0408706,-0.241974,0.144568,0.958582,-0.0409505,-0.232135,0.139868,0.961703,-0.0408461,-0.220265,0.134063,0.96532,-0.040461,-0.206719,0.127259,0.969245,-0.0397152,-0.191857,0.119575,0.973301,-0.0385529,-0.176046,0.111151,0.977326,-0.0369493,-0.15966,0.102151,0.981177,-0.0349141,-0.143074,0.0927611,0.984737,-0.0324932,-0.126664,0.0831955,0.987916,-0.0297683,-0.110806,0.0736898,0.990659,-0.0268541,-0.0958663,0.0644998,0.992939,-0.0238939,-0.0822087,0.0558977,0.994759,-0.0210531,-0.0701868,0.0481664,0.996148],"scl":[1,1,1,1,1,1,1,1,1,1,1,1,1,1,1,1,1,1,1,1,1,1,1,1,1,1,1,1,1,1,1,1,1,1,1,1,1,1,1,1,1,1,1,1,1]},
{"i":5,"pos":[-8.83191,1.61669E-05,5.5122E-08,-8.83191,1.61669E-05,5.5122E-08,-8.83191,1.61669E-05,5.5122E-08,-8.83191,1.61669E-05,5.5122E-08,-8.83191,1.61669E-05,5.5122E-08,-8.83191,1.61669E-05,5.5122E-08,-8.83191,1.61669E-05,5.5122E-08,-8.83191,1.61669E-05,5.5122E-08,-8.83191,1.61669E-05,5.5122E-08,-8.83191,1.61669E-05,5.5122E-08,-8.83191,1.61669E-05,5.5122E-08,-8.83191,1.61669E-05,5.5122E-08,-8.83191,1.61669E-05,5.5122E-08,-8.83191,1.61669E-05,5.5122E-08,-8.83191,1.61669E-05,5.5122E-08],"rot":[0.207515,0.140577,0.192304,0.948786,0.209343,0.123073,0.181878,0.952863,0.209163,0.108771,0.168019,0.957178,0.206145,0.102742,0.151854,0.961191,0.200466,0.107255,0.133545,0.964612,0.192606,0.123442,0.112719,0.966933,0.183747,0.150764,0.0884964,0.967303,0.175251,0.188573,0.0599936,0.964432,0.168912,0.234413,0.0262325,0.956991,0.166614,0.28521,-0.0135148,0.943776,0.169688,0.337076,-0.0580514,0.924238,0.178863,0.386158,-0.105908,0.898707,0.193039,0.42936,-0.153098,0.868877,0.20911,0.46458,-0.194547,0.838206,0.221814,0.489727,-0.225228,0.81255],"scl":[1,1,1,1,1,1,1,1,1,1,1,1,1,1,1,1,1,1,1,1,1,1,1,1,1,1,1,1,1,1,1,1,1,1,1,1,1,1,1,1,1,1,1,1,1]},
{"i":6,"pos":[-23.4384,1.75694E-05,-1.33578E-06,-23.4384,1.75694E-05,-1.33578E-06,-23.4384,1.75694E-05,-1.33578E-06,-23.4384,1.75694E-05,-1.33578E-06,-23.4384,1.75694E-05,-1.33578E-06,-23.4384,1.75694E-05,-1.33578E-06,-23.4384,1.75694E-05,-1.33578E-06,-23.4384,1.75694E-05,-1.33578E-06,-23.4384,1.75694E-05,-1.33578E-06,-23.4384,1.75694E-05,-1.33578E-06,-23.4384,1.75694E-05,-1.33578E-06,-23.4384,1.75694E-05,-1.33578E-06,-23.4384,1.75694E-05,-1.33578E-06,-23.4384,1.75694E-05,-1.33578E-06,-23.4384,1.75694E-05,-1.33578E-06],"rot":[0,0.186613,0,0.982433,0,0.246793,0,0.969068,0,0.313772,0,0.949498,0,0.376247,0,0.926519,0,0.429278,0,0.903172,0,0.470173,0,0.882574,0,0.497832,0,0.867274,0,0.51113,0,0.859503,0,0.509949,0,0.860205,0,0.494392,0,0.869239,0,0.465784,0,0.884899,0,0.425279,0,0.905062,0,0.375918,0,0.926653,0,0.322874,0,0.946442,0,0.275739,0,0.961233],"scl":[1,1,1,1,1,1,1,1,1,1,1,1,1,1,1,1,1,1,1,1,1,1,1,1,1,1,1,1,1,1,1,1,1,1,1,1,1,1,1,1,1,1,1,1,1]},
{"i":7,"pos":[-23.4396,-2.84953E-05,2.17351E-06,-23.4396,-2.84953E-05,2.17351E-06,-23.4396,-2.84953E-05,2.17351E-06,-23.4396,-2.84953E-05,2.17351E-06,-23.4396,-2.84953E-05,2.17351E-06,-23.4396,-2.84953E-05,2.17351E-06,-23.4396,-2.84953E-05,2.17351E-06,-23.4396,-2.84953E-05,2.17351E-06,-23.4396,-2.84953E-05,2.17351E-06,-23.4396,-2.84953E-05,2.17351E-06,-23.4396,-2.84953E-05,2.17351E-06,-23.4396,-2.84953E-05,2.17351E-06,-23.4396,-2.84953E-05,2.17351E-06,-23.4396,-2.84953E-05,2.17351E-06,-23.4396,-2.84953E-05,2.17351E-06],"rot":[-0.367565,-0.334459,0.137164,0.856866,-0.387315,-0.322741,0.122921,0.854819,-0.417226,-0.303585,0.101596,0.850551,-0.454549,-0.27711,0.0754152,0.843153,-0.496442,-0.24362,0.0467281,0.831872,-0.540133,-0.203834,0.0178864,0.816326,-0.583109,-0.158997,-0.00891467,0.796633,-0.623303,-0.110901,-0.0318036,0.773423,-0.659239,-0.0617839,-0.0493774,0.747763,-0.690105,-0.0141842,-0.0607891,0.721013,-0.715736,0.0292503,-0.0657582,0.694652,-0.736505,0.0659279,-0.0644993,0.670115,-0.753114,0.0934326,-0.0575791,0.648671,-0.766339,0.109574,-0.0457216,0.631369,-0.776711,0.112381,-0.0295801,0.619044],"scl":[1,1,1,1,1,1,1,1,1,1,1,1,1,1,1,1,1,1,1,1,1,1,1,1,1,1,1,1,1,1,1,1,1,1,1,1,1,1,1,1,1,1,1,1,1]},
{"i":8,"pos":[10.809,17.3549,7.63856E-06,10.809,17.3549,7.63856E-06,10.809,17.3549,7.63856E-06,10.809,17.3549,7.63856E-06,10.809,17.3549,7.63856E-06,10.809,17.3549,7.63856E-06,10.809,17.3549,7.63856E-06,10.809,17.3549,7.63856E-06,10.809,17.3549,7.63856E-06,10.809,17.3549,7.63856E-06,10.809,17.3549,7.63856E-06,10.809,17.3549,7.63856E-06,10.809,17.3549,7.63856E-06,10.809,17.3549,7.63856E-06,10.809,17.3549,7.63856E-06],"rot":[0,0,0,1,0,0,0,1,0,0,0,1,0,0,0,1,0,0,0,1,0,0,0,1,0,0,0,1,0,0,0,1,0,0,0,1,0,0,0,1,0,0,0,1,0,0,0,1,0,0,0,1,0,0,0,1,0,0,0,1],