{
"name":"pl020bmot_g4s1_m0",
"frameCount":16,"fps":60,"rotFormat":"quat_xyzw",
"bones":[
{"i":0,"pos":[0,-2.86102E-06,0,0,-2.86102E-06,0,0,-2.86102E-06,0,0,-2.86102E-06,0,0,-2.86102E-06,0,0,-2.86102E-06,0,0,-2.86102E-06,0,0,-2.86102E-06,0,0,-2.86102E-06,0,0,-2.86102E-06,0,0,-2.86102E-06,0,0,-2.86102E-06,0,0,-2.86102E-06,0,0,-2.86102E-06,0,0,-2.86102E-06,0,0,-2.86102E-06,0],"rot":[0,0,0,1,0,0,0,1,0,0,0,1,0,0,0,1,0,0,0,1,0,0,0,1,0,0,0,1,0,0,0,1,0,0,0,1,0,0,0,1,0,0,0,1,0,0,0,1,0,0,0,1,0,0,0,1,0,0,0,1,0,0,0,1],"scl":[1,1,1,1,1,1,1,1,1,1,1,1,1,1,1,1,1,1,1,1,1,1,1,1,1,1,1,1,1,1,1,1,1,1,1,1,1,1,1,1,1,1,1,1,1,1,1,1]},
{"i":1,"pos":[0.00354004,129.051,0.02771,0.000667228,127.807,0.00540264,-0.00779373,126.318,-0.0602208,-0.0209779,124.632,-0.162452,-0.0380202,122.799,-0.294582,-0.0580557,120.869,-0.449904,-0.0802195,118.89,-0.621707,-0.103647,116.912,-0.803285,-0.127472,114.985,-0.987928,-0.150831,113.157,-1.16893,-0.172858,111.479,-1.33958,-0.192688,110,-1.49316,-0.217309,108.151,-1.68385,-0.247436,105.855,-1.91714,-0.272939,103.901,-2.11462,-0.283691,103.074,-2.19788],"rot":[0,0,0,1,0,0,0,1,0,0,0,1,0,0,0,1,0,0,0,1,0,0,0,1,0,0,0,1,0,0,0,1,0,0,0,1,0,0,0,1,0,0,0,1,0,0,0,1,0,0,0,1,0,0,0,1,0,0,0,1,0,0,0,1],"scl":[1,1,1,1,1,1,1,1,1,1,1,1,1,1,1,1,1,1,1,1,1,1,1,1,1,1,1,1,1,1,1,1,1,1,1,1,1,1,1,1,1,1,1,1,1,1,1,1]},
{"i":2,"pos":[0,0,0,0,0,0,0,0,0,0,0,0,0,0,0,0,0,0,0,0,0,0,0,0,0,0,0,0,0,0,0,0,0,0,0,0,0,0,0,0,0,0,0,0,0,0,0,0],"rot":[-0.166277,-0.11057,-0.0204489,0.979647,-0.156649,-0.270138,-0.0486366,0.948747,-0.144333,-0.424739,-0.0742679,0.890645,-0.129775,-0.569136,-0.0962312,0.806215,-0.113427,-0.69832,-0.113527,0.697564,-0.0957491,-0.807811,-0.125374,0.56794,0.0772101,0.89392,0.131294,-0.421554,0.0583015,0.953963,0.131183,-0.263337,0.039544,0.986406,0.125338,-0.0986363,0.0214918,0.990927,0.114458,0.0670969,0.00472864,0.968395,0.0995908,0.228628,-0.0101437,0.920778,0.0820638,0.381222,-0.0232508,0.850957,0.0638222,0.520824,-0.0366935,0.736475,0.0435556,0.674063,-0.0444115,0.594673,0.0244617,0.802367,-0.0408285,0.522652,0.0134213,0.851462],"scl":[1,1,1,1,1,1,1,1,1,1,1,1,1,1,1,1,1,1,1,1,1,1,1,1,1,1,1,1,1,1,1,1,1,1,1,1,1,1,1,1,1,1,1,1,1,1,1,1]},
{"i":3,"pos":[0,30.9141,0,0,30.9141,0,0,30.9141,0,0,30.9141,0,0,30.9141,0,0,30.9141,0,0,30.9141,0,0,30.9141,0,0,30.9141,0,0,30.9141,0,0,30.9141,0,0,30.9141,0,0,30.9141,0,0,30.9141,0,0,30.9141,0,0,30.9141,0],"rot":[-0.190869,-0.0153338,-0.00459798,0.981485,-0.172951,-0.0460111,-0.0157509,0.983729,-0.153715,-0.081805,-0.0272572,0.984346,-0.133846,-0.121047,-0.0381167,0.982843,-0.11401,-0.161978,-0.0475209,0.979034,-0.0948053,-0.202777,-0.0549027,0.973077,-0.0767171,-0.241615,-0.0599647,0.965474,-0.0600872,-0.276703,-0.062681,0.957025,-0.0451071,-0.30632,-0.0632679,0.948752,-0.0318379,-0.32883,-0.0621242,0.941805,-0.0202618,-0.342657,-0.059745,0.93734,-0.0103632,-0.346229,-0.0566112,0.936383,-0.00149452,-0.327472,-0.0535106,0.943343,0.00563687,-0.288469,-0.0503238,0.956149,0.00985891,-0.249395,-0.0442769,0.967339,0.0109341,-0.231537,-0.0399176,0.971945],"scl":[1,1,1,1,1,1,1,1,1,1,1,1,1,1,1,1,1,1,1,1,1,1,1,1,1,1,1,1,1,1,1,1,1,1,1,1,1,1,1,1,1,1,1,1,1,1,1,1]},
{"i":4,"pos":[-34.3945,18.8081,0,-34.3945,18.8081,0,-34.3945,18.8081,0,-34.3945,18.8081,0,-34.3945,18.8081,0,-34.3945,18.8081,0,-34.3945,18.8081,0,-34.3945,18.8081,0,-34.3945,18.8081,0,-34.3945,18.8081,0,-34.3945,18.8081,0,-34.3945,18.8081,0,-34.3945,18.8081,0,-34.3945,18.8081,0,-34.3945,18.8081,0,-34.3945,18.8081,0],"rot":[0.193221,0.345303,-0.229151,0.889337,0.189758,0.345819,-0.225511,0.890812,0.177954,0.331617,-0.214546,0.901295,0.159544,0.304886,-0.197477,0.917929,0.136419,0.267698,-0.17558,0.937496,0.110616,0.222324,-0.150246,0.956955,0.0842363,0.171431,-0.122953,0.973857,0.0592735,0.11815,-0.0951574,0.986647,0.0374175,0.0660215,-0.068149,0.994785,0.019888,0.0188535,-0.0429158,0.998703,0.00735768,-0.0194403,-0.0200884,0.999582,0,-0.0449677,0,0.998988,-0.00253012,-0.0565472,0.0235584,0.998119,-0.00202295,-0.0587421,0.0512124,0.996957,-0.000607663,-0.0563876,0.0742344,0.995645,0.000139481,-0.0544758,0.0838541,0.994988],"scl":[1,1,1,1,1,1,1,1,1,1,1,1,1,1,1,1,1,1,1,1,1,1,1,1,1,1,1,1,1,1,1,1,1,1,1,1,1,1,1,1,1,1,1,1,1,1,1,1]},
{"i":5,"pos":[-16.9326,0,0,-16.9326,0,0,-16.9326,0,0,-16.9326,0,0,-16.9326,0,0,-16.9326,0,0,-16.9326,0,0,-16.9326,0,0,-16.9326,0,0,-16.9326,0,0,-16.9326,0,0,-16.9326,0,0,-16.9326,0,0,-16.9326,0,0,-16.9326,0,0,-16.9326,0,0],"rot":[0.795344,-0.294878,0.217292,-0.482968,-0.786217,0.288772,-0.219897,0.500119,-0.761957,0.264939,-0.223465,0.547076,-0.720437,0.227601,-0.224094,0.615589,-0.659362,0.181878,-0.217597,0.696285,-0.578317,0.133638,-0.201119,0.779257,-0.479991,0.0887526,-0.174155,0.85522,-0.370389,0.0519726,-0.138758,0.916983,-0.258062,0.0258941,-0.0989456,0.960699,-0.152736,0.0104455,-0.0596015,0.986413,-0.0639095,0.00312016,-0.0253657,0.997628,0,-0.000129276,0,1,0.0397848,-0.00342628,0.0147059,0.999094,0.0636947,-0.009152,0.021343,0.997699,0.075459,-0.0197471,0.0234505,0.996678,0.0786108,-0.0268781,0.0237049,0.996261],"scl":[1,1,1,1,1,1,1,1,1,1,1,1,1,1,1,1,1,1,1,1,1,1,1,1,1,1,1,1,1,1,1,1,1,1,1,1,1,1,1,1,1,1,1,1,1,1,1,1]},
{"i":6,"pos":[-33.0391,0,0,-33.0391,0,0,-33.0391,0,0,-33.0391,0,0,-33.0391,0,0,-33.0391,0,0,-33.0391,0,0,-33.0391,0,0,-33.0391,0,0,-33.0391,0,0,-33.0391,0,0,-33.0391,0,0,-33.0391,0,0,-33.0391,0,0,-33.0391,0,0,-33.0391,0,0],"rot":[-0,0.711282,-0,0.702906,0,0.690483,0,0.723349,0,0.651054,0,0.759032,0,0.594724,0,0.80393,0,0.523677,0,0.851917,0,0.441121,0,0.897448,0,0.351463,0,0.936202,0,0.260147,0,0.965569,0,0.173248,0,0.984878,0,0.0969919,0,0.995285,0,0.0373754,0,0.999301,0,0,0,1,0,-0.00768419,0,0.99997,0,0.0072313,0,0.999974,0,0.0282627,0,0.999601,0,0.0389306,0,0.999242],"scl":[1,1,1,1,1,1,1,1,1,1,1,1,1,1,1,1,1,1,1,1,1,1,1,1,1,1,1,1,1,1,1,1,1,1,1,1,1,1,1,1,1,1,1,1,1,1,1,1]},
{"i":7,"pos":[-33.041,0,0,-33.041,0,0,-33.041,0,0,-33.041,0,0,-33.041,0,0,-33.041,0,0,-33.041,0,0,-33.041,0,0,-33.041,0,0,-33.041,0,0,-33.041,0,0,-33.041,0,0,-33.041,0,0,-33.041,0,0,-33.041,0,0,-33.041,0,0],"rot":[-0.061359,0.0322737,0.368201,0.927158,-0.0440355,0.036674,0.359432,0.93141,-0.024806,0.0320484,0.338049,0.940256,-0.00496398,0.019153,0.306481,0.951671,0.0138933,-0.000987811,0.267064,0.963578,0.0302092,-0.0269724,0.222214,0.974156,0.0427711,-0.0570042,0.174492,0.982076,0.0509419,-0.0889717,0.126578,0.986644,0.0547887,-0.1206,0.0811793,0.987858,0.0550866,-0.149623,0.0409291,0.986359,0.0531952,-0.173925,0.00831253,0.983286,0.0508226,-0.191599,-0.0143397,0.980052,0.0454204,-0.203618,-0.0277051,0.977604,0.0363101,-0.212082,-0.0352439,0.975941,0.0278202,-0.217085,-0.0386537,0.97499,0.0240871,-0.21874,-0.0394574,0.974688],"scl":[1,1,1,1,1,1,1,1,1,1,1,1,1,1,1,1,1,1,1,1,1,1,1,1,1,1,1,1,1,1,1,1,1,1,1,1,1,1,1,1,1,1,1,1,1,1,1,1]},
{"i":8,"pos":[0,0,0,0,0,0,0,0,0,0,0,0,0,0,0,0,0,0,0,0,0,0,0,0,0,0,0,0,0,0,0,0,0,0,0,0,0,0,0,0,0,0,0,0,0,0,0,0],"rot":[0,0,0,1,0,0,0,1,0,0,0,1,0,0,0,1,0,0,0,1,0,0,0,1,0,0,0,1,0,0,0,1,0,0,0,1,0,0,0,1,0,0,0,1,0,0,0,1,0,0,0,1,0,0,0,1,0,0,0,1,0,0,0,1],"scl":[1,1,1,1,1,1,1,1,1,1,1,1,1,1,1,1,1,1,1,1,1,1,1,1,1,1,1,1,1,1,1,1,1,1,1,1,1,1,1,1,1,1,1,1,1,1,1,1]},
{"i":9,"pos":[0,0,0,0,0,0,0,0,0,0,0,0,0,0,0,0,0,0,0,0,0,0,0,0,0,0,0,0,0,0,0,0,0,0,0,0,0,0,0,0,0,0,0,0,0,0,0,0],"rot":[0,0,0,1,0,0,0,1,0,0,0,1,0,0,0,1,0,0,0,1,0,0,0,1,0,0,0,1,0,0,0,1,0,0,0,1,0,0,0,1,0,0,0,1,0,0,0,1,0,0,0,1,0,0,0,1,0,0,0,1,0,0,0,1],"scl":[1,1,1,1,1,1,1,1,1,1,1,1,1,1,1,1,1,1,1,1,1,1,1,1,1,1,1,1,1,1,1,1,1,1,1,1,1,1,1,1,1,1,1,1,1,1,1,1]},
{"i":10,"pos":[34.3945,18.8081,0,34.3945,18.8081,0,34.3945,18.8081,0,34.3945,18.8081,0,34.3945,18.8081,0,34.3945,18.8081,0,34.3945,18.8081,0,34.3945,18.8081,0,34.3945,18.8081,0,34.3945,18.8081,0,34.3945,18.8081,0,34.3945,18.8081,0,34.3945,18.8081,0,34.3945,18.8081,0,34.3945,18.8081,0,34.3945,18.8081,0],