{
"name":"pl020bmot_g3s11_m0",
"frameCount":18,"fps":60,"rotFormat":"quat_xyzw",
"bones":[
{"i":0,"pos":[0,0,0,0,0,0,0,0,0,0,0,0,0,0,0,0,0,0,0,0,0,0,0,0,0,0,0,0,0,0,0,0,0,0,0,0,0,0,0,0,0,0,0,0,0,0,0,0,0,0,0,0,0,0],"rot":[0,0,0,1,0,0,0,1,0,0,0,1,0,0,0,1,0,0,0,1,0,0,0,1,0,0,0,1,0,0,0,1,0,0,0,1,0,0,0,1,0,0,0,1,0,0,0,1,0,0,0,1,0,0,0,1,0,0,0,1,0,0,0,1,0,0,0,1,0,0,0,1],"scl":[1,1,1,1,1,1,1,1,1,1,1,1,1,1,1,1,1,1,1,1,1,1,1,1,1,1,1,1,1,1,1,1,1,1,1,1,1,1,1,1,1,1,1,1,1,1,1,1,1,1,1,1,1,1]},
{"i":1,"pos":[-0.405762,140,-3.14331,-0.405762,140,-3.14331,-0.405762,140,-3.14331,-0.405762,140,-3.14331,-0.405762,140,-3.14331,-0.405762,140,-3.14331,-0.405762,140,-3.14331,-0.405762,140,-3.14331,-0.405762,140,-3.14331,-0.405762,140,-3.14331,-0.405762,140,-3.14331,-0.405762,140,-3.14331,-0.405762,140,-3.14331,-0.405762,140,-3.14331,-0.405762,140,-3.14331,-0.405762,140,-3.14331,-0.405762,140,-3.14331,-0.405762,140,-3.14331],"rot":[0,0,0,1,0,0,0,1,0,0,0,1,0,0,0,1,0,0,0,1,0,0,0,1,0,0,0,1,0,0,0,1,0,0,0,1,0,0,0,1,0,0,0,1,0,0,0,1,0,0,0,1,0,0,0,1,0,0,0,1,0,0,0,1,0,0,0,1,0,0,0,1],"scl":[1,1,1,1,1,1,1,1,1,1,1,1,1,1,1,1,1,1,1,1,1,1,1,1,1,1,1,1,1,1,1,1,1,1,1,1,1,1,1,1,1,1,1,1,1,1,1,1,1,1,1,1,1,1]},
{"i":2,"pos":[0,0,0,0,0,-2.70835,0,0,-6.31952,0,0,-9.4793,0,0,-10.8335,0,0,-10.8335,0,0,-10.8335,0,0,-10.8335,0,0,-10.8335,0,0,-10.8335,0,0,-10.8335,0,0,-10.8335,0,0,-10.8335,0,0,-10.8335,0,0,-10.8335,0,0,-10.8335,0,0,-10.8335,0,0,-10.8335],"rot":[0,-0.421989,0,0.906601,0,-0.435332,0,0.90027,0,-0.445846,0,0.89511,0,-0.453735,0,0.891137,0,-0.459192,0,0.888337,0,-0.462399,0,0.886672,0,-0.463527,0,0.886083,0,-0.462739,0,0.886495,0,-0.46019,0,0.88782,0,-0.456033,0,0.889963,0,-0.450416,0,0.892819,0,-0.443486,0,0.896281,0,-0.435389,0,0.900242,0,-0.426274,0,0.904594,0,-0.416289,0,0.909233,0,-0.405586,0,0.914057,0,-0.394323,0,0.918972,0,-0.382656,0,0.923891],"scl":[1,1,1,1,1,1,1,1,1,1,1,1,1,1,1,1,1,1,1,1,1,1,1,1,1,1,1,1,1,1,1,1,1,1,1,1,1,1,1,1,1,1,1,1,1,1,1,1,1,1,1,1,1,1]},
{"i":3,"pos":[0,30.9141,0,0,30.9141,0,0,30.9141,0,0,30.9141,0,0,30.9141,0,0,30.9141,0,0,30.9141,0,0,30.9141,0,0,30.9141,0,0,30.9141,0,0,30.9141,0,0,30.9141,0,0,30.9141,0,0,30.9141,0,0,30.9141,0,0,30.9141,0,0,30.9141,0,0,30.9141,0],"rot":[0,-0.201253,0,0.979539,0.000113602,-0.224541,2.61768E-05,0.974465,0.000424254,-0.241298,0.000105489,0.970451,0.000888386,-0.252197,0.000231533,0.967675,0.00146427,-0.257885,0.000390832,0.966175,0.00211128,-0.258982,0.000566099,0.96588,0.00278911,-0.256092,0.000738913,0.966648,0.00345704,-0.249805,0.000891869,0.968289,0.00407344,-0.240707,0.00101022,0.970589,0.00459555,-0.22938,0.00108302,0.973326,0.00497945,-0.216413,0.00110379,0.976289,0.00518027,-0.202399,0.00107066,0.979289,0.00515256,-0.187942,0.000985964,0.982166,0.00485062,-0.17365,0.000855315,0.984795,0.00422898,-0.16014,0.000686088,0.987085,0.00324266,-0.148032,0.000485366,0.988977,0.00184743,-0.137949,0.000257312,0.990438,0,-0.130516,0,0.991446],"scl":[1,1,1,1,1,1,1,1,1,1,1,1,1,1,1,1,1,1,1,1,1,1,1,1,1,1,1,1,1,1,1,1,1,1,1,1,1,1,1,1,1,1,1,1,1,1,1,1,1,1,1,1,1,1]},
{"i":4,"pos":[-34.3945,18.8081,0,-34.3945,18.8081,0,-34.3945,18.8081,0,-34.3945,18.8081,0,-34.3945,18.8081,0,-34.3945,18.8081,0,-34.3945,18.8081,0,-34.3945,18.8081,0,-34.3945,18.8081,0,-34.3945,18.8081,0,-34.3945,18.8081,0,-34.3945,18.8081,0,-34.3945,18.8081,0,-34.3945,18.8081,0,-34.3945,18.8081,0,-34.3945,18.8081,0,-34.3945,18.8081,0,-34.3945,18.8081,0],"rot":[0.0071636,0.029427,0.198453,0.979642,0.00450022,0.0423233,0.198534,0.979169,0.00347278,0.0472781,0.198557,0.978942,0.00350627,0.0471092,0.198556,0.97895,0.00401903,0.0446283,0.198546,0.979067,0.00442889,0.0426467,0.198536,0.979155,0.00469331,0.0415642,0.198386,0.979231,0.00512947,0.0399677,0.197997,0.979374,0.00569478,0.0379483,0.197447,0.979562,0.006347,0.0355973,0.196816,0.979774,0.00704464,0.0330062,0.196182,0.979986,0.00774724,0.030267,0.195626,0.980181,0.00841551,0.0274718,0.195225,0.980338,0.00901132,0.0247132,0.19506,0.980439,0.00949751,0.0220839,0.195209,0.980467,0.00983757,0.0196768,0.195751,0.980407,0.00999517,0.0175841,0.196765,0.980242,0.00993353,0.0158979,0.198331,0.979956],"scl":[1,1,1,1,1,1,1,1,1,1,1,1,1,1,1,1,1,1,1,1,1,1,1,1,1,1,1,1,1,1,1,1,1,1,1,1,1,1,1,1,1,1,1,1,1,1,1,1,1,1,1,1,1,1]},
{"i":5,"pos":[-16.9326,0,0,-16.9326,0,0,-16.9326,0,0,-16.9326,0,0,-16.9326,0,0,-16.9326,0,0,-16.9326,0,0,-16.9326,0,0,-16.9326,0,0,-16.9326,0,0,-16.9326,0,0,-16.9326,0,0,-16.9326,0,0,-16.9326,0,0,-16.9326,0,0,-16.9326,0,0,-16.9326,0,0,-16.9326,0,0],"rot":[0.0310937,-0.0907767,0.329041,0.939428,0.0565121,-0.0457365,0.326728,0.942318,0.0645593,-0.00574587,0.325842,0.9432,0.0609567,0.0260776,0.3266,0.942834,0.051998,0.0465133,0.328463,0.941937,0.044334,0.0524319,0.33003,0.94147,0.0416799,0.0488368,0.330984,0.94145,0.0375739,0.0411149,0.332492,0.94146,0.0324009,0.0299263,0.334279,0.941441,0.0265606,0.0159421,0.336064,0.94133,0.0204497,-0.000156217,0.337587,0.941072,0.0144598,-0.0176761,0.33864,0.940639,0.00897412,-0.0359162,0.33908,0.940029,0.00436617,-0.0541715,0.338839,0.939273,0.000998204,-0.0717394,0.337926,0.938434,-0.000777926,-0.0879262,0.33642,0.937598,-0.000617903,-0.102052,0.334451,0.936871,0.00182056,-0.11345,0.33218,0.936366],"scl":[1,1,1,1,1,1,1,1,1,1,1,1,1,1,1,1,1,1,1,1,1,1,1,1,1,1,1,1,1,1,1,1,1,1,1,1,1,1,1,1,1,1,1,1,1,1,1,1,1,1,1,1,1,1]},
{"i":6,"pos":[-33.0391,0,0,-33.0391,0,0,-33.0391,0,0,-33.0391,0,0,-33.0391,0,0,-33.0391,0,0,-33.0391,0,0,-33.0391,0,0,-33.0391,0,0,-33.0391,0,0,-33.0391,0,0,-33.0391,0,0,-33.0391,0,0,-33.0391,0,0,-33.0391,0,0,-33.0391,0,0,-33.0391,0,0,-33.0391,0,0],"rot":[0,0.273773,0,0.961794,0,0.257758,0,0.96621,0,0.236389,0,0.971659,0,0.214715,0,0.976677,0,0.197889,0,0.980224,0,0.191123,0,0.981566,0,0.192293,0,0.981338,0,0.195585,0,0.980687,0,0.200673,0,0.979658,0,0.207233,0,0.978292,0,0.214936,0,0.976628,0,0.223458,0,0.974714,0,0.232473,0,0.972603,0,0.241659,0,0.970361,0,0.250697,0,0.968066,0,0.259271,0,0.965805,0,0.267066,0,0.963678,0,0.273773,0,0.961794],"scl":[1,1,1,1,1,1,1,1,1,1,1,1,1,1,1,1,1,1,1,1,1,1,1,1,1,1,1,1,1,1,1,1,1,1,1,1,1,1,1,1,1,1,1,1,1,1,1,1,1,1,1,1,1,1]},
{"i":7,"pos":[-33.041,0,0,-33.041,0,0,-33.041,0,0,-33.041,0,0,-33.041,0,0,-33.041,0,0,-33.041,0,0,-33.041,0,0,-33.041,0,0,-33.041,0,0,-33.041,0,0,-33.041,0,0,-33.041,0,0,-33.041,0,0,-33.041,0,0,-33.041,0,0,-33.041,0,0,-33.041,0,0],"rot":[0.0920248,-0.220085,0.00953208,0.971083,0.113528,-0.20407,0.018248,0.97218,0.141858,-0.18232,0.028868,0.972524,0.170123,-0.159863,0.0384514,0.971609,0.191714,-0.142189,0.045061,0.97005,0.200304,-0.135029,0.0475135,0.96922,0.198504,-0.136536,0.047008,0.969404,0.19348,-0.140723,0.0455734,0.969889,0.185792,-0.147082,0.0433108,0.970552,0.175999,-0.155099,0.0403118,0.971259,0.164664,-0.164262,0.0366803,0.971884,0.152362,-0.174065,0.0325486,0.972331,0.139682,-0.184018,0.0280868,0.972542,0.127228,-0.193646,0.0235071,0.972503,0.115614,-0.202495,0.0190629,0.972248,0.105458,-0.210129,0.0150424,0.971853,0.0973874,-0.21613,0.011758,0.971424,0.0920248,-0.220085,0.00953208,0.971083],"scl":[1,1,1,1,1,1,1,1,1,1,1,1,1,1,1,1,1,1,1,1,1,1,1,1,1,1,1,1,1,1,1,1,1,1,1,1,1,1,1,1,1,1,1,1,1,1,1,1,1,1,1,1,1,1]},
{"i":8,"pos":[34.3945,18.8081,0,34.3945,18.8081,0,34.3945,18.8081,0,34.3945,18.8081,0,34.3945,18.8081,0,34.3945,18.8081,0,34.3945,18.8081,0,34.3945,18.8081,0,34.3945,18.8081,0,34.3945,18.8081,0,34.3945,18.8081,0,34.3945,18.8081,0,34.3945,18.8081,0,34.3945,18.8081,0,34.3945,18.8081,0,34.3945,18.8081,0,34.3945,18.8081,0,34.3945,18.8081,0],