{
"name":"pl0204mot_g4s4_m0",
"frameCount":18,"fps":60,"rotFormat":"quat_xyzw",
"bones":[
{"i":0,"pos":[0,0,0,0,0,0,0,0,0,0,0,0,0,0,0,0,0,0,0,0,0,0,0,0,0,0,0,0,0,0,0,0,0,0,0,0,0,0,0,0,0,0,0,0,0,0,0,0,0,0,0,0,0,0],"rot":[0,0,0,1,0,0,0,1,0,0,0,1,0,0,0,1,0,0,0,1,0,0,0,1,0,0,0,1,0,0,0,1,0,0,0,1,0,0,0,1,0,0,0,1,0,0,0,1,0,0,0,1,0,0,0,1,0,0,0,1,0,0,0,1,0,0,0,1,0,0,0,1],"scl":[1,1,1,1,1,1,1,1,1,1,1,1,1,1,1,1,1,1,1,1,1,1,1,1,1,1,1,1,1,1,1,1,1,1,1,1,1,1,1,1,1,1,1,1,1,1,1,1,1,1,1,1,1,1]},
{"i":1,"pos":[-0.405762,66.7773,-19.2461,-0.405762,66.8493,-10.472,-0.405762,67.0653,-0.235596,-0.405762,67.2091,8.80878,-0.405762,67.0645,14.0068,-0.405762,66.7104,14.3007,-0.405762,66.2909,11.4601,-0.405762,65.6876,7.07189,-0.405762,64.7818,2.72288,-0.405762,63.4551,0,-0.405762,63.4551,0,-0.405762,63.4551,0,-0.405762,63.4551,0,-0.405762,63.4551,0,-0.405762,63.4551,0,-0.405762,63.4551,0,-0.405762,63.4551,0,-0.405762,63.4551,0],"rot":[0,0,0,1,0,0,0,1,0,0,0,1,0,0,0,1,0,0,0,1,0,0,0,1,0,0,0,1,0,0,0,1,0,0,0,1,0,0,0,1,0,0,0,1,0,0,0,1,0,0,0,1,0,0,0,1,0,0,0,1,0,0,0,1,0,0,0,1,0,0,0,1],"scl":[1,1,1,1,1,1,1,1,1,1,1,1,1,1,1,1,1,1,1,1,1,1,1,1,1,1,1,1,1,1,1,1,1,1,1,1,1,1,1,1,1,1,1,1,1,1,1,1,1,1,1,1,1,1]},
{"i":2,"pos":[0,0,0,0,0,0,0,0,0,0,0,0,0,0,0,0,0,0,0,0,0,0,0,0,0,0,0,0,0,0,0,0,0,0,0,0,0,0,0,0,0,0,0,0,0,0,0,0,0,0,0,0,0,0],"rot":[-0.260407,-0.609137,-0.0502548,0.747405,-0.266009,-0.60369,-0.0581048,0.74928,-0.27256,-0.588699,-0.0577531,0.75882,-0.274048,-0.563257,-0.0441962,0.778258,-0.263221,-0.524929,-0.0138348,0.809304,-0.228278,-0.460823,0.032737,0.857006,-0.159406,-0.363688,0.0749407,0.914716,-0.060827,-0.247197,0.0927504,0.962596,0.047097,-0.131887,0.084239,0.986555,0.1328,-0.034335,0.066725,0.988298,0.148246,0.346454,0.0108657,0.926215,0.141156,0.674519,-0.0466595,0.723133,0.112474,0.89988,-0.0971608,0.410032,0.0667267,0.988294,-0.132803,0.0344373,0.0108652,0.926226,-0.14825,-0.346424,0.0466945,-0.723124,0.141159,0.674526,0.0971729,-0.410005,0.112479,0.89989,0.132806,-0.0344469,0.0667394,0.988292],"scl":[1,1,1,1,1,1,1,1,1,1,1,1,1,1,1,1,1,1,1,1,1,1,1,1,1,1,1,1,1,1,1,1,1,1,1,1,1,1,1,1,1,1,1,1,1,1,1,1,1,1,1,1,1,1]},
{"i":3,"pos":[0,15,-1.75353E-06,0,15,-1.75353E-06,0,15,-1.75353E-06,0,15,-1.75353E-06,0,15,-1.75353E-06,0,15,-1.75353E-06,0,15,-1.75353E-06,0,15,-1.75353E-06,0,15,-1.75353E-06,0,15,-1.75353E-06,0,15,-1.75353E-06,0,15,-1.75353E-06,0,15,-1.75353E-06,0,15,-1.75353E-06,0,15,-1.75353E-06,0,15,-1.75353E-06,0,15,-1.75353E-06,0,15,-1.75353E-06],"rot":[-0.106627,-0.244119,-0.0991899,0.958748,-0.104564,-0.231795,-0.0899989,0.962932,-0.100063,-0.210554,-0.0777776,0.969332,-0.092052,-0.184488,-0.0651277,0.976345,-0.0790178,-0.157769,-0.0550425,0.982769,-0.0569042,-0.129488,-0.0486546,0.98875,-0.026268,-0.0967775,-0.0452891,0.993928,0.0075055,-0.0611239,-0.044876,0.997093,0.0386348,-0.0239638,-0.0463957,0.997888,0.0610487,0.0134792,-0.0477827,0.996899,0.0610487,0.0134792,-0.0477827,0.996899,0.0610487,0.0134792,-0.0477827,0.996899,0.0610487,0.0134792,-0.0477827,0.996899,0.0610487,0.0134792,-0.0477827,0.996899,0.0610487,0.0134792,-0.0477827,0.996899,0.0610487,0.0134792,-0.0477827,0.996899,0.0610487,0.0134792,-0.0477827,0.996899,0.0610487,0.0134792,-0.0477827,0.996899],"scl":[1,1,1,1,1,1,1,1,1,1,1,1,1,1,1,1,1,1,1,1,1,1,1,1,1,1,1,1,1,1,1,1,1,1,1,1,1,1,1,1,1,1,1,1,1,1,1,1,1,1,1,1,1,1]},
{"i":4,"pos":[-15,15,-4.14754E-06,-15,15,-4.14754E-06,-15,15,-4.14754E-06,-15,15,-4.14754E-06,-15,15,-4.14754E-06,-15,15,-4.14754E-06,-15,15,-4.14754E-06,-15,15,-4.14754E-06,-15,15,-4.14754E-06,-15,15,-4.14754E-06,-15,15,-4.14754E-06,-15,15,-4.14754E-06,-15,15,-4.14754E-06,-15,15,-4.14754E-06,-15,15,-4.14754E-06,-15,15,-4.14754E-06,-15,15,-4.14754E-06,-15,15,-4.14754E-06],"rot":[0.0445375,-0.323239,-0.120964,0.937497,0.0508161,-0.342055,-0.114746,0.931262,0.0554161,-0.356029,-0.109804,0.926345,0.0538799,-0.351389,-0.111481,0.928006,0.0413182,-0.313738,-0.123921,0.940481,0.0096334,-0.221552,-0.145998,0.964109,-0.0406483,-0.0808673,-0.159596,0.983025,-0.0978957,0.076549,-0.148244,0.981112,-0.147208,0.215107,-0.114722,0.958592,-0.177533,0.305409,-0.0804147,0.932063,-0.177533,0.305409,-0.0804147,0.932063,-0.177533,0.305409,-0.0804147,0.932063,-0.177533,0.305409,-0.0804147,0.932063,-0.177533,0.305409,-0.0804147,0.932063,-0.177533,0.305409,-0.0804147,0.932063,-0.177533,0.305409,-0.0804147,0.932063,-0.177533,0.305409,-0.0804147,0.932063,-0.177533,0.305409,-0.0804147,0.932063],"scl":[1,1,1,1,1,1,1,1,1,1,1,1,1,1,1,1,1,1,1,1,1,1,1,1,1,1,1,1,1,1,1,1,1,1,1,1,1,1,1,1,1,1,1,1,1,1,1,1,1,1,1,1,1,1]},
{"i":5,"pos":[-12,1.61669E-05,5.5122E-08,-12,1.61669E-05,5.5122E-08,-12,1.61669E-05,5.5122E-08,-12,1.61669E-05,5.5122E-08,-12,1.61669E-05,5.5122E-08,-12,1.61669E-05,5.5122E-08,-12,1.61669E-05,5.5122E-08,-12,1.61669E-05,5.5122E-08,-12,1.61669E-05,5.5122E-08,-12,1.61669E-05,5.5122E-08,-12,1.61669E-05,5.5122E-08,-12,1.61669E-05,5.5122E-08,-12,1.61669E-05,5.5122E-08,-12,1.61669E-05,5.5122E-08,-12,1.61669E-05,5.5122E-08,-12,1.61669E-05,5.5122E-08,-12,1.61669E-05,5.5122E-08,-12,1.61669E-05,5.5122E-08],"rot":[0.181763,0.295559,0.456755,0.819135,0.187103,0.282716,0.45856,0.821454,0.193761,0.273042,0.451937,0.826836,0.199377,0.276009,0.430131,0.836095,0.198677,0.297426,0.39042,0.848314,0.178384,0.333605,0.306216,0.873567,0.113957,0.365214,0.224055,0.896343,0.0201493,0.416556,0.184191,0.890028,-0.0657528,0.500542,0.166309,0.847039,-0.100722,0.537087,0.16891,0.820281,-0.100722,0.537087,0.16891,0.820281,-0.100722,0.537087,0.16891,0.820281,-0.100722,0.537087,0.16891,0.820281,-0.100722,0.537087,0.16891,0.820281,-0.100722,0.537087,0.16891,0.820281,-0.100722,0.537087,0.16891,0.820281,-0.100722,0.537087,0.16891,0.820281,-0.100722,0.537087,0.16891,0.820281],"scl":[1,1,1,1,1,1,1,1,1,1,1,1,1,1,1,1,1,1,1,1,1,1,1,1,1,1,1,1,1,1,1,1,1,1,1,1,1,1,1,1,1,1,1,1,1,1,1,1,1,1,1,1,1,1]},
{"i":6,"pos":[-23,1.75694E-05,-1.33578E-06,-23,1.75694E-05,-1.33578E-06,-23,1.75694E-05,-1.33578E-06,-23,1.75694E-05,-1.33578E-06,-23,1.75694E-05,-1.33578E-06,-23,1.75694E-05,-1.33578E-06,-23,1.75694E-05,-1.33578E-06,-23,1.75694E-05,-1.33578E-06,-23,1.75694E-05,-1.33578E-06,-23,1.75694E-05,-1.33578E-06,-23,1.75694E-05,-1.33578E-06,-23,1.75694E-05,-1.33578E-06,-23,1.75694E-05,-1.33578E-06,-23,1.75694E-05,-1.33578E-06,-23,1.75694E-05,-1.33578E-06,-23,1.75694E-05,-1.33578E-06,-23,1.75694E-05,-1.33578E-06,-23,1.75694E-05,-1.33578E-06],"rot":[0,0.591784,0,0.806097,0,0.60479,0,0.796385,0,0.620225,0,0.784424,0,0.630968,0,0.775809,0,0.629278,0,0.77718,0,0.611564,0,0.791195,0,0.553643,0,0.832754,0,0.424505,0,0.905425,0,0.232399,0,0.972621,0,0.184089,0,0.98291,0,0.184094,0,0.982909,0,0.184094,0,0.982909,0,0.184094,0,0.982909,0,0.184094,0,0.982909,0,0.184094,0,0.982909,0,0.184094,0,0.982909,0,0.184094,0,0.982909,0,0.184094,0,0.982909],"scl":[1,1,1,1,1,1,1,1,1,1,1,1,1,1,1,1,1,1,1,1,1,1,1,1,1,1,1,1,1,1,1,1,1,1,1,1,1,1,1,1,1,1,1,1,1,1,1,1,1,1,1,1,1,1]},
{"i":7,"pos":[-23,-3.69588E-05,2.17351E-06,-23,-3.69588E-05,2.17351E-06,-23,-3.69588E-05,2.17351E-06,-23,-3.69588E-05,2.17351E-06,-23,-3.69588E-05,2.17351E-06,-23,-3.69588E-05,2.17351E-06,-23,-3.69588E-05,2.17351E-06,-23,-3.69588E-05,2.17351E-06,-23,-3.69588E-05,2.17351E-06,-23,-3.69588E-05,2.17351E-06,-23,-3.69588E-05,2.17351E-06,-23,-3.69588E-05,2.17351E-06,-23,-3.69588E-05,2.17351E-06,-23,-3.69588E-05,2.17351E-06,-23,-3.69588E-05,2.17351E-06,-23,-3.69588E-05,2.17351E-06,-23,-3.69588E-05,2.17351E-06,-23,-3.69588E-05,2.17351E-06],