{
"name":"pl0105mot_g3s1_m0",
"frameCount":12,"fps":60,"rotFormat":"quat_xyzw",
"bones":[
{"i":0,"pos":[-2.64677E-13,-3.8147E-06,-4.81013E-14,-2.64677E-13,-3.8147E-06,-4.81013E-14,-2.64677E-13,-3.8147E-06,-4.81013E-14,-2.64677E-13,-3.8147E-06,-4.81013E-14,-2.64677E-13,-3.8147E-06,-4.81013E-14,-2.64677E-13,-3.8147E-06,-4.81013E-14,-2.64677E-13,-3.8147E-06,-4.81013E-14,-2.64677E-13,-3.8147E-06,-4.81013E-14,-2.64677E-13,-3.8147E-06,-4.81013E-14,-2.64677E-13,-3.8147E-06,-4.81013E-14,-2.64677E-13,-3.8147E-06,-4.81013E-14,-2.64677E-13,-3.8147E-06,-4.81013E-14],"rot":[0,0,0,1,0,0,0,1,0,0,0,1,0,0,0,1,0,0,0,1,0,0,0,1,0,0,0,1,0,0,0,1,0,0,0,1,0,0,0,1,0,0,0,1,0,0,0,1],"scl":[1,1,1,1,1,1,1,1,1,1,1,1,1,1,1,1,1,1,1,1,1,1,1,1,1,1,1,1,1,1,1,1,1,1,1,1]},
{"i":1,"pos":[3.02515,94.3008,-6.27637,3.02515,94.3926,-6.27637,3.02515,94.6504,-6.27637,3.02515,95.0391,-6.27637,3.02515,95.5254,-6.27637,3.02515,96.0723,-6.27637,3.02515,96.6504,-6.27637,3.02515,97.2227,-6.27637,3.02515,97.7578,-6.27637,3.02515,98.2207,-6.27637,3.02515,98.4199,-6.27637,3.02515,98.5781,-6.27637],"rot":[0,0,0,1,0,0,0,1,0,0,0,1,0,0,0,1,0,0,0,1,0,0,0,1,0,0,0,1,0,0,0,1,0,0,0,1,0,0,0,1,0,0,0,1,0,0,0,1],"scl":[1,1,1,1,1,1,1,1,1,1,1,1,1,1,1,1,1,1,1,1,1,1,1,1,1,1,1,1,1,1,1,1,1,1,1,1]},
{"i":2,"pos":[0,0,0,0,0,0,0,0,0,0,0,0,0,0,0,0,0,0,0,0,0,0,0,0,0,0,0,0,0,0,0,0,0,0,0,0],"rot":[0,-0.2588,0,0.965931,0.0253708,-0.187717,0.0210822,0.981669,0.0558393,-0.0954154,0.0415257,0.993002,0.0815093,-0.036152,0.0656378,0.993852,0.103941,0.0242503,0.0864884,0.990519,0.122859,0.0853312,0.103812,0.983284,0.138032,0.146608,0.117386,0.972458,0.149272,0.207582,0.127031,0.958379,0.161939,0.238043,0.14692,0.946322,0.172399,0.26892,0.164824,0.933163,0.180624,0.300001,0.180735,0.919081,0.186588,0.331145,0.194581,0.904249],"scl":[1,1,1,1,1,1,1,1,1,1,1,1,1,1,1,1,1,1,1,1,1,1,1,1,1,1,1,1,1,1,1,1,1,1,1,1]},
{"i":3,"pos":[0,15.0956,0,0,15.0956,0,0,15.0956,0,0,15.0956,0,0,15.0956,0,0,15.0956,0,0,15.0956,0,0,15.0956,0,0,15.0956,0,0,15.0956,0,0,15.0956,0,0,15.0956,0],"rot":[0.142515,-0.118261,-0.0291008,0.982271,0.113423,-0.0732176,-0.0289318,0.990423,0.0775231,-0.0158546,-0.0231531,0.996596,0.0641682,0.0136797,-0.0195573,0.997654,0.0504274,0.0430981,-0.0151271,0.997683,0.0363391,0.0723554,-0.00987867,0.996668,0.0219426,0.101407,-0.00382996,0.994596,0.00727801,0.13021,0.00299917,0.991455,0.00764975,0.13406,0.00380453,0.990936,0.00800937,0.13794,0.00463482,0.990397,0.00836555,0.141787,0.00543009,0.989847,0.00870955,0.145634,0.00625048,0.989281],"scl":[1,1,1,1,1,1,1,1,1,1,1,1,1,1,1,1,1,1,1,1,1,1,1,1,1,1,1,1,1,1,1,1,1,1,1,1]},
{"i":4,"pos":[-19,11.2331,-3.04084E-06,-19,11.2331,-3.04084E-06,-19,11.2331,-3.04084E-06,-19,11.2331,-3.04084E-06,-19,11.2331,-3.04084E-06,-19,11.2331,-3.04084E-06,-19,11.2331,-3.04084E-06,-19,11.2331,-3.04084E-06,-19,11.2331,-3.04084E-06,-19,11.2331,-3.04084E-06,-19,11.2331,-3.04084E-06,-19,11.2331,-3.04084E-06],"rot":[0.405399,-0.00173272,0.0600588,0.912163,0.338803,0.00444948,0.0363056,0.940146,0.229861,0.00923603,0.0198444,0.972977,0.187987,0.0219059,0.0323925,0.981393,0.14545,0.0334887,0.0460109,0.987728,0.102364,0.0439091,0.060621,0.991927,0.0588478,0.0530972,0.0761392,0.993942,0.0150238,0.060989,0.092477,0.993732,0.0170021,0.072718,0.121858,0.989734,0.0182614,0.0845653,0.150936,0.98475,0.0188143,0.0965605,0.179687,0.978792,0.0186498,0.108607,0.208079,0.971885],"scl":[1,1,1,1,1,1,1,1,1,1,1,1,1,1,1,1,1,1,1,1,1,1,1,1,1,1,1,1,1,1,1,1,1,1,1,1]},
{"i":5,"pos":[-6.81966,0,1.79821E-07,-6.81966,0,1.79821E-07,-6.81966,0,1.79821E-07,-6.81966,0,1.79821E-07,-6.81966,0,1.79821E-07,-6.81966,0,1.79821E-07,-6.81966,0,1.79821E-07,-6.81966,0,1.79821E-07,-6.81966,0,1.79821E-07,-6.81966,0,1.79821E-07,-6.81966,0,1.79821E-07,-6.81966,0,1.79821E-07],"rot":[0.542438,0.155484,0.17599,0.806606,0.486475,0.142733,0.164918,0.846033,0.417753,0.111039,0.151534,0.888927,0.386244,0.129443,0.150793,0.900734,0.353954,0.147842,0.151192,0.911043,0.320961,0.166172,0.152721,0.919808,0.287346,0.184367,0.155368,0.926986,0.253191,0.202364,0.159117,0.932537,0.23442,0.261977,0.20164,0.914197,0.210221,0.306941,0.250434,0.893799,0.180718,0.344329,0.304716,0.86944,0.12984,0.379434,0.365483,0.839996],"scl":[1,1,1,1,1,1,1,1,1,1,1,1,1,1,1,1,1,1,1,1,1,1,1,1,1,1,1,1,1,1,1,1,1,1,1,1]},
{"i":6,"pos":[-24.7866,1.52588E-05,5.3205E-08,-24.7866,1.52588E-05,5.3205E-08,-24.7866,1.52588E-05,5.3205E-08,-24.7866,1.52588E-05,5.3205E-08,-24.7866,1.52588E-05,5.3205E-08,-24.7866,1.52588E-05,5.3205E-08,-24.7866,1.52588E-05,5.3205E-08,-24.7866,1.52588E-05,5.3205E-08,-24.7866,1.52588E-05,5.3205E-08,-24.7866,1.52588E-05,5.3205E-08,-24.7866,1.52588E-05,5.3205E-08,-24.7866,1.52588E-05,5.3205E-08],"rot":[0,0.668491,0,0.74372,-0,0.727895,-0,0.685689,-0,0.789262,-0,0.614056,-0,0.802035,-0,0.597277,-0,0.814451,-0,0.580233,-0,0.826505,-0,0.56293,-0,0.838191,-0,0.545377,-0,0.849504,-0,0.527582,-0,0.808243,-0,0.588849,-0,0.748255,-0,0.663411,0,0.660417,0,0.750899,0,0.52743,0,0.849599],"scl":[1,1,1,1,1,1,1,1,1,1,1,1,1,1,1,1,1,1,1,1,1,1,1,1,1,1,1,1,1,1,1,1,1,1,1,1]},
{"i":7,"pos":[-24.7866,-3.05176E-05,-1.10641E-06,-24.7866,-3.05176E-05,-1.10641E-06,-24.7866,-3.05176E-05,-1.10641E-06,-24.7866,-3.05176E-05,-1.10641E-06,-24.7866,-3.05176E-05,-1.10641E-06,-24.7866,-3.05176E-05,-1.10641E-06,-24.7866,-3.05176E-05,-1.10641E-06,-24.7866,-3.05176E-05,-1.10641E-06,-24.7866,-3.05176E-05,-1.10641E-06,-24.7866,-3.05176E-05,-1.10641E-06,-24.7866,-3.05176E-05,-1.10641E-06,-24.7866,-3.05176E-05,-1.10641E-06],"rot":[-0.480521,0.234439,-0.575582,0.618744,-0.425252,0.146392,-0.478679,0.754053,-0.318965,0.0544301,-0.331025,0.886409,-0.284961,-0.00891345,-0.290305,0.913477,-0.244432,-0.068848,-0.243564,0.93605,-0.197858,-0.124486,-0.191302,0.953289,-0.145838,-0.175008,-0.134138,0.964422,-0.0890779,-0.219677,-0.0727988,0.968766,-0.0664294,-0.250132,-0.0752623,0.962994,-0.0353363,-0.245962,-0.0741246,0.965795,0.00312413,-0.206215,-0.0770752,0.975461,0.0495654,-0.126331,-0.0777892,0.987691],"scl":[1,1,1,1,1,1,1,1,1,1,1,1,1,1,1,1,1,1,1,1,1,1,1,1,1,1,1,1,1,1,1,1,1,1,1,1]},
{"i":8,"pos":[19,11.2331,2.70593E-06,19,11.2331,2.70593E-06,19,11.2331,2.70593E-06,19,11.2331,2.70593E-06,19,11.2331,2.70593E-06,19,11.2331,2.70593E-06,19,11.2331,2.70593E-06,19,11.2331,2.70593E-06,19,11.2331,2.70593E-06,19,11.2331,2.70593E-06,19,11.2331,2.70593E-06,19,11.2331,2.70593E-06],"rot":[0,0,0,1,0,0,0,1,0,0,0,1,0,0,0,1,0,0,0,1,0,0,0,1,0,0,0,1,0,0,0,1,0,0,0,1,0,0,0,1,0,0,0,1,0,0,0,1],"scl":[1,1,1,1,1,1,1,1,1,1,1,1,1,1,1,1,1,1,1,1,1,1,1,1,1,1,1,1,1,1,1,1,1,1,1,1]},
{"i":9,"pos":[6.8197,-1.52588E-05,-1.13595E-06,6.8197,-1.52588E-05,-1.13595E-06,6.8197,-1.52588E-05,-1.13595E-06,6.8197,-1.52588E-05,-1.13595E-06,6.8197,-1.52588E-05,-1.13595E-06,6.8197,-1.52588E-05,-1.13595E-06,6.8197,-1.52588E-05,-1.13595E-06,6.8197,-1.52588E-05,-1.13595E-06,6.8197,-1.52588E-05,-1.13595E-06,6.8197,-1.52588E-05,-1.13595E-06,6.8197,-1.52588E-05,-1.13595E-06,6.8197,-1.52588E-05,-1.13595E-06],"rot":[0,0,0,1,0,0,0,1,0,0,0,1,0,0,0,1,0,0,0,1,0,0,0,1,0,0,0,1,0,0,0,1,0,0,0,1,0,0,0,1,0,0,0,1,0,0,0,1],"scl":[1,1,1,1,1,1,1,1,1,1,1,1,1,1,1,1,1,1,1,1,1,1,1,1,1,1,1,1,1,1,1,1,1,1,1,1]},
{"i":10,"pos":[24.7866,3.05176E-05,-5.37585E-06,24.7866,3.05176E-05,-5.37585E-06,24.7866,3.05176E-05,-5.37585E-06,24.7866,3.05176E-05,-5.37585E-06,24.7866,3.05176E-05,-5.37585E-06,24.7866,3.05176E-05,-5.37585E-06,24.7866,3.05176E-05,-5.37585E-06,24.7866,3.05176E-05,-5.37585E-06,24.7866,3.05176E-05,-5.37585E-06,24.7866,3.05176E-05,-5.37585E-06,24.7866,3.05176E-05,-5.37585E-06,24.7866,3.05176E-05,-5.37585E-06],"rot":[0,0,0,1,0,0,0,1,0,0,0,1,0,0,0,1,0,0,0,1,0,0,0,1,0,0,0,1,0,0,0,1,0,0,0,1,0,0,0,1,0,0,0,1,0,0,0,1],"scl":[1,1,1,1,1,1,1,1,1,1,1,1,1,1,1,1,1,1,1,1,1,1,1,1,1,1,1,1,1,1,1,1,1,1,1,1]},
{"i":11,