{
"name":"pl040dmot_g3s22_m0",
"frameCount":19,"fps":60,"rotFormat":"quat_xyzw",
"bones":[
{"i":0,"pos":[0,0,0,0,0,0,0,0,0,0,0,0,0,0,0,0,0,0,0,0,0,0,0,0,0,0,0,0,0,0,0,0,0,0,0,0,0,0,0,0,0,0,0,0,0,0,0,0,0,0,0,0,0,0,0,0,0],"rot":[0,0,0,1,0,0,0,1,0,0,0,1,0,0,0,1,0,0,0,1,0,0,0,1,0,0,0,1,0,0,0,1,0,0,0,1,0,0,0,1,0,0,0,1,0,0,0,1,0,0,0,1,0,0,0,1,0,0,0,1,0,0,0,1,0,0,0,1,0,0,0,1,0,0,0,1],"scl":[1,1,1,1,1,1,1,1,1,1,1,1,1,1,1,1,1,1,1,1,1,1,1,1,1,1,1,1,1,1,1,1,1,1,1,1,1,1,1,1,1,1,1,1,1,1,1,1,1,1,1,1,1,1,1,1,1]},
{"i":1,"pos":[0,155.414,0.0761108,0,156.495,0.0526831,0,157.62,0.0293939,0,158.714,0.0104355,0,159.703,0,0,160.661,-0.00416013,0,161.701,-0.0071725,0,162.799,-0.00916471,0,163.935,-0.0102644,0,165.086,-0.0105991,0,166.232,-0.0102965,0,167.349,-0.00948411,0,168.416,-0.00828963,0,169.412,-0.00684063,0,170.315,-0.00526473,0,171.102,-0.00368952,0,171.752,-0.00224261,0,172.244,-0.00105162,0,172.555,-0.000244141],"rot":[0,0,0,1,0,0,0,1,0,0,0,1,0,0,0,1,0,0,0,1,0,0,0,1,0,0,0,1,0,0,0,1,0,0,0,1,0,0,0,1,0,0,0,1,0,0,0,1,0,0,0,1,0,0,0,1,0,0,0,1,0,0,0,1,0,0,0,1,0,0,0,1,0,0,0,1],"scl":[1,1,1,1,1,1,1,1,1,1,1,1,1,1,1,1,1,1,1,1,1,1,1,1,1,1,1,1,1,1,1,1,1,1,1,1,1,1,1,1,1,1,1,1,1,1,1,1,1,1,1,1,1,1,1,1,1]},
{"i":2,"pos":[0,0,0,0,0,0,0,0,0,0,0,0,0,0,0,0,0,0,0,0,0,0,0,0,0,0,0,0,0,0,0,0,0,0,0,0,0,0,0,0,0,0,0,0,0,0,0,0,0,0,0,0,0,0,0,0,0],"rot":[0,0,0,1,0,0,0,1,0,0,0,1,0,0,0,1,0,0,0,1,0,0,0,1,0,0,0,1,0,0,0,1,0,0,0,1,0,0,0,1,0,0,0,1,0,0,0,1,0,0,0,1,0,0,0,1,0,0,0,1,0,0,0,1,0,0,0,1,0,0,0,1,0,0,0,1],"scl":[1,1,1,1,1,1,1,1,1,1,1,1,1,1,1,1,1,1,1,1,1,1,1,1,1,1,1,1,1,1,1,1,1,1,1,1,1,1,1,1,1,1,1,1,1,1,1,1,1,1,1,1,1,1,1,1,1]},
{"i":3,"pos":[6.24813E-06,8.23552,1.78518E-06,6.24813E-06,8.23552,1.78518E-06,6.24813E-06,8.23552,1.78518E-06,6.24813E-06,8.23552,1.78518E-06,6.24813E-06,8.23552,1.78518E-06,6.24813E-06,8.23552,1.78518E-06,6.24813E-06,8.23552,1.78518E-06,6.24813E-06,8.23552,1.78518E-06,6.24813E-06,8.23552,1.78518E-06,6.24813E-06,8.23552,1.78518E-06,6.24813E-06,8.23552,1.78518E-06,6.24813E-06,8.23552,1.78518E-06,6.24813E-06,8.23552,1.78518E-06,6.24813E-06,8.23552,1.78518E-06,6.24813E-06,8.23552,1.78518E-06,6.24813E-06,8.23552,1.78518E-06,6.24813E-06,8.23552,1.78518E-06,6.24813E-06,8.23552,1.78518E-06,6.24813E-06,8.23552,1.78518E-06],"rot":[0,0,0,1,0,0,0,1,0,0,0,1,0,0,0,1,0,0,0,1,0,0,0,1,0,0,0,1,0,0,0,1,0,0,0,1,0,0,0,1,0,0,0,1,0,0,0,1,0,0,0,1,0,0,0,1,0,0,0,1,0,0,0,1,0,0,0,1,0,0,0,1,0,0,0,1],"scl":[1,1,1,1,1,1,1,1,1,1,1,1,1,1,1,1,1,1,1,1,1,1,1,1,1,1,1,1,1,1,1,1,1,1,1,1,1,1,1,1,1,1,1,1,1,1,1,1,1,1,1,1,1,1,1,1,1]},
{"i":4,"pos":[-69.8544,63.814,0,-69.8544,63.814,0,-69.8544,63.814,0,-69.8544,63.814,0,-69.8544,63.814,0,-69.8544,63.814,0,-69.8544,63.814,0,-69.8544,63.814,0,-69.8544,63.814,0,-69.8544,63.814,0,-69.8544,63.814,0,-69.8544,63.814,0,-69.8544,63.814,0,-69.8544,63.814,0,-69.8544,63.814,0,-69.8544,63.814,0,-69.8544,63.814,0,-69.8544,63.814,0,-69.8544,63.814,0],"rot":[0.120798,0,0,0.992677,0.120798,0,0,0.992677,0.120798,0,0,0.992677,0.120798,0,0,0.992677,0.120798,0,0,0.992677,0.120798,0,0,0.992677,0.120798,0,0,0.992677,0.120798,0,0,0.992677,0.120798,0,0,0.992677,0.120798,0,0,0.992677,0.120798,0,0,0.992677,0.120798,0,0,0.992677,0.120798,0,0,0.992677,0.120798,0,0,0.992677,0.120798,0,0,0.992677,0.120798,0,0,0.992677,0.120798,0,0,0.992677,0.120798,0,0,0.992677,0.120798,0,0,0.992677],"scl":[1,1,1,1,1,1,1,1,1,1,1,1,1,1,1,1,1,1,1,1,1,1,1,1,1,1,1,1,1,1,1,1,1,1,1,1,1,1,1,1,1,1,1,1,1,1,1,1,1,1,1,1,1,1,1,1,1]},
{"i":5,"pos":[-11.1153,-0.0131073,-2.51052E-06,-11.1153,-0.0131073,-2.51052E-06,-11.1153,-0.0131073,-2.51052E-06,-11.1153,-0.0131073,-2.51052E-06,-11.1153,-0.0131073,-2.51052E-06,-11.1153,-0.0131073,-2.51052E-06,-11.1153,-0.0131073,-2.51052E-06,-11.1153,-0.0131073,-2.51052E-06,-11.1153,-0.0131073,-2.51052E-06,-11.1153,-0.0131073,-2.51052E-06,-11.1153,-0.0131073,-2.51052E-06,-11.1153,-0.0131073,-2.51052E-06,-11.1153,-0.0131073,-2.51052E-06,-11.1153,-0.0131073,-2.51052E-06,-11.1153,-0.0131073,-2.51052E-06,-11.1153,-0.0131073,-2.51052E-06,-11.1153,-0.0131073,-2.51052E-06,-11.1153,-0.0131073,-2.51052E-06,-11.1153,-0.0131073,-2.51052E-06],"rot":[-0.0908943,0.0754745,0.532513,0.838136,-0.0622659,0.0856311,0.53366,0.839045,-0.0402562,0.103333,0.535565,0.837181,-0.0279863,0.123422,0.538624,0.832987,-0.0248366,0.13577,0.543135,0.828223,-0.0261919,0.139003,0.548844,0.82387,-0.0287799,0.140626,0.555011,0.819365,-0.032298,0.140717,0.561438,0.814827,-0.036464,0.139379,0.567939,0.810364,-0.0410434,0.13676,0.574408,0.80602,-0.0458094,0.133011,0.580734,0.801847,-0.0505754,0.128337,0.5868,0.797896,-0.0551795,0.122968,0.592489,0.794223,-0.0594931,0.117191,0.597728,0.790853,-0.0633763,0.111312,0.602441,0.787818,-0.0667254,0.105675,0.60652,0.785184,-0.0694508,0.100637,0.609866,0.783015,-0.0714806,0.0965704,0.612389,0.781374,-0.0727437,0.0938497,0.614,0.780324],"scl":[1,1,1,1,1,1,1,1,1,1,1,1,1,1,1,1,1,1,1,1,1,1,1,1,1,1,1,1,1,1,1,1,1,1,1,1,1,1,1,1,1,1,1,1,1,1,1,1,1,1,1,1,1,1,1,1,1]},
{"i":6,"pos":[-50.7382,0,-1.2854E-05,-50.7382,0,-1.2854E-05,-50.7382,0,-1.2854E-05,-50.7382,0,-1.2854E-05,-50.7382,0,-1.2854E-05,-50.7382,0,-1.2854E-05,-50.7382,0,-1.2854E-05,-50.7382,0,-1.2854E-05,-50.7382,0,-1.2854E-05,-50.7382,0,-1.2854E-05,-50.7382,0,-1.2854E-05,-50.7382,0,-1.2854E-05,-50.7382,0,-1.2854E-05,-50.7382,0,-1.2854E-05,-50.7382,0,-1.2854E-05,-50.7382,0,-1.2854E-05,-50.7382,0,-1.2854E-05,-50.7382,0,-1.2854E-05,-50.7382,0,-1.2854E-05],"rot":[0,0.667173,0,0.744902,0,0.623128,0,0.78212,0,0.566781,0,0.823869,0,0.507979,0,0.861369,0,0.466778,0,0.884374,0,0.444462,0,0.895798,0,0.424146,0,0.905594,0,0.406005,0,0.913871,0,0.390223,0,0.920721,0,0.376791,0,0.926298,0,0.365691,0,0.930736,0,0.35689,0,0.934147,0,0.350346,0,0.93662,0,0.345808,0,0.938305,0,0.342992,0,0.939338,0,0.341542,0,0.939867,0,0.341098,0,0.940028,0,0.341298,0,0.939955,0,0.341757,0,0.939789],"scl":[1,1,1,1,1,1,1,1,1,1,1,1,1,1,1,1,1,1,1,1,1,1,1,1,1,1,1,1,1,1,1,1,1,1,1,1,1,1,1,1,1,1,1,1,1,1,1,1,1,1,1,1,1,1,1,1,1]},
{"i":7,"pos":[-39.5527,0,-2.72831E-05,-39.5527,0,-2.72831E-05,-39.5527,0,-2.72831E-05,-39.5527,0,-2.72831E-05,-39.5527,0,-2.72831E-05,-39.5527,0,-2.72831E-05,-39.5527,0,-2.72831E-05,-39.5527,0,-2.72831E-05,-39.5527,0,-2.72831E-05,-39.5527,0,-2.72831E-05,-39.5527,0,-2.72831E-05,-39.5527,0,-2.72831E-05,-39.5527,0,-2.72831E-05,-39.5527,0,-2.72831E-05,-39.5527,0,-2.72831E-05,-39.5527,0,-2.72831E-05,-39.5527,0,-2.72831E-05,-39.5527,0,-2.72831E-05,-39.5527,0,-2.72831E-05],"rot":[0,0,0,1,0,0,0,1,0,0,0,1,0,0,0,1,0,0,0,1,0,0,0,1,0,0,0,1,0,0,0,1,0,0,0,1,0,0,0,1,0,0,0,1,0,0,0,1,0,0,0,1,0,0,0,1,0,0,0,1,0,0,0,1,0,0,0,1,0,0,0,1,0,0,0,1],"scl":[1,1,1,1,1,1,1,1,1,1,1,1,1,1,1,1,1,1,1,1,1,1,1,1,1,1,1,1,1,1,1,1,1,1,1,1,1,1,1,1,1,1,1,1,1,1,1,1,1,1,1,1,1,1,1,1,1]},
{"i":8,"pos":[0,0.0128937,0,0,0.0128937,0,0,0.0128937,0,0,0.0128937,0,0,0.0128937,0,0,0.0128937,0,0,0.0128937,0,0,0.0128937,0,0,0.0128937,0,0,0.0128937,0,0,0.0128937,0,0,0.0128937,0,0,0.0128937,0,0,0.0128937,0,0,0.0128937,0,0,0.0128937,0,0,0.0128937,0,0,0.0128937,0,0,0.0128937,0],"rot":[0,0,0,1,0,0,0,1,0,0,0,1,0,0,0,1,0,0,0,1,0,0,0,1,0,0,0,1,0,0,0,1,0,0,0,1,0,0,0,1,0,0,0,1,0,0,0,1,0,0,0,1,0,0,0,1,0,0,0,1,0,0,0,1,0,0,0,1,0,0,0,1,0,0,0,1],"scl":[1,1,1,1,1,1,1,1,1,1,1,1,1,1,1,1,1,1,1,1,1,1,1,1,1,1,1,1,1,1,1,1,1,1,1,1,1,1,1,1,1,1,1,1,1,1,1,1,1,1,1,1,1,1,1,1,1]},
{"i":9,"pos":[69.8544,63.814,0,69.8544,63.814,0,69.8544,63.814,0,69.8544,63.814,0,69.8544,63.814,0,69.8544,63.814,0,69.8544,63.814,0,69.8544,63.814,0,69.8544,63.814,0,69.8544,63.814,0,69.8544,63.814,0,69.8544,63.814,0,69.8544,63.814,0,69.8544,63.814,0,69.8544,63.814,0,69.8544,63.814,0,69.8544,63.814,0,69.8544,63.814,0,69.8544,63.814,0],"rot":[0,0,0,1,0,0,0,1,0,0,0,1,0,0,0,1,0,0,0,1,0,0,0,1,0,0,0,1,0,0,0,1,0,0,0,1,0,0,0,1,0,0,0,1,0,0,0,1,0,0,0,1,0,0,0,1,0,0,0,1,0,0,0,1,0,0,0,1,0,0,0,1,0,0,0,1],"scl":[1,1,1,1,1,1,1,1,1,1,1,1,1,1,1,1,1,1,1,1,1,1,1,1,1,1,1,1,1,1,1,1,1,1,1,1,1,1,1,1,1,1,1,1,1,1,1,1,1,1,1,1,1,1,1,1,1]},
{"i":10,