{
"name":"pl0809mot_g1s22_m0",
"frameCount":16,"fps":60,"rotFormat":"quat_xyzw",
"bones":[
{"i":0,"pos":[0,0,0,0,0,0,0,0,0,0,0,0,0,0,0,0,0,0,0,0,0,0,0,0,0,0,0,0,0,0,0,0,0,0,0,0,0,0,0,0,0,0,0,0,0,0,0,0],"rot":[0,0,0,1,0,0,0,1,0,0,0,1,0,0,0,1,0,0,0,1,0,0,0,1,0,0,0,1,0,0,0,1,0,0,0,1,0,0,0,1,0,0,0,1,0,0,0,1,0,0,0,1,0,0,0,1,0,0,0,1,0,0,0,1],"scl":[1,1,1,1,1,1,1,1,1,1,1,1,1,1,1,1,1,1,1,1,1,1,1,1,1,1,1,1,1,1,1,1,1,1,1,1,1,1,1,1,1,1,1,1,1,1,1,1]},
{"i":1,"pos":[-0.196572,114.846,5.45165,-0.193804,114.84,5.42935,-0.188333,114.829,5.38527,-0.184407,114.82,5.35363,-0.183429,114.818,5.34576,-0.183429,114.818,5.34663,-0.183918,114.82,5.35101,-0.184407,114.82,5.35363,-0.184407,114.82,5.35363,-0.184407,114.82,5.35363,-0.184407,114.82,5.35363,-0.184407,114.82,5.35363,-0.184407,114.82,5.35363,-0.184407,114.82,5.35363,-0.184407,114.82,5.35363,-0.184407,114.82,5.35363],"rot":[0,0,0,1,0,0,0,1,0,0,0,1,0,0,0,1,0,0,0,1,0,0,0,1,0,0,0,1,0,0,0,1,0,0,0,1,0,0,0,1,0,0,0,1,0,0,0,1,0,0,0,1,0,0,0,1,0,0,0,1,0,0,0,1],"scl":[1,1,1,1,1,1,1,1,1,1,1,1,1,1,1,1,1,1,1,1,1,1,1,1,1,1,1,1,1,1,1,1,1,1,1,1,1,1,1,1,1,1,1,1,1,1,1,1]},
{"i":2,"pos":[0,0,0,0,0,0,0,0,0,0,0,0,0,0,0,0,0,0,0,0,0,0,0,0,0,0,0,0,0,0,0,0,0,0,0,0,0,0,0,0,0,0,0,0,0,0,0,0],"rot":[0.0252301,-0.554195,-0.0497001,0.830518,0.0317158,-0.593039,-0.0327856,0.80388,0.0421501,-0.615945,-0.0156581,0.786505,0.0661787,-0.60738,0.00325466,0.791643,0.192009,-0.39596,0.0156759,0.897832,0.320607,-0.139744,0.0179825,0.936675,0.511584,-0.00386265,0.106413,0.85261,0.635175,0.133014,0.17035,0.741513,0.535936,0.365952,0.441134,0.619881,0.355106,0.543189,0.644772,0.403875,0.120199,0.637735,0.750249,0.126381,-0.133011,0.635187,0.741501,-0.170359,-0.36597,0.53593,0.619857,-0.441161,0.543207,-0.355078,-0.403842,0.644792,0.63774,-0.120175,-0.126352,0.750254,0.635186,0.133014,0.170362,0.7415],"scl":[1,1,1,1,1,1,1,1,1,1,1,1,1,1,1,1,1,1,1,1,1,1,1,1,1,1,1,1,1,1,1,1,1,1,1,1,1,1,1,1,1,1,1,1,1,1,1,1]},
{"i":3,"pos":[0,5.04826,0,0,5.04826,0,0,5.04826,0,0,5.04826,0,0,5.04826,0,0,5.04826,0,0,5.04826,0,0,5.04826,0,0,5.04826,0,0,5.04826,0,0,5.04826,0,0,5.04826,0,0,5.04826,0,0,5.04826,0,0,5.04826,0,0,5.04826,0],"rot":[0.304539,-0.254709,-0.113251,0.910798,0.295814,-0.284965,-0.123832,0.903302,0.286542,-0.303936,-0.128978,0.899378,0.279153,-0.304038,-0.131486,0.901302,0.245996,-0.199564,-0.14041,0.938054,0.193167,-0.0633907,-0.132754,0.970074,0.133585,0.14249,-0.121078,0.973238,0.0761128,0.308114,-0.0884901,0.944162,0.0761119,0.308123,-0.0884861,0.94416,0.0761124,0.308118,-0.0884881,0.944161,0.0761124,0.308118,-0.0884881,0.944161,0.0761124,0.308118,-0.0884881,0.944161,0.0761124,0.308118,-0.0884881,0.944161,0.0761124,0.308118,-0.0884881,0.944161,0.0761124,0.308118,-0.0884881,0.944161,0.0761124,0.308118,-0.0884881,0.944161],"scl":[1,1,1,1,1,1,1,1,1,1,1,1,1,1,1,1,1,1,1,1,1,1,1,1,1,1,1,1,1,1,1,1,1,1,1,1,1,1,1,1,1,1,1,1,1,1,1,1]},
{"i":4,"pos":[-14.2415,17.0749,-1.55006E-07,-14.2415,17.0749,-1.55006E-07,-14.2415,17.0749,-1.55006E-07,-14.2415,17.0749,-1.55006E-07,-14.2415,17.0749,-1.55006E-07,-14.2415,17.0749,-1.55006E-07,-14.2415,17.0749,-1.55006E-07,-14.2415,17.0749,-1.55006E-07,-14.2415,17.0749,-1.55006E-07,-14.2415,17.0749,-1.55006E-07,-14.2415,17.0749,-1.55006E-07,-14.2415,17.0749,-1.55006E-07,-14.2415,17.0749,-1.55006E-07,-14.2415,17.0749,-1.55006E-07,-14.2415,17.0749,-1.55006E-07,-14.2415,17.0749,-1.55006E-07],"rot":[0.0502146,-0.1785,-0.068269,0.980283,0.0501261,-0.204958,-0.0770419,0.974446,0.0496244,-0.224068,-0.0814733,0.969893,0.0519308,-0.221393,-0.0828089,0.970274,0.0597651,-0.182228,-0.0821629,0.977993,0.0726095,-0.0903689,-0.0767187,0.990291,0.0867069,0.122634,-0.0604814,0.986805,0.085369,0.271212,-0.0477784,0.957535,0.0853132,0.271221,-0.047763,0.957538,0.0853121,0.271222,-0.0477627,0.957538,0.0853121,0.271222,-0.0477627,0.957538,0.0853121,0.271222,-0.0477627,0.957538,0.0853121,0.271222,-0.0477627,0.957538,0.0853121,0.271222,-0.0477627,0.957538,0.0853121,0.271222,-0.0477627,0.957538,0.0853121,0.271222,-0.0477627,0.957538],"scl":[1,1,1,1,1,1,1,1,1,1,1,1,1,1,1,1,1,1,1,1,1,1,1,1,1,1,1,1,1,1,1,1,1,1,1,1,1,1,1,1,1,1,1,1,1,1,1,1]},
{"i":5,"pos":[-13.8992,5.1656,1.80454E-06,-13.8992,5.1656,1.80454E-06,-13.8992,5.1656,1.80454E-06,-13.8992,5.1656,1.80454E-06,-13.8992,5.1656,1.80454E-06,-13.8992,5.1656,1.80454E-06,-13.8992,5.1656,1.80454E-06,-13.8992,5.1656,1.80454E-06,-13.8992,5.1656,1.80454E-06,-13.8992,5.1656,1.80454E-06,-13.8992,5.1656,1.80454E-06,-13.8992,5.1656,1.80454E-06,-13.8992,5.1656,1.80454E-06,-13.8992,5.1656,1.80454E-06,-13.8992,5.1656,1.80454E-06,-13.8992,5.1656,1.80454E-06],"rot":[-0.0434573,-0.258508,0.338831,0.903592,-0.0304877,-0.27123,0.342773,0.898895,-0.0228213,-0.267063,0.343698,0.900016,-0.00492674,-0.288826,0.348838,0.891553,0.0552912,-0.365323,0.332513,0.867708,0.113696,-0.36213,0.317341,0.869039,0.088548,-0.17741,0.298797,0.933491,-0.0794656,0.347126,0.217692,0.908735,-0.0794748,0.347124,0.217688,0.908736,-0.0794702,0.347125,0.21769,0.908735,-0.0794702,0.347125,0.21769,0.908735,-0.0794702,0.347125,0.21769,0.908735,-0.0794702,0.347125,0.21769,0.908735,-0.0794702,0.347125,0.21769,0.908735,-0.0794702,0.347125,0.21769,0.908735,-0.0794702,0.347125,0.21769,0.908735],"scl":[1,1,1,1,1,1,1,1,1,1,1,1,1,1,1,1,1,1,1,1,1,1,1,1,1,1,1,1,1,1,1,1,1,1,1,1,1,1,1,1,1,1,1,1,1,1,1,1]},
{"i":6,"pos":[-26.3546,0,-1.08153E-07,-26.3546,0,-1.08153E-07,-26.3546,0,-1.08153E-07,-26.3546,0,-1.08153E-07,-26.3546,0,-1.08153E-07,-26.3546,0,-1.08153E-07,-26.3546,0,-1.08153E-07,-26.3546,0,-1.08153E-07,-26.3546,0,-1.08153E-07,-26.3546,0,-1.08153E-07,-26.3546,0,-1.08153E-07,-26.3546,0,-1.08153E-07,-26.3546,0,-1.08153E-07,-26.3546,0,-1.08153E-07,-26.3546,0,-1.08153E-07,-26.3546,0,-1.08153E-07],"rot":[-0,0.784555,-0,0.62006,-0,0.762073,-0,0.647491,-0,0.750846,-0,0.660477,-0,0.746512,-0,0.665372,0,0.681681,0,0.73165,0,0.56992,0,0.8217,-0,0.832605,-0,0.553867,0,0.644327,0,0.76475,0,0.644321,0,0.764755,0,0.64432,0,0.764756,0,0.64432,0,0.764756,0,0.64432,0,0.764756,0,0.64432,0,0.764756,0,0.64432,0,0.764756,0,0.64432,0,0.764756,0,0.64432,0,0.764756],"scl":[1,1,1,1,1,1,1,1,1,1,1,1,1,1,1,1,1,1,1,1,1,1,1,1,1,1,1,1,1,1,1,1,1,1,1,1,1,1,1,1,1,1,1,1,1,1,1,1]},
{"i":7,"pos":[-21.9902,0,1.65367E-05,-21.9902,0,1.65367E-05,-21.9902,0,1.65367E-05,-21.9902,0,1.65367E-05,-21.9902,0,1.65367E-05,-21.9902,0,1.65367E-05,-21.9902,0,1.65367E-05,-21.9902,0,1.65367E-05,-21.9902,0,1.65367E-05,-21.9902,0,1.65367E-05,-21.9902,0,1.65367E-05,-21.9902,0,1.65367E-05,-21.9902,0,1.65367E-05,-21.9902,0,1.65367E-05,-21.9902,0,1.65367E-05,-21.9902,0,1.65367E-05],"rot":[-0.313919,0.0806981,0.167261,0.93111,-0.330758,0.0774517,0.175966,0.923925,-0.340228,0.0754912,0.181889,0.91949,-0.344254,0.0750996,0.184339,0.917534,-0.344857,0.0756667,0.184654,0.917198,-0.344079,0.0762756,0.184775,0.917415,-0.343814,0.0766555,0.184895,0.917458,-0.343623,0.0770048,0.185014,0.917477,-0.343625,0.0770046,0.185014,0.917476,-0.343625,0.0770045,0.185014,0.917476,-0.343625,0.0770044,0.185014,0.917476,-0.343625,0.0770044,0.185014,0.917476,-0.343625,0.0770044,0.185014,0.917476,-0.343625,0.0770044,0.185014,0.917476,-0.343625,0.0770045,0.185014,0.917476,-0.343625,0.0770047,0.185014,0.917476],"scl":[1,1,1,1,1,1,1,1,1,1,1,1,1,1,1,1,1,1,1,1,1,1,1,1,1,1,1,1,1,1,1,1,1,1,1,1,1,1,1,1,1,1,1,1,1,1,1,1]},
{"i":8,"pos":[14.2415,17.0749,-1.55006E-07,14.2415,17.0749,-1.55006E-07,14.2415,17.0749,-1.55006E-07,14.2415,17.0749,-1.55006E-07,14.2415,17.0749,-1.55006E-07,14.2415,17.0749,-1.55006E-07,14.2415,17.0749,-1.55006E-07,14.2415,17.0749,-1.55006E-07,14.2415,17.0749,-1.55006E-07,14.2415,17.0749,-1.55006E-07,14.2415,17.0749,-1.55006E-07,14.2415,17.0749,-1.55006E-07,14.2415,17.0749,-1.55006E-07,14.2415,17.0749,-1.55006E-07,14.2415,17.0749,-1.55006E-07,14.2415,17.0749,-1.55006E-07],"rot":[0,0,0,1,0,0,0,1,0,0,0,1,0,0,0,1,0,0,0,1,0,0,0,1,0,0,0,1,0,0,0,1,0,0,0,1,0,0,0,1,0,0,0,1,0,0,0,1,0,0,0,1,0,0,0,1,0,0,0,1,0,0,0,1],"scl":[1,1,1,1,1,1,1,1,1,1,1,1,1,1,1,1,1,1,1,1,1,1,1,1,1,1,1,1,1,1,1,1,1,1,1,1,1,1,1,1,1,1,1,1,1,1,1,1]},
{"i":9,