{
"name":"pl0406mot_g3s22_m0",
"frameCount":19,"fps":60,"rotFormat":"quat_xyzw",
"bones":[
{"i":0,"pos":[0,0,0,0,0,0,0,0,0,0,0,0,0,0,0,0,0,0,0,0,0,0,0,0,0,0,0,0,0,0,0,0,0,0,0,0,0,0,0,0,0,0,0,0,0,0,0,0,0,0,0,0,0,0,0,0,0],"rot":[0,0,0,1,0,0,0,1,0,0,0,1,0,0,0,1,0,0,0,1,0,0,0,1,0,0,0,1,0,0,0,1,0,0,0,1,0,0,0,1,0,0,0,1,0,0,0,1,0,0,0,1,0,0,0,1,0,0,0,1,0,0,0,1,0,0,0,1,0,0,0,1,0,0,0,1],"scl":[1,1,1,1,1,1,1,1,1,1,1,1,1,1,1,1,1,1,1,1,1,1,1,1,1,1,1,1,1,1,1,1,1,1,1,1,1,1,1,1,1,1,1,1,1,1,1,1,1,1,1,1,1,1,1,1,1]},
{"i":1,"pos":[0,148.414,0.0761108,0,149.495,0.0526831,0,150.62,0.0293939,0,151.714,0.0104355,0,152.703,0,0,153.661,-0.00416013,0,154.701,-0.0071725,0,155.799,-0.00916471,0,156.935,-0.0102644,0,158.086,-0.0105991,0,159.232,-0.0102965,0,160.349,-0.00948411,0,161.416,-0.00828963,0,162.412,-0.00684063,0,163.315,-0.00526473,0,164.102,-0.00368952,0,164.752,-0.00224261,0,165.244,-0.00105162,0,165.555,-0.000244141],"rot":[0,0,0,1,0,0,0,1,0,0,0,1,0,0,0,1,0,0,0,1,0,0,0,1,0,0,0,1,0,0,0,1,0,0,0,1,0,0,0,1,0,0,0,1,0,0,0,1,0,0,0,1,0,0,0,1,0,0,0,1,0,0,0,1,0,0,0,1,0,0,0,1,0,0,0,1],"scl":[1,1,1,1,1,1,1,1,1,1,1,1,1,1,1,1,1,1,1,1,1,1,1,1,1,1,1,1,1,1,1,1,1,1,1,1,1,1,1,1,1,1,1,1,1,1,1,1,1,1,1,1,1,1,1,1,1]},
{"i":2,"pos":[0,0,0,0,0,0,0,0,0,0,0,0,0,0,0,0,0,0,0,0,0,0,0,0,0,0,0,0,0,0,0,0,0,0,0,0,0,0,0,0,0,0,0,0,0,0,0,0,0,0,0,0,0,0,0,0,0],"rot":[0,0,0,1,0,0,0,1,0,0,0,1,0,0,0,1,0,0,0,1,0,0,0,1,0,0,0,1,0,0,0,1,0,0,0,1,0,0,0,1,0,0,0,1,0,0,0,1,0,0,0,1,0,0,0,1,0,0,0,1,0,0,0,1,0,0,0,1,0,0,0,1,0,0,0,1],"scl":[1,1,1,1,1,1,1,1,1,1,1,1,1,1,1,1,1,1,1,1,1,1,1,1,1,1,1,1,1,1,1,1,1,1,1,1,1,1,1,1,1,1,1,1,1,1,1,1,1,1,1,1,1,1,1,1,1]},
{"i":3,"pos":[6.24813E-06,8.23552,1.78518E-06,6.24813E-06,8.23552,1.78518E-06,6.24813E-06,8.23552,1.78518E-06,6.24813E-06,8.23552,1.78518E-06,6.24813E-06,8.23552,1.78518E-06,6.24813E-06,8.23552,1.78518E-06,6.24813E-06,8.23552,1.78518E-06,6.24813E-06,8.23552,1.78518E-06,6.24813E-06,8.23552,1.78518E-06,6.24813E-06,8.23552,1.78518E-06,6.24813E-06,8.23552,1.78518E-06,6.24813E-06,8.23552,1.78518E-06,6.24813E-06,8.23552,1.78518E-06,6.24813E-06,8.23552,1.78518E-06,6.24813E-06,8.23552,1.78518E-06,6.24813E-06,8.23552,1.78518E-06,6.24813E-06,8.23552,1.78518E-06,6.24813E-06,8.23552,1.78518E-06,6.24813E-06,8.23552,1.78518E-06],"rot":[0,0,0,1,0,0,0,1,0,0,0,1,0,0,0,1,0,0,0,1,0,0,0,1,0,0,0,1,0,0,0,1,0,0,0,1,0,0,0,1,0,0,0,1,0,0,0,1,0,0,0,1,0,0,0,1,0,0,0,1,0,0,0,1,0,0,0,1,0,0,0,1,0,0,0,1],"scl":[1,1,1,1,1,1,1,1,1,1,1,1,1,1,1,1,1,1,1,1,1,1,1,1,1,1,1,1,1,1,1,1,1,1,1,1,1,1,1,1,1,1,1,1,1,1,1,1,1,1,1,1,1,1,1,1,1]},
{"i":4,"pos":[-69.8544,63.814,0,-69.8544,63.814,0,-69.8544,63.814,0,-69.8544,63.814,0,-69.8544,63.814,0,-69.8544,63.814,0,-69.8544,63.814,0,-69.8544,63.814,0,-69.8544,63.814,0,-69.8544,63.814,0,-69.8544,63.814,0,-69.8544,63.814,0,-69.8544,63.814,0,-69.8544,63.814,0,-69.8544,63.814,0,-69.8544,63.814,0,-69.8544,63.814,0,-69.8544,63.814,0,-69.8544,63.814,0],"rot":[0,0,0,1,0,0,0,1,0,0,0,1,0,0,0,1,0,0,0,1,0,0,0,1,0,0,0,1,0,0,0,1,0,0,0,1,0,0,0,1,0,0,0,1,0,0,0,1,0,0,0,1,0,0,0,1,0,0,0,1,0,0,0,1,0,0,0,1,0,0,0,1,0,0,0,1],"scl":[1,1,1,1,1,1,1,1,1,1,1,1,1,1,1,1,1,1,1,1,1,1,1,1,1,1,1,1,1,1,1,1,1,1,1,1,1,1,1,1,1,1,1,1,1,1,1,1,1,1,1,1,1,1,1,1,1]},
{"i":5,"pos":[-11.1153,-0.0131073,-2.51052E-06,-11.1153,-0.0131073,-2.51052E-06,-11.1153,-0.0131073,-2.51052E-06,-11.1153,-0.0131073,-2.51052E-06,-11.1153,-0.0131073,-2.51052E-06,-11.1153,-0.0131073,-2.51052E-06,-11.1153,-0.0131073,-2.51052E-06,-11.1153,-0.0131073,-2.51052E-06,-11.1153,-0.0131073,-2.51052E-06,-11.1153,-0.0131073,-2.51052E-06,-11.1153,-0.0131073,-2.51052E-06,-11.1153,-0.0131073,-2.51052E-06,-11.1153,-0.0131073,-2.51052E-06,-11.1153,-0.0131073,-2.51052E-06,-11.1153,-0.0131073,-2.51052E-06,-11.1153,-0.0131073,-2.51052E-06,-11.1153,-0.0131073,-2.51052E-06,-11.1153,-0.0131073,-2.51052E-06,-11.1153,-0.0131073,-2.51052E-06],"rot":[0.11456,-0.0183982,0.570138,0.813314,0.104536,-0.0201506,0.576232,0.810323,0.0945006,-0.0215914,0.58217,0.807268,0.085442,-0.0224266,0.587447,0.804427,0.0783435,-0.0223151,0.591559,0.802136,0.0723235,-0.0215131,0.595044,0.800143,0.0659761,-0.0204048,0.598625,0.798047,0.0593893,-0.0190364,0.602242,0.795873,0.0526525,-0.017451,0.605834,0.793655,0.0458567,-0.0156875,0.60934,0.791426,0.0390943,-0.0137813,0.612699,0.789229,0.0324596,-0.0117639,0.615848,0.787108,0.0260774,-0.00969923,0.618751,0.785094,0.0200626,-0.00763469,0.621365,0.783227,0.0145634,-0.00565498,0.62366,0.78154,0.00972543,-0.00384624,0.625605,0.78007,0.00569827,-0.00229144,0.627171,0.778857,0.00263191,-0.00107365,0.628328,0.777943,0.000675956,-0.000277424,0.629048,0.777366],"scl":[1,1,1,1,1,1,1,1,1,1,1,1,1,1,1,1,1,1,1,1,1,1,1,1,1,1,1,1,1,1,1,1,1,1,1,1,1,1,1,1,1,1,1,1,1,1,1,1,1,1,1,1,1,1,1,1,1]},
{"i":6,"pos":[-50.7382,0.0128937,-1.2854E-05,-50.7382,0.0128937,-1.2854E-05,-50.7382,0.0128937,-1.2854E-05,-50.7382,0.0128937,-1.2854E-05,-50.7382,0.0128937,-1.2854E-05,-50.7382,0.0128937,-1.2854E-05,-50.7382,0.0128937,-1.2854E-05,-50.7382,0.0128937,-1.2854E-05,-50.7382,0.0128937,-1.2854E-05,-50.7382,0.0128937,-1.2854E-05,-50.7382,0.0128937,-1.2854E-05,-50.7382,0.0128937,-1.2854E-05,-50.7382,0.0128937,-1.2854E-05,-50.7382,0.0128937,-1.2854E-05,-50.7382,0.0128937,-1.2854E-05,-50.7382,0.0128937,-1.2854E-05,-50.7382,0.0128937,-1.2854E-05,-50.7382,0.0128937,-1.2854E-05,-50.7382,0.0128937,-1.2854E-05],"rot":[0,0.493344,0,0.869834,0,0.485687,0,0.874133,0,0.477505,0,0.878629,0,0.469364,0,0.883005,0,0.461843,0,0.886962,0,0.454397,0,0.890799,0,0.4461,0,0.894983,0,0.437093,0,0.899416,0,0.427521,0,0.904005,0,0.417531,0,0.908662,0,0.407275,0,0.913306,0,0.396905,0,0.91786,0,0.386659,0,0.922223,0,0.376748,0,0.926316,0,0.367484,0,0.93003,0,0.359182,0,0.933268,0,0.352162,0,0.935939,0,0.346744,0,0.93796,0,0.343248,0,0.939245],"scl":[1,1,1,1,1,1,1,1,1,1,1,1,1,1,1,1,1,1,1,1,1,1,1,1,1,1,1,1,1,1,1,1,1,1,1,1,1,1,1,1,1,1,1,1,1,1,1,1,1,1,1,1,1,1,1,1,1]},
{"i":7,"pos":[-39.5527,0,-2.72831E-05,-39.5527,0,-2.72831E-05,-39.5527,0,-2.72831E-05,-39.5527,0,-2.72831E-05,-39.5527,0,-2.72831E-05,-39.5527,0,-2.72831E-05,-39.5527,0,-2.72831E-05,-39.5527,0,-2.72831E-05,-39.5527,0,-2.72831E-05,-39.5527,0,-2.72831E-05,-39.5527,0,-2.72831E-05,-39.5527,0,-2.72831E-05,-39.5527,0,-2.72831E-05,-39.5527,0,-2.72831E-05,-39.5527,0,-2.72831E-05,-39.5527,0,-2.72831E-05,-39.5527,0,-2.72831E-05,-39.5527,0,-2.72831E-05,-39.5527,0,-2.72831E-05],"rot":[0,0,0,1,0,0,0,1,0,0,0,1,0,0,0,1,0,0,0,1,0,0,0,1,0,0,0,1,0,0,0,1,0,0,0,1,0,0,0,1,0,0,0,1,0,0,0,1,0,0,0,1,0,0,0,1,0,0,0,1,0,0,0,1,0,0,0,1,0,0,0,1,0,0,0,1],"scl":[1,1,1,1,1,1,1,1,1,1,1,1,1,1,1,1,1,1,1,1,1,1,1,1,1,1,1,1,1,1,1,1,1,1,1,1,1,1,1,1,1,1,1,1,1,1,1,1,1,1,1,1,1,1,1,1,1]},
{"i":8,"pos":[69.8544,63.814,0,69.8544,63.814,0,69.8544,63.814,0,69.8544,63.814,0,69.8544,63.814,0,69.8544,63.814,0,69.8544,63.814,0,69.8544,63.814,0,69.8544,63.814,0,69.8544,63.814,0,69.8544,63.814,0,69.8544,63.814,0,69.8544,63.814,0,69.8544,63.814,0,69.8544,63.814,0,69.8544,63.814,0,69.8544,63.814,0,69.8544,63.814,0,69.8544,63.814,0],"rot":[0,0,0,1,0,0,0,1,0,0,0,1,0,0,0,1,0,0,0,1,0,0,0,1,0,0,0,1,0,0,0,1,0,0,0,1,0,0,0,1,0,0,0,1,0,0,0,1,0,0,0,1,0,0,0,1,0,0,0,1,0,0,0,1,0,0,0,1,0,0,0,1,0,0,0,1],"scl":[1,1,1,1,1,1,1,1,1,1,1,1,1,1,1,1,1,1,1,1,1,1,1,1,1,1,1,1,1,1,1,1,1,1,1,1,1,1,1,1,1,1,1,1,1,1,1,1,1,1,1,1,1,1,1,1,1]},
{"i":9,"pos":[11.1153,-0.0131073,-2.51052E-06,11.1153,-0.0131073,-2.51052E-06,11.1153,-0.0131073,-2.51052E-06,11.1153,-0.0131073,-2.51052E-06,11.1153,-0.0131073,-2.51052E-06,11.1153,-0.0131073,-2.51052E-06,11.1153,-0.0131073,-2.51052E-06,11.1153,-0.0131073,-2.51052E-06,11.1153,-0.0131073,-2.51052E-06,11.1153,-0.0131073,-2.51052E-06,11.1153,-0.0131073,-2.51052E-06,11.1153,-0.0131073,-2.51052E-06,11.1153,-0.0131073,-2.51052E-06,11.1153,-0.0131073,-2.51052E-06,11.1153,-0.0131073,-2.51052E-06,11.1153,-0.0131073,-2.51052E-06,11.1153,-0.0131073,-2.51052E-06,11.1153,-0.0131073,-2.51052E-06,11.1153,-0.0131073,-2.51052E-06],"rot":[0,0,0,1,0,0,0,1,0,0,0,1,0,0,0,1,0,0,0,1,0,0,0,1,0,0,0,1,0,0,0,1,0,0,0,1,0,0,0,1,0,0,0,1,0,0,0,1,0,0,0,1,0,0,0,1,0,0,0,1,0,0,0,1,0,0,0,1,0,0,0,1,0,0,0,1],