{
"name":"pl0406mot_g4s1_m0",
"frameCount":19,"fps":60,"rotFormat":"quat_xyzw",
"bones":[
{"i":0,"pos":[0,0,0,0,0,0,0,0,0,0,0,0,0,0,0,0,0,0,0,0,0,0,0,0,0,0,0,0,0,0,0,0,0,0,0,0,0,0,0,0,0,0,0,0,0,0,0,0,0,0,0,0,0,0,0,0,0],"rot":[0,0,0,1,0,0,0,1,0,0,0,1,0,0,0,1,0,0,0,1,0,0,0,1,0,0,0,1,0,0,0,1,0,0,0,1,0,0,0,1,0,0,0,1,0,0,0,1,0,0,0,1,0,0,0,1,0,0,0,1,0,0,0,1,0,0,0,1,0,0,0,1,0,0,0,1],"scl":[1,1,1,1,1,1,1,1,1,1,1,1,1,1,1,1,1,1,1,1,1,1,1,1,1,1,1,1,1,1,1,1,1,1,1,1,1,1,1,1,1,1,1,1,1,1,1,1,1,1,1,1,1,1,1,1,1]},
{"i":1,"pos":[0,144.371,0,0,144.371,0,0,144.371,0,0,144.371,0,0,144.371,0,0,144.371,0,0,144.371,0,0,144.371,0,0,144.371,0,0,144.371,0,0,144.371,0,0,144.371,0,0,144.371,0,0,144.371,0,0,144.371,0,0,144.371,0,0,144.371,0,0,144.371,0,0,144.371,0],"rot":[0,0,0,1,0,0,0,1,0,0,0,1,0,0,0,1,0,0,0,1,0,0,0,1,0,0,0,1,0,0,0,1,0,0,0,1,0,0,0,1,0,0,0,1,0,0,0,1,0,0,0,1,0,0,0,1,0,0,0,1,0,0,0,1,0,0,0,1,0,0,0,1,0,0,0,1],"scl":[1,1,1,1,1,1,1,1,1,1,1,1,1,1,1,1,1,1,1,1,1,1,1,1,1,1,1,1,1,1,1,1,1,1,1,1,1,1,1,1,1,1,1,1,1,1,1,1,1,1,1,1,1,1,1,1,1]},
{"i":2,"pos":[0,0,0,0,0,0,0,0,0,0,0,0,0,0,0,0,0,0,0,0,0,0,0,0,0,0,0,0,0,0,0,0,0,0,0,0,0,0,0,0,0,0,0,0,0,0,0,0,0,0,0,0,0,0,0,0,0],"rot":[-0.000169479,0.707087,0.707127,-0.000169489,0.122618,0.696374,0.696413,0.122625,0.241679,0.664502,0.66454,0.241693,0.353398,0.612439,0.612474,0.353418,0.454378,0.541768,0.541799,0.454404,0.541552,0.454635,0.454661,0.541583,0.612271,0.353688,0.353708,0.612306,0.664387,0.241995,0.242008,0.664425,0.696316,0.122948,0.122955,0.696355,0.707087,0.000166329,0.000166339,0.707127,0.696373,-0.122621,-0.122628,0.696413,0.664501,-0.241682,-0.241696,0.664538,0.612438,-0.3534,-0.35342,0.612472,0.541766,-0.45438,-0.454406,0.541797,-0.454633,0.541554,0.541585,-0.454658,-0.353685,0.612273,0.612308,-0.353706,-0.241992,0.664388,0.664426,-0.242006,-0.122945,0.696316,0.696356,-0.122952,-0.00016318,0.707087,0.707127,-0.000163189],"scl":[1,1,1,1,1,1,1,1,1,1,1,1,1,1,1,1,1,1,1,1,1,1,1,1,1,1,1,1,1,1,1,1,1,1,1,1,1,1,1,1,1,1,1,1,1,1,1,1,1,1,1,1,1,1,1,1,1]},
{"i":3,"pos":[6.24813E-06,8.23552,1.78518E-06,6.24813E-06,8.23552,1.78518E-06,6.24813E-06,8.23552,1.78518E-06,6.24813E-06,8.23552,1.78518E-06,6.24813E-06,8.23552,1.78518E-06,6.24813E-06,8.23552,1.78518E-06,6.24813E-06,8.23552,1.78518E-06,6.24813E-06,8.23552,1.78518E-06,6.24813E-06,8.23552,1.78518E-06,6.24813E-06,8.23552,1.78518E-06,6.24813E-06,8.23552,1.78518E-06,6.24813E-06,8.23552,1.78518E-06,6.24813E-06,8.23552,1.78518E-06,6.24813E-06,8.23552,1.78518E-06,6.24813E-06,8.23552,1.78518E-06,6.24813E-06,8.23552,1.78518E-06,6.24813E-06,8.23552,1.78518E-06,6.24813E-06,8.23552,1.78518E-06,6.24813E-06,8.23552,1.78518E-06],"rot":[0,0,0,1,0,0,0,1,0,0,0,1,0,0,0,1,0,0,0,1,0,0,0,1,0,0,0,1,0,0,0,1,0,0,0,1,0,0,0,1,0,0,0,1,0,0,0,1,0,0,0,1,0,0,0,1,0,0,0,1,0,0,0,1,0,0,0,1,0,0,0,1,0,0,0,1],"scl":[1,1,1,1,1,1,1,1,1,1,1,1,1,1,1,1,1,1,1,1,1,1,1,1,1,1,1,1,1,1,1,1,1,1,1,1,1,1,1,1,1,1,1,1,1,1,1,1,1,1,1,1,1,1,1,1,1]},
{"i":4,"pos":[-69.8544,63.814,0,-69.8544,63.814,0,-69.8544,63.814,0,-69.8544,63.814,0,-69.8544,63.814,0,-69.8544,63.814,0,-69.8544,63.814,0,-69.8544,63.814,0,-69.8544,63.814,0,-69.8544,63.814,0,-69.8544,63.814,0,-69.8544,63.814,0,-69.8544,63.814,0,-69.8544,63.814,0,-69.8544,63.814,0,-69.8544,63.814,0,-69.8544,63.814,0,-69.8544,63.814,0,-69.8544,63.814,0],"rot":[0,0,0,1,0,0,0,1,0,0,0,1,0,0,0,1,0,0,0,1,0,0,0,1,0,0,0,1,0,0,0,1,0,0,0,1,0,0,0,1,0,0,0,1,0,0,0,1,0,0,0,1,0,0,0,1,0,0,0,1,0,0,0,1,0,0,0,1,0,0,0,1,0,0,0,1],"scl":[1,1,1,1,1,1,1,1,1,1,1,1,1,1,1,1,1,1,1,1,1,1,1,1,1,1,1,1,1,1,1,1,1,1,1,1,1,1,1,1,1,1,1,1,1,1,1,1,1,1,1,1,1,1,1,1,1]},
{"i":5,"pos":[-11.1153,-0.0131073,-2.51052E-06,-11.1153,-0.0131073,-2.51052E-06,-11.1153,-0.0131073,-2.51052E-06,-11.1153,-0.0131073,-2.51052E-06,-11.1153,-0.0131073,-2.51052E-06,-11.1153,-0.0131073,-2.51052E-06,-11.1153,-0.0131073,-2.51052E-06,-11.1153,-0.0131073,-2.51052E-06,-11.1153,-0.0131073,-2.51052E-06,-11.1153,-0.0131073,-2.51052E-06,-11.1153,-0.0131073,-2.51052E-06,-11.1153,-0.0131073,-2.51052E-06,-11.1153,-0.0131073,-2.51052E-06,-11.1153,-0.0131073,-2.51052E-06,-11.1153,-0.0131073,-2.51052E-06,-11.1153,-0.0131073,-2.51052E-06,-11.1153,-0.0131073,-2.51052E-06,-11.1153,-0.0131073,-2.51052E-06,-11.1153,-0.0131073,-2.51052E-06],"rot":[-0.608747,0.793365,3.44433E-05,4.48891E-05,-0.608747,0.793365,3.44433E-05,4.48891E-05,-0.608747,0.793365,3.44433E-05,4.48891E-05,-0.608747,0.793365,3.44433E-05,4.48891E-05,-0.608747,0.793365,3.44433E-05,4.48891E-05,-0.608747,0.793365,3.44433E-05,4.48891E-05,-0.608747,0.793365,3.44433E-05,4.48891E-05,-0.608747,0.793365,3.44433E-05,4.48891E-05,-0.608747,0.793365,3.44433E-05,4.48891E-05,-0.608747,0.793365,3.44433E-05,4.48891E-05,-0.608747,0.793365,3.44433E-05,4.48891E-05,-0.608747,0.793365,3.44433E-05,4.48891E-05,-0.608747,0.793365,3.44433E-05,4.48891E-05,-0.608747,0.793365,3.44433E-05,4.48891E-05,-0.608747,0.793365,3.44433E-05,4.48891E-05,-0.608747,0.793365,3.44433E-05,4.48891E-05,-0.608747,0.793365,3.44433E-05,4.48891E-05,-0.608747,0.793365,3.44433E-05,4.48891E-05,-0.608747,0.793365,3.44433E-05,4.48891E-05],"scl":[1,1,1,1,1,1,1,1,1,1,1,1,1,1,1,1,1,1,1,1,1,1,1,1,1,1,1,1,1,1,1,1,1,1,1,1,1,1,1,1,1,1,1,1,1,1,1,1,1,1,1,1,1,1,1,1,1]},
{"i":6,"pos":[-50.7382,0.0128937,-1.2854E-05,-50.7382,0.0128937,-1.2854E-05,-50.7382,0.0128937,-1.2854E-05,-50.7382,0.0128937,-1.2854E-05,-50.7382,0.0128937,-1.2854E-05,-50.7382,0.0128937,-1.2854E-05,-50.7382,0.0128937,-1.2854E-05,-50.7382,0.0128937,-1.2854E-05,-50.7382,0.0128937,-1.2854E-05,-50.7382,0.0128937,-1.2854E-05,-50.7382,0.0128937,-1.2854E-05,-50.7382,0.0128937,-1.2854E-05,-50.7382,0.0128937,-1.2854E-05,-50.7382,0.0128937,-1.2854E-05,-50.7382,0.0128937,-1.2854E-05,-50.7382,0.0128937,-1.2854E-05,-50.7382,0.0128937,-1.2854E-05,-50.7382,0.0128937,-1.2854E-05,-50.7382,0.0128937,-1.2854E-05],"rot":[0,0,0,1,0,0,0,1,0,0,0,1,0,0,0,1,0,0,0,1,0,0,0,1,0,0,0,1,0,0,0,1,0,0,0,1,0,0,0,1,0,0,0,1,0,0,0,1,0,0,0,1,0,0,0,1,0,0,0,1,0,0,0,1,0,0,0,1,0,0,0,1,0,0,0,1],"scl":[1,1,1,1,1,1,1,1,1,1,1,1,1,1,1,1,1,1,1,1,1,1,1,1,1,1,1,1,1,1,1,1,1,1,1,1,1,1,1,1,1,1,1,1,1,1,1,1,1,1,1,1,1,1,1,1,1]},
{"i":7,"pos":[-39.5527,0,-2.72831E-05,-39.5527,0,-2.72831E-05,-39.5527,0,-2.72831E-05,-39.5527,0,-2.72831E-05,-39.5527,0,-2.72831E-05,-39.5527,0,-2.72831E-05,-39.5527,0,-2.72831E-05,-39.5527,0,-2.72831E-05,-39.5527,0,-2.72831E-05,-39.5527,0,-2.72831E-05,-39.5527,0,-2.72831E-05,-39.5527,0,-2.72831E-05,-39.5527,0,-2.72831E-05,-39.5527,0,-2.72831E-05,-39.5527,0,-2.72831E-05,-39.5527,0,-2.72831E-05,-39.5527,0,-2.72831E-05,-39.5527,0,-2.72831E-05,-39.5527,0,-2.72831E-05],"rot":[0,0,0,1,0,0,0,1,0,0,0,1,0,0,0,1,0,0,0,1,0,0,0,1,0,0,0,1,0,0,0,1,0,0,0,1,0,0,0,1,0,0,0,1,0,0,0,1,0,0,0,1,0,0,0,1,0,0,0,1,0,0,0,1,0,0,0,1,0,0,0,1,0,0,0,1],"scl":[1,1,1,1,1,1,1,1,1,1,1,1,1,1,1,1,1,1,1,1,1,1,1,1,1,1,1,1,1,1,1,1,1,1,1,1,1,1,1,1,1,1,1,1,1,1,1,1,1,1,1,1,1,1,1,1,1]},
{"i":8,"pos":[69.8544,63.814,0,69.8544,63.814,0,69.8544,63.814,0,69.8544,63.814,0,69.8544,63.814,0,69.8544,63.814,0,69.8544,63.814,0,69.8544,63.814,0,69.8544,63.814,0,69.8544,63.814,0,69.8544,63.814,0,69.8544,63.814,0,69.8544,63.814,0,69.8544,63.814,0,69.8544,63.814,0,69.8544,63.814,0,69.8544,63.814,0,69.8544,63.814,0,69.8544,63.814,0],"rot":[0,0,0,1,0,0,0,1,0,0,0,1,0,0,0,1,0,0,0,1,0,0,0,1,0,0,0,1,0,0,0,1,0,0,0,1,0,0,0,1,0,0,0,1,0,0,0,1,0,0,0,1,0,0,0,1,0,0,0,1,0,0,0,1,0,0,0,1,0,0,0,1,0,0,0,1],"scl":[1,1,1,1,1,1,1,1,1,1,1,1,1,1,1,1,1,1,1,1,1,1,1,1,1,1,1,1,1,1,1,1,1,1,1,1,1,1,1,1,1,1,1,1,1,1,1,1,1,1,1,1,1,1,1,1,1]},
{"i":9,