{
"name":"pl0805mot_g3s19_m0",
"frameCount":16,"fps":60,"rotFormat":"quat_xyzw",
"bones":[
{"i":0,"pos":[0,0,0,0,0,0,0,0,0,0,0,0,0,0,0,0,0,0,0,0,0,0,0,0,0,0,0,0,0,0,0,0,0,0,0,0,0,0,0,0,0,0,0,0,0,0,0,0],"rot":[0,0,0,1,0,0,0,1,0,0,0,1,0,0,0,1,0,0,0,1,0,0,0,1,0,0,0,1,0,0,0,1,0,0,0,1,0,0,0,1,0,0,0,1,0,0,0,1,0,0,0,1,0,0,0,1,0,0,0,1,0,0,0,1],"scl":[1,1,1,1,1,1,1,1,1,1,1,1,1,1,1,1,1,1,1,1,1,1,1,1,1,1,1,1,1,1,1,1,1,1,1,1,1,1,1,1,1,1,1,1,1,1,1,1]},
{"i":1,"pos":[0,110,0,0,110,0,0,110,0,0,110,0,0,110,0,0,110,0,0,110,0,0,110,0,0,110,0,0,110,0,0,110,0,0,110,0,0,110,0,0,110,0,0,110,0,0,110,0],"rot":[0,0,0,1,0,0,0,1,0,0,0,1,0,0,0,1,0,0,0,1,0,0,0,1,0,0,0,1,0,0,0,1,0,0,0,1,0,0,0,1,0,0,0,1,0,0,0,1,0,0,0,1,0,0,0,1,0,0,0,1,0,0,0,1],"scl":[1,1,1,1,1,1,1,1,1,1,1,1,1,1,1,1,1,1,1,1,1,1,1,1,1,1,1,1,1,1,1,1,1,1,1,1,1,1,1,1,1,1,1,1,1,1,1,1]},
{"i":2,"pos":[0,0,0,0,0,0,0,0,0,0,0,0,0,0,0,0,0,0,0,0,0,0,0,0,0,0,0,0,0,0,0,0,0,0,0,0,0,0,0,0,0,0,0,0,0,0,0,0],"rot":[0.678371,-0.00111742,-0.0010451,0.734718,0.680072,-0.00180445,-0.00167854,0.733141,0.681721,-0.0017017,-0.00157531,0.731609,0.682411,-0.00102621,-0.000947997,0.730967,0.681237,-1.78876E-06,-1.92221E-06,0.732063,0.678468,0.00114146,0.00106441,0.734628,0.67506,0.00251452,0.00236714,0.737755,0.671126,0.00406336,0.00386632,0.741322,0.66678,0.00573632,0.00552236,0.745212,0.66214,0.00748327,0.00729395,0.749307,0.657325,0.00925598,0.0091377,0.753495,0.652458,0.0110085,0.0110079,0.757665,0.647666,0.0126971,0.0128567,0.76171,0.643077,0.0142805,0.0146337,0.765529,0.638824,0.0157198,0.0162868,0.76902,0.635041,0.0169777,0.0177623,0.772088],"scl":[1,1,1,1,1,1,1,1,1,1,1,1,1,1,1,1,1,1,1,1,1,1,1,1,1,1,1,1,1,1,1,1,1,1,1,1,1,1,1,1,1,1,1,1,1,1,1,1]},
{"i":3,"pos":[0,11.5691,0,0,11.5691,0,0,11.5691,0,0,11.5691,0,0,11.5691,0,0,11.5691,0,0,11.5691,0,0,11.5691,0,0,11.5691,0,0,11.5691,0,0,11.5691,0,0,11.5691,0,0,11.5691,0,0,11.5691,0,0,11.5691,0,0,11.5691,0],"rot":[-0.0748511,0.00138082,0.000562697,0.997194,-0.0734599,0.000589658,0.000237465,0.997298,-0.0712222,-0.000195955,-8.18938E-05,0.99746,-0.069566,-0.00053877,-0.000218671,0.997577,-0.0699197,0,0,0.997553,-0.0722932,0.00128765,0.00052509,0.997382,-0.0756066,0.00286118,0.00117792,0.997133,-0.0796545,0.00466199,0.00194151,0.99681,-0.0842315,0.00663189,0.00279769,0.99642,-0.089132,0.00871344,0.00372633,0.995975,-0.0941503,0.0108502,0.00470478,0.995488,-0.0990812,0.012987,0.00570764,0.994978,-0.103719,0.0150698,0.00670664,0.99447,-0.107859,0.0170462,0.00767085,0.99399,-0.111296,0.0188645,0.00856707,0.993571,-0.113826,0.0204744,0.00936038,0.993246],"scl":[1,1,1,1,1,1,1,1,1,1,1,1,1,1,1,1,1,1,1,1,1,1,1,1,1,1,1,1,1,1,1,1,1,1,1,1,1,1,1,1,1,1,1,1,1,1,1,1]},
{"i":4,"pos":[-10.0879,13.0121,-2.12947E-07,-10.0879,13.0121,-2.12947E-07,-10.0879,13.0121,-2.12947E-07,-10.0879,13.0121,-2.12947E-07,-10.0879,13.0121,-2.12947E-07,-10.0879,13.0121,-2.12947E-07,-10.0879,13.0121,-2.12947E-07,-10.0879,13.0121,-2.12947E-07,-10.0879,13.0121,-2.12947E-07,-10.0879,13.0121,-2.12947E-07,-10.0879,13.0121,-2.12947E-07,-10.0879,13.0121,-2.12947E-07,-10.0879,13.0121,-2.12947E-07,-10.0879,13.0121,-2.12947E-07,-10.0879,13.0121,-2.12947E-07,-10.0879,13.0121,-2.12947E-07],"rot":[-0.186951,-0.0860629,-0.301688,0.930928,-0.19481,-0.0862621,-0.310643,0.926342,-0.210351,-0.079086,-0.305851,0.925178,-0.223288,-0.0707328,-0.292953,0.926994,-0.223094,-0.0665835,-0.27807,0.931919,-0.211364,-0.0659184,-0.26292,0.93907,-0.197302,-0.0648115,-0.245186,0.946971,-0.181343,-0.0630739,-0.22533,0.955177,-0.16393,-0.0605534,-0.203832,0.963282,-0.14552,-0.0571508,-0.181187,0.970942,-0.126569,-0.0528313,-0.157906,0.977883,-0.107535,-0.0476312,-0.134502,0.983909,-0.0888575,-0.04166,-0.111485,0.988908,-0.0709605,-0.035098,-0.0893495,0.992849,-0.0542389,-0.0281898,-0.0685735,0.995772,-0.0390573,-0.0212337,-0.0496076,0.997779],"scl":[1,1,1,1,1,1,1,1,1,1,1,1,1,1,1,1,1,1,1,1,1,1,1,1,1,1,1,1,1,1,1,1,1,1,1,1,1,1,1,1,1,1,1,1,1,1,1,1]},
{"i":5,"pos":[-9.88047,2.28882E-05,8.94937E-06,-9.88047,2.28882E-05,8.94937E-06,-9.88047,2.28882E-05,8.94937E-06,-9.88047,2.28882E-05,8.94937E-06,-9.88047,2.28882E-05,8.94937E-06,-9.88047,2.28882E-05,8.94937E-06,-9.88047,2.28882E-05,8.94937E-06,-9.88047,2.28882E-05,8.94937E-06,-9.88047,2.28882E-05,8.94937E-06,-9.88047,2.28882E-05,8.94937E-06,-9.88047,2.28882E-05,8.94937E-06,-9.88047,2.28882E-05,8.94937E-06,-9.88047,2.28882E-05,8.94937E-06,-9.88047,2.28882E-05,8.94937E-06,-9.88047,2.28882E-05,8.94937E-06,-9.88047,2.28882E-05,8.94937E-06],"rot":[0.756994,-0.531198,-0.218948,-0.311209,0.770448,-0.525682,-0.18392,-0.310229,0.785505,-0.501121,-0.150924,-0.330275,0.791971,-0.476325,-0.139922,-0.355412,0.783782,-0.474333,-0.166133,-0.364821,0.763319,-0.488278,-0.221027,-0.36066,0.73694,-0.49727,-0.285348,-0.358076,0.704903,-0.497387,-0.355883,-0.359256,0.66823,-0.485482,-0.428695,-0.366056,0.62866,-0.459638,-0.499352,-0.379693,0.588416,-0.419489,-0.563368,-0.400514,-0.549843,0.366308,0.616757,0.427904,-0.51501,0.302846,0.656585,0.460375,-0.485369,0.232942,0.681403,0.495828,-0.461545,0.160987,0.691464,0.531919,-0.443309,0.0913723,0.68867,0.566447],"scl":[1,1,1,1,1,1,1,1,1,1,1,1,1,1,1,1,1,1,1,1,1,1,1,1,1,1,1,1,1,1,1,1,1,1,1,1,1,1,1,1,1,1,1,1,1,1,1,1]},
{"i":6,"pos":[-24.1815,7.62939E-06,8.79248E-06,-24.1815,7.62939E-06,8.79248E-06,-24.1815,7.62939E-06,8.79248E-06,-24.1815,7.62939E-06,8.79248E-06,-24.1815,7.62939E-06,8.79248E-06,-24.1815,7.62939E-06,8.79248E-06,-24.1815,7.62939E-06,8.79248E-06,-24.1815,7.62939E-06,8.79248E-06,-24.1815,7.62939E-06,8.79248E-06,-24.1815,7.62939E-06,8.79248E-06,-24.1815,7.62939E-06,8.79248E-06,-24.1815,7.62939E-06,8.79248E-06,-24.1815,7.62939E-06,8.79248E-06,-24.1815,7.62939E-06,8.79248E-06,-24.1815,7.62939E-06,8.79248E-06,-24.1815,7.62939E-06,8.79248E-06],"rot":[0,-0.0899661,0,0.995945,0,-0.12134,0,0.992611,0,-0.101236,0,0.994862,0,-0.0529728,0,0.998596,0,0,0,1,0,0.053417,0,0.998572,0,0.117254,0,0.993102,0,0.189006,0,0.981976,0,0.265982,0,0.963978,0,0.345385,0,0.938461,0,0.424431,0,0.90546,0,0.500502,0,0.865735,0,0.571301,0,0.82074,0,0.634973,0,0.772534,0,0.690176,0,0.723642,-0,0.736087,-0,0.676887],"scl":[1,1,1,1,1,1,1,1,1,1,1,1,1,1,1,1,1,1,1,1,1,1,1,1,1,1,1,1,1,1,1,1,1,1,1,1,1,1,1,1,1,1,1,1,1,1,1,1]},
{"i":7,"pos":[-76.95,0,1.52005E-05,-76.95,0,1.52005E-05,-76.95,0,1.52005E-05,-76.95,0,1.52005E-05,-76.95,0,1.52005E-05,-76.95,0,1.52005E-05,-76.95,0,1.52005E-05,-76.95,0,1.52005E-05,-76.95,0,1.52005E-05,-76.95,0,1.52005E-05,-76.95,0,1.52005E-05,-76.95,0,1.52005E-05,-76.95,0,1.52005E-05,-76.95,0,1.52005E-05,-76.95,0,1.52005E-05,-76.95,0,1.52005E-05],"rot":[0.517732,-0.0112262,0.00679436,0.855442,0.537695,-0.0150313,0.00958807,0.842951,0.53437,-0.0125998,0.0079669,0.845119,0.51433,-0.0066998,0.00401828,0.857557,0.483754,0,0,0.875204,0.449141,0.00718802,-0.00361355,0.893425,0.407301,0.0163447,-0.00729063,0.913119,0.359153,0.027237,-0.0104867,0.932822,0.305776,0.0395491,-0.0127136,0.951197,0.24842,0.0528789,-0.0135829,0.967113,0.188492,0.0667508,-0.0128424,0.979719,0.127517,0.0806429,-0.010403,0.988498,0.0670884,0.0940212,-0.00635037,0.993287,0.00880507,0.106377,-0.000942043,0.994286,-0.0457806,0.117261,0.00541139,0.992031,-0.0952066,0.126299,0.0121787,0.987338],"scl":[1,1,1,1,1,1,1,1,1,1,1,1,1,1,1,1,1,1,1,1,1,1,1,1,1,1,1,1,1,1,1,1,1,1,1,1,1,1,1,1,1,1,1,1,1,1,1,1]},
{"i":8,"pos":[0,0,0,0,0,0,0,0,0,0,0,0,0,0,0,0,0,0,0,0,0,0,0,0,0,0,0,0,0,0,0,0,0,0,0,0,0,0,0,0,0,0,0,0,0,0,0,0],"rot":[0,0,0,1,0,0,0,1,0,0,0,1,0,0,0,1,0,0,0,1,0,0,0,1,0,0,0,1,0,0,0,1,0,0,0,1,0,0,0,1,0,0,0,1,0,0,0,1,0,0,0,1,0,0,0,1,0,0,0,1,0,0,0,1],"scl":[1,1,1,1,1,1,1,1,1,1,1,1,1,1,1,1,1,1,1,1,1,1,1,1,1,1,1,1,1,1,1,1,1,1,1,1,1,1,1,1,1,1,1,1,1,1,1,1]},
{"i":9,