{
"name":"pl0805mot_g3s21_m0",
"frameCount":16,"fps":60,"rotFormat":"quat_xyzw",
"bones":[
{"i":0,"pos":[0,0,0,0,0,0,0,0,0,0,0,0,0,0,0,0,0,0,0,0,0,0,0,0,0,0,0,0,0,0,0,0,0,0,0,0,0,0,0,0,0,0,0,0,0,0,0,0],"rot":[0,0,0,1,0,0,0,1,0,0,0,1,0,0,0,1,0,0,0,1,0,0,0,1,0,0,0,1,0,0,0,1,0,0,0,1,0,0,0,1,0,0,0,1,0,0,0,1,0,0,0,1,0,0,0,1,0,0,0,1,0,0,0,1],"scl":[1,1,1,1,1,1,1,1,1,1,1,1,1,1,1,1,1,1,1,1,1,1,1,1,1,1,1,1,1,1,1,1,1,1,1,1,1,1,1,1,1,1,1,1,1,1,1,1]},
{"i":1,"pos":[0,110,0,0,110,0,0,110,0,0,110,0,0,110,0,0,110,0,0,110,0,0,110,0,0,110,0,0,110,0,0,110,0,0,110,0,0,110,0,0,110,0,0,110,0,0,110,0],"rot":[0,0,0,1,0,0,0,1,0,0,0,1,0,0,0,1,0,0,0,1,0,0,0,1,0,0,0,1,0,0,0,1,0,0,0,1,0,0,0,1,0,0,0,1,0,0,0,1,0,0,0,1,0,0,0,1,0,0,0,1,0,0,0,1],"scl":[1,1,1,1,1,1,1,1,1,1,1,1,1,1,1,1,1,1,1,1,1,1,1,1,1,1,1,1,1,1,1,1,1,1,1,1,1,1,1,1,1,1,1,1,1,1,1,1]},
{"i":2,"pos":[0,0,0,0,0,0,0,0,0,0,0,0,0,0,0,0,0,0,0,0,0,0,0,0,0,0,0,0,0,0,0,0,0,0,0,0,0,0,0,0,0,0,0,0,0,0,0,0],"rot":[0.676043,-0.0840977,-0.0781351,0.727865,0.67223,-0.114185,-0.106085,0.723751,0.673226,-0.107108,-0.0995085,0.72484,0.673367,-0.106098,-0.0985697,0.724986,0.673456,-0.105427,-0.0979464,0.725086,0.673509,-0.104999,-0.0975495,0.725152,0.673539,-0.104734,-0.0973029,0.725196,0.673558,-0.104548,-0.0971305,0.725228,0.673579,-0.104361,-0.096956,0.725258,0.673615,-0.10409,-0.0967034,0.725298,0.673678,-0.103653,-0.0962963,0.725356,0.673779,-0.102967,-0.0956586,0.725444,0.673931,-0.101952,-0.0947141,0.72557,0.674144,-0.100523,-0.0933861,0.725744,0.674426,-0.0986002,-0.0915984,0.725973,0.674752,-0.0963357,-0.089492,0.726237],"scl":[1,1,1,1,1,1,1,1,1,1,1,1,1,1,1,1,1,1,1,1,1,1,1,1,1,1,1,1,1,1,1,1,1,1,1,1,1,1,1,1,1,1,1,1,1,1,1,1]},
{"i":3,"pos":[0,11.5691,0,0,11.5691,0,0,11.5691,0,0,11.5691,0,0,11.5691,0,0,11.5691,0,0,11.5691,0,0,11.5691,0,0,11.5691,0,0,11.5691,0,0,11.5691,0,0,11.5691,0,0,11.5691,0,0,11.5691,0,0,11.5691,0,0,11.5691,0],"rot":[0.0367612,-0.327891,-0.070229,0.941384,0.03315,-0.37007,-0.0722035,0.9256,0.0338495,-0.362991,-0.07174,0.92841,0.0341341,-0.361463,-0.0715691,0.929009,0.0341507,-0.360763,-0.0715577,0.929281,0.033991,-0.36062,-0.0716565,0.929335,0.0337418,-0.360788,-0.0718122,0.929267,0.03349,-0.361023,-0.0719714,0.929172,0.0333223,-0.361079,-0.0720806,0.929148,0.0333256,-0.360712,-0.0720861,0.92929,0.0335862,-0.359676,-0.0719342,0.929694,0.0341894,-0.357725,-0.0715707,0.930452,0.0352179,-0.354611,-0.0709414,0.931653,0.0367505,-0.350079,-0.0699913,0.933378,0.0388603,-0.343874,-0.0686646,0.935695,0.0413334,-0.336528,-0.067088,0.938371],"scl":[1,1,1,1,1,1,1,1,1,1,1,1,1,1,1,1,1,1,1,1,1,1,1,1,1,1,1,1,1,1,1,1,1,1,1,1,1,1,1,1,1,1,1,1,1,1,1,1]},
{"i":4,"pos":[-10.0879,13.0121,-2.12947E-07,-10.0879,13.0121,-2.12947E-07,-10.0879,13.0121,-2.12947E-07,-10.0879,13.0121,-2.12947E-07,-10.0879,13.0121,-2.12947E-07,-10.0879,13.0121,-2.12947E-07,-10.0879,13.0121,-2.12947E-07,-10.0879,13.0121,-2.12947E-07,-10.0879,13.0121,-2.12947E-07,-10.0879,13.0121,-2.12947E-07,-10.0879,13.0121,-2.12947E-07,-10.0879,13.0121,-2.12947E-07,-10.0879,13.0121,-2.12947E-07,-10.0879,13.0121,-2.12947E-07,-10.0879,13.0121,-2.12947E-07,-10.0879,13.0121,-2.12947E-07],"rot":[0,0,0,1,0,0,0,1,0,0,0,1,0,0,0,1,0,0,0,1,0,0,0,1,0,0,0,1,0,0,0,1,0,0,0,1,0,0,0,1,0,0,0,1,0,0,0,1,0,0,0,1,0,0,0,1,0,0,0,1,0,0,0,1],"scl":[1,1,1,1,1,1,1,1,1,1,1,1,1,1,1,1,1,1,1,1,1,1,1,1,1,1,1,1,1,1,1,1,1,1,1,1,1,1,1,1,1,1,1,1,1,1,1,1]},
{"i":5,"pos":[-9.88047,2.28882E-05,8.94937E-06,-9.88047,2.28882E-05,8.94937E-06,-9.88047,2.28882E-05,8.94937E-06,-9.88047,2.28882E-05,8.94937E-06,-9.88047,2.28882E-05,8.94937E-06,-9.88047,2.28882E-05,8.94937E-06,-9.88047,2.28882E-05,8.94937E-06,-9.88047,2.28882E-05,8.94937E-06,-9.88047,2.28882E-05,8.94937E-06,-9.88047,2.28882E-05,8.94937E-06,-9.88047,2.28882E-05,8.94937E-06,-9.88047,2.28882E-05,8.94937E-06,-9.88047,2.28882E-05,8.94937E-06,-9.88047,2.28882E-05,8.94937E-06,-9.88047,2.28882E-05,8.94937E-06,-9.88047,2.28882E-05,8.94937E-06],"rot":[-0.601601,0.238529,0.36901,0.667092,-0.572522,0.254378,0.434429,0.647133,-0.566847,0.204859,0.427138,0.673996,-0.568209,0.20079,0.422689,0.676872,-0.569988,0.198211,0.418682,0.678624,-0.572541,0.197028,0.414476,0.679402,-0.575539,0.196892,0.41019,0.679509,-0.578647,0.197434,0.405952,0.679257,-0.581537,0.198269,0.401878,0.678968,-0.583897,0.198999,0.398063,0.678976,-0.585426,0.199217,0.394594,0.679621,-0.585824,0.198507,0.391551,0.681244,-0.584768,0.196451,0.389033,0.684183,-0.581892,0.192632,0.387175,0.68876,-0.576739,0.186643,0.386186,0.695267,-0.569886,0.1792,0.385908,0.702988],"scl":[1,1,1,1,1,1,1,1,1,1,1,1,1,1,1,1,1,1,1,1,1,1,1,1,1,1,1,1,1,1,1,1,1,1,1,1,1,1,1,1,1,1,1,1,1,1,1,1]},
{"i":6,"pos":[-24.1815,7.62939E-06,8.79248E-06,-24.1815,7.62939E-06,8.79248E-06,-24.1815,7.62939E-06,8.79248E-06,-24.1815,7.62939E-06,8.79248E-06,-24.1815,7.62939E-06,8.79248E-06,-24.1815,7.62939E-06,8.79248E-06,-24.1815,7.62939E-06,8.79248E-06,-24.1815,7.62939E-06,8.79248E-06,-24.1815,7.62939E-06,8.79248E-06,-24.1815,7.62939E-06,8.79248E-06,-24.1815,7.62939E-06,8.79248E-06,-24.1815,7.62939E-06,8.79248E-06,-24.1815,7.62939E-06,8.79248E-06,-24.1815,7.62939E-06,8.79248E-06,-24.1815,7.62939E-06,8.79248E-06,-24.1815,7.62939E-06,8.79248E-06],"rot":[0,0,0,1,0,0.125145,0,0.992139,0,0.39405,0,0.919089,0,0.463304,0,0.886199,0,0.532311,0,0.846549,0,0.598756,0,0.800931,0,0.660623,0,0.750717,-0,0.716315,-0,0.697777,-0,0.764711,-0,0.644374,-0,0.80518,-0,0.59303,-0,0.837526,-0,0.546397,-0,0.86187,-0,0.507129,0,0.87848,0,0.477779,0,0.887545,0,0.460721,0,0.888915,0,0.458073,0,0.885579,0,0.46449],"scl":[1,1,1,1,1,1,1,1,1,1,1,1,1,1,1,1,1,1,1,1,1,1,1,1,1,1,1,1,1,1,1,1,1,1,1,1,1,1,1,1,1,1,1,1,1,1,1,1]},
{"i":7,"pos":[-76.95,0,1.52005E-05,-76.95,0,1.52005E-05,-76.95,0,1.52005E-05,-76.95,0,1.52005E-05,-76.95,0,1.52005E-05,-76.95,0,1.52005E-05,-76.95,0,1.52005E-05,-76.95,0,1.52005E-05,-76.95,0,1.52005E-05,-76.95,0,1.52005E-05,-76.95,0,1.52005E-05,-76.95,0,1.52005E-05,-76.95,0,1.52005E-05,-76.95,0,1.52005E-05,-76.95,0,1.52005E-05,-76.95,0,1.52005E-05],"rot":[0,-0.0820001,0,0.996632,0,-0.261898,0,0.965095,0,-0.232963,0,0.972486,0,-0.200864,0,0.979619,0,-0.165149,0,0.986269,0,-0.126919,0,0.991913,0,-0.087338,0,0.996179,0,-0.0476038,0,0.998866,0,-0.00892901,0,0.99996,0,0.0274748,0,0.999623,0,0.0604135,0,0.998173,0,0.0887197,0,0.996057,0,0.111256,0,0.993792,0,0.126908,0,0.991914,0,0.13457,0,0.990904,0,0.137321,0,0.990527],"scl":[1,1,1,1,1,1,1,1,1,1,1,1,1,1,1,1,1,1,1,1,1,1,1,1,1,1,1,1,1,1,1,1,1,1,1,1,1,1,1,1,1,1,1,1,1,1,1,1]},
{"i":8,"pos":[0,0,0,0,0,0,0,0,0,0,0,0,0,0,0,0,0,0,0,0,0,0,0,0,0,0,0,0,0,0,0,0,0,0,0,0,0,0,0,0,0,0,0,0,0,0,0,0],"rot":[0,0,0,1,0,0,0,1,0,0,0,1,0,0,0,1,0,0,0,1,0,0,0,1,0,0,0,1,0,0,0,1,0,0,0,1,0,0,0,1,0,0,0,1,0,0,0,1,0,0,0,1,0,0,0,1,0,0,0,1,0,0,0,1],"scl":[1,1,1,1,1,1,1,1,1,1,1,1,1,1,1,1,1,1,1,1,1,1,1,1,1,1,1,1,1,1,1,1,1,1,1,1,1,1,1,1,1,1,1,1,1,1,1,1]},
{"i":9,"pos":[10.0879,13.0121,3.59039E-06,10.0879,13.0121,3.59039E-06,10.0879,13.0121,3.59039E-06,10.0879,13.0121,3.59039E-06,10.0879,13.0121,3.59039E-06,10.0879,13.0121,3.59039E-06,10.0879,13.0121,3.59039E-06,10.0879,13.0121,3.59039E-06,10.0879,13.0121,3.59039E-06,10.0879,13.0121,3.59039E-06,10.0879,13.0121,3.59039E-06,10.0879,13.0121,3.59039E-06,10.0879,13.0121,3.59039E-06,10.0879,13.0121,3.59039E-06,10.0879,13.0121,3.59039E-06,10.0879,13.0121,3.59039E-06],"rot":[0,0,0,1,0,0,0,1,0,0,0,1,0,0,0,1,0,0,0,1,0,0,0,1,0,0,0,1,0,0,0,1,0,0,0,1,0,0,0,1,0,0,0,1,0,0,0,1,0,0,0,1,0,0,0,1,0,0,0,1,0,0,0,1],"scl":[1,1,1,1,1,1,1,1,1,1,1,1,1,1,1,1,1,1,1,1,1,1,1,1,1,1,1,1,1,1,1,1,1,1,1,1,1,1,1,1,1,1,1,1,1,1,1,1]},
{"i":10,"pos":[9.88049,0,1.90303E-05,9.88049,0,1.90303E-05,9.88049,0,1.90303E-05,9.88049,0,1.90303E-05,9.88049,0,1.90303E-05,9.88049,0,1.90303E-05,9.88049,0,1.90303E-05,9.88049,0,1.90303E-05,9.88049,0,1.90303E-05,9.88049,0,1.90303E-05,9.88049,0,1.90303E-05,9.88049,0,1.90303E-05,9.88049,0,1.90303E-05,9.88049,0,1.90303E-05,9.88049,0,1.90303E-05,9.88049,0,1.90303E-05],