{
"name":"pl0c05mot_g0s1_m0",
"frameCount":31,"fps":60,"rotFormat":"quat_xyzw",
"bones":[
{"i":0,"pos":[0,0,0,0,0,0,0,0,0,0,0,0,0,0,0,0,0,0,0,0,0,0,0,0,0,0,0,0,0,0,0,0,0,0,0,0,0,0,0,0,0,0,0,0,0,0,0,0,0,0,0,0,0,0,0,0,0,0,0,0,0,0,0,0,0,0,0,0,0,0,0,0,0,0,0,0,0,0,0,0,0,0,0,0,0,0,0,0,0,0,0,0,0],"rot":[0,0,0,1,0,0,0,1,0,0,0,1,0,0,0,1,0,0,0,1,0,0,0,1,0,0,0,1,0,0,0,1,0,0,0,1,0,0,0,1,0,0,0,1,0,0,0,1,0,0,0,1,0,0,0,1,0,0,0,1,0,0,0,1,0,0,0,1,0,0,0,1,0,0,0,1,0,0,0,1,0,0,0,1,0,0,0,1,0,0,0,1,0,0,0,1,0,0,0,1,0,0,0,1,0,0,0,1,0,0,0,1,0,0,0,1,0,0,0,1,0,0,0,1],"scl":[1,1,1,1,1,1,1,1,1,1,1,1,1,1,1,1,1,1,1,1,1,1,1,1,1,1,1,1,1,1,1,1,1,1,1,1,1,1,1,1,1,1,1,1,1,1,1,1,1,1,1,1,1,1,1,1,1,1,1,1,1,1,1,1,1,1,1,1,1,1,1,1,1,1,1,1,1,1,1,1,1,1,1,1,1,1,1,1,1,1,1,1,1]},
{"i":1,"pos":[0,69,0,0,68.9369,0,0,68.7694,0,0,68.5322,0,0,68.2601,0,0,67.988,0,0,67.7507,0,0,67.5831,0,0,67.5201,0,0,67.6012,0,0,67.8125,0,0,68.1019,0,0,68.4174,0,0,68.707,0,0,68.9185,0,0,69,0,0,68.9176,0,0,68.706,0,0,68.4169,0,0,68.102,0,0,67.8131,0,0,67.6019,0,0,67.5201,0,0,67.583,0,0,67.7501,0,0,67.9868,0,0,68.2585,0,0,68.5303,0,0,68.7676,0,0,68.9357,0,0,69,0],"rot":[0,0,0,1,0,0,0,1,0,0,0,1,0,0,0,1,0,0,0,1,0,0,0,1,0,0,0,1,0,0,0,1,0,0,0,1,0,0,0,1,0,0,0,1,0,0,0,1,0,0,0,1,0,0,0,1,0,0,0,1,0,0,0,1,0,0,0,1,0,0,0,1,0,0,0,1,0,0,0,1,0,0,0,1,0,0,0,1,0,0,0,1,0,0,0,1,0,0,0,1,0,0,0,1,0,0,0,1,0,0,0,1,0,0,0,1,0,0,0,1,0,0,0,1],"scl":[1,1,1,1,1,1,1,1,1,1,1,1,1,1,1,1,1,1,1,1,1,1,1,1,1,1,1,1,1,1,1,1,1,1,1,1,1,1,1,1,1,1,1,1,1,1,1,1,1,1,1,1,1,1,1,1,1,1,1,1,1,1,1,1,1,1,1,1,1,1,1,1,1,1,1,1,1,1,1,1,1,1,1,1,1,1,1,1,1,1,1,1,1]},
{"i":2,"pos":[0,18.5,0,0,18.5,0,0,18.5,0,0,18.5,0,0,18.5,0,0,18.5,0,0,18.5,0,0,18.5,0,0,18.5,0,0,18.5,0,0,18.5,0,0,18.5,0,0,18.5,0,0,18.5,0,0,18.5,0,0,18.5,0,0,18.5,0,0,18.5,0,0,18.5,0,0,18.5,0,0,18.5,0,0,18.5,0,0,18.5,0,0,18.5,0,0,18.5,0,0,18.5,0,0,18.5,0,0,18.5,0,0,18.5,0,0,18.5,0,0,18.5,0],"rot":[0,0,0,1,-0.000545415,0,0,1,-0.00109083,0,0,0.999999,-0.00163625,0,0,0.999999,-0.00218166,0,0,0.999998,-0.00159079,0,0,0.999999,-0.000999928,0,0,1,-0.000409062,0,0,1,0.000181805,0,0,1,0.000772672,0,0,1,0.00136354,0,0,0.999999,0.00132458,0,0,0.999999,0.00128562,0,0,0.999999,0.00124666,0,0,0.999999,0.000675276,0,0,1,0.000103888,0,0,1,-0.000467499,0,0,1,-0.00103889,0,0,0.999999,-0.00161027,0,0,0.999999,-0.00218166,0,0,0.999998,-0.00159079,0,0,0.999999,-0.000999928,0,0,1,-0.000409062,0,0,1,0.000181805,0,0,1,0.000772671,0,0,1,0.00136354,0,0,0.999999,0.00132458,0,0,0.999999,0.00128562,0,0,0.999999,0.00124666,0,0,0.999999,0.000623332,0,0,1,0,0,0,1],"scl":[1,1,1,1,1,1,1,1,1,1,1,1,1,1,1,1,1,1,1,1,1,1,1,1,1,1,1,1,1,1,1,1,1,1,1,1,1,1,1,1,1,1,1,1,1,1,1,1,1,1,1,1,1,1,1,1,1,1,1,1,1,1,1,1,1,1,1,1,1,1,1,1,1,1,1,1,1,1,1,1,1,1,1,1,1,1,1,1,1,1,1,1,1]},
{"i":3,"pos":[0,45.5,0,0,45.5,0,0,45.5,0,0,45.5,0,0,45.5,0,0,45.5,0,0,45.5,0,0,45.5,0,0,45.5,0,0,45.5,0,0,45.5,0,0,45.5,0,0,45.5,0,0,45.5,0,0,45.5,0,0,45.5,0,0,45.5,0,0,45.5,0,0,45.5,0,0,45.5,0,0,45.5,0,0,45.5,0,0,45.5,0,0,45.5,0,0,45.5,0,0,45.5,0,0,45.5,0,0,45.5,0,0,45.5,0,0,45.5,0,0,45.5,0],"rot":[0,0,0,1,0,0,0,1,0,0,0,1,0,0,0,1,0,0,0,1,0,0,0,1,0,0,0,1,0,0,0,1,0,0,0,1,0,0,0,1,0,0,0,1,0,0,0,1,0,0,0,1,0,0,0,1,0,0,0,1,0,0,0,1,0,0,0,1,0,0,0,1,0,0,0,1,0,0,0,1,0,0,0,1,0,0,0,1,0,0,0,1,0,0,0,1,0,0,0,1,0,0,0,1,0,0,0,1,0,0,0,1,0,0,0,1,0,0,0,1,0,0,0,1],"scl":[1,1,1,1,1,1,1,1,1,1,1,1,1,1,1,1,1,1,1,1,1,1,1,1,1,1,1,1,1,1,1,1,1,1,1,1,1,1,1,1,1,1,1,1,1,1,1,1,1,1,1,1,1,1,1,1,1,1,1,1,1,1,1,1,1,1,1,1,1,1,1,1,1,1,1,1,1,1,1,1,1,1,1,1,1,1,1,1,1,1,1,1,1]},
{"i":4,"pos":[0,-12.7998,-57,0,-12.7998,-57,0,-12.7998,-57,0,-12.7998,-57,0,-12.7998,-57,0,-12.7998,-57,0,-12.7998,-57,0,-12.7998,-57,0,-12.7998,-57,0,-12.7998,-57,0,-12.7998,-57,0,-12.7998,-57,0,-12.7998,-57,0,-12.7998,-57,0,-12.7998,-57,0,-12.7998,-57,0,-12.7998,-57,0,-12.7998,-57,0,-12.7998,-57,0,-12.7998,-57,0,-12.7998,-57,0,-12.7998,-57,0,-12.7998,-57,0,-12.7998,-57,0,-12.7998,-57,0,-12.7998,-57,0,-12.7998,-57,0,-12.7998,-57,0,-12.7998,-57,0,-12.7998,-57,0,-12.7998,-57],"rot":[-0.195061,0,0,0.980791,-0.195061,0,0,0.980791,-0.195061,0,0,0.980791,-0.195061,0,0,0.980791,-0.195061,0,0,0.980791,-0.195061,0,0,0.980791,-0.195061,0,0,0.980791,-0.195061,0,0,0.980791,-0.195061,0,0,0.980791,-0.195061,0,0,0.980791,-0.195061,0,0,0.980791,-0.195061,0,0,0.980791,-0.195061,0,0,0.980791,-0.195061,0,0,0.980791,-0.195061,0,0,0.980791,-0.195061,0,0,0.980791,-0.195061,0,0,0.980791,-0.195061,0,0,0.980791,-0.195061,0,0,0.980791,-0.195061,0,0,0.980791,-0.195061,0,0,0.980791,-0.195061,0,0,0.980791,-0.195061,0,0,0.980791,-0.195061,0,0,0.980791,-0.195061,0,0,0.980791,-0.195061,0,0,0.980791,-0.195061,0,0,0.980791,-0.195061,0,0,0.980791,-0.195061,0,0,0.980791,-0.195061,0,0,0.980791,-0.195061,0,0,0.980791],"scl":[1,1,1,1,1,1,1,1,1,1,1,1,1,1,1,1,1,1,1,1,1,1,1,1,1,1,1,1,1,1,1,1,1,1,1,1,1,1,1,1,1,1,1,1,1,1,1,1,1,1,1,1,1,1,1,1,1,1,1,1,1,1,1,1,1,1,1,1,1,1,1,1,1,1,1,1,1,1,1,1,1,1,1,1,1,1,1,1,1,1,1,1,1]},
{"i":5,"pos":[0,161,0,0,161,0,0,161,0,0,161,0,0,161,0,0,161,0,0,161,0,0,161,0,0,161,0,0,161,0,0,161,0,0,161,0,0,161,0,0,161,0,0,161,0,0,161,0,0,161,0,0,161,0,0,161,0,0,161,0,0,161,0,0,161,0,0,161,0,0,161,0,0,161,0,0,161,0,0,161,0,0,161,0,0,161,0,0,161,0,0,161,0],"rot":[0,0,0,1,0,0,0,1,0,0,0,1,0,0,0,1,0,0,0,1,0,0,0,1,0,0,0,1,0,0,0,1,0,0,0,1,0,0,0,1,0,0,0,1,0,0,0,1,0,0,0,1,0,0,0,1,0,0,0,1,0,0,0,1,0,0,0,1,0,0,0,1,0,0,0,1,0,0,0,1,0,0,0,1,0,0,0,1,0,0,0,1,0,0,0,1,0,0,0,1,0,0,0,1,0,0,0,1,0,0,0,1,0,0,0,1,0,0,0,1,0,0,0,1],"scl":[1,1,1,1,1,1,1,1,1,1,1,1,1,1,1,1,1,1,1,1,1,1,1,1,1,1,1,1,1,1,1,1,1,1,1,1,1,1,1,1,1,1,1,1,1,1,1,1,1,1,1,1,1,1,1,1,1,1,1,1,1,1,1,1,1,1,1,1,1,1,1,1,1,1,1,1,1,1,1,1,1,1,1,1,1,1,1,1,1,1,1,1,1]},
{"i":6,"pos":[-53,27.4995,47.7998,-53,27.4995,47.7998,-53,27.4995,47.7998,-53,27.4995,47.7998,-53,27.4995,47.7998,-53,27.4995,47.7998,-53,27.4995,47.7998,-53,27.4995,47.7998,-53,27.4995,47.7998,-53,27.4995,47.7998,-53,27.4995,47.7998,-53,27.4995,47.7998,-53,27.4995,47.7998,-53,27.4995,47.7998,-53,27.4995,47.7998,-53,27.4995,47.7998,-53,27.4995,47.7998,-53,27.4995,47.7998,-53,27.4995,47.7998,-53,27.4995,47.7998,-53,27.4995,47.7998,-53,27.4995,47.7998,-53,27.4995,47.7998,-53,27.4995,47.7998,-53,27.4995,47.7998,-53,27.4995,47.7998,-53,27.4995,47.7998,-53,27.4995,47.7998,-53,27.4995,47.7998,-53,27.4995,47.7998,-53,27.4995,47.7998],"rot":[0,0,0,1,0,0,0,1,0,0,0,1,0,0,0,1,0,0,0,1,0,0,0,1,0,0,0,1,0,0,0,1,0,0,0,1,0,0,0,1,0,0,0,1,0,0,0,1,0,0,0,1,0,0,0,1,0,0,0,1,0,0,0,1,0,0,0,1,0,0,0,1,0,0,0,1,0,0,0,1,0,0,0,1,0,0,0,1,0,0,0,1,0,0,0,1,0,0,0,1,0,0,0,1,0,0,0,1,0,0,0,1,0,0,0,1,0,0,0,1,0,0,0,1],"scl":[1,1,1,1,1,1,1,1,1,1,1,1,1,1,1,1,1,1,1,1,1,1,1,1,1,1,1,1,1,1,1,1,1,1,1,1,1,1,1,1,1,1,1,1,1,1,1,1,1,1,1,1,1,1,1,1,1,1,1,1,1,1,1,1,1,1,1,1,1,1,1,1,1,1,1,1,1,1,1,1,1,1,1,1,1,1,1,1,1,1,1,1,1]},
{"i":7,"pos":[53,27.4995,47.7998,53,27.4995,47.7998,53,27.4995,47.7998,53,27.4995,47.7998,53,27.4995,47.7998,53,27.4995,47.7998,53,27.4995,47.7998,53,27.4995,47.7998,53,27.4995,47.7998,53,27.4995,47.7998,53,27.4995,47.7998,53,27.4995,47.7998,53,27.4995,47.7998,53,27.4995,47.7998,53,27.4995,47.7998,53,27.4995,47.7998,53,27.4995,47.7998,53,27.4995,47.7998,53,27.4995,47.7998,53,27.4995,47.7998,53,27.4995,47.7998,53,27.4995,47.7998,53,27.4995,47.7998,53,27.4995,47.7998,53,27.4995,47.7998,53,27.4995,47.7998,53,27.4995,47.7998,53,27.4995,47.7998,53,27.4995,47.7998,53,27.4995,47.7998,53,27.4995,47.7998],"rot":[0,0,0,1,0,0,0,1,0,0,0,1,0,0,0,1,0,0,0,1,0,0,0,1,0,0,0,1,0,0,0,1,0,0,0,1,0,0,0,1,0,0,0,1,0,0,0,1,0,0,0,1,0,0,0,1,0,0,0,1,0,0,0,1,0,0,0,1,0,0,0,1,0,0,0,1,0,0,0,1,0,0,0,1,0,0,0,1,0,0,0,1,0,0,0,1,0,0,0,1,0,0,0,1,0,0,0,1,0,0,0,1,0,0,0,1,0,0,0,1,0,0,0,1],"scl":[1,1,1,1,1,1,1,1,1,1,1,1,1,1,1,1,1,1,1,1,1,1,1,1,1,1,1,1,1,1,1,1,1,1,1,1,1,1,1,1,1,1,1,1,1,1,1,1,1,1,1,1,1,1,1,1,1,1,1,1,1,1,1,1,1,1,1,1,1,1,1,1,1,1,1,1,1,1,1,1,1,1,1,1,1,1,1,1,1,1,1,1,1]},
{"i":8,