{
"name":"pl0c05mot_g0s26_m0",
"frameCount":57,"fps":60,"rotFormat":"quat_xyzw",
"bones":[
{"i":0,"pos":[0,0,0,0,0,0,0,0,0,0,0,0,0,0,0,0,0,0,0,0,0,0,0,0,0,0,0,0,0,0,0,0,0,0,0,0,0,0,0,0,0,0,0,0,0,0,0,0,0,0,0,0,0,0,0,0,0,0,0,0,0,0,0,0,0,0,0,0,0,0,0,0,0,0,0,0,0,0,0,0,0,0,0,0,0,0,0,0,0,0,0,0,0,0,0,0,0,0,0,0,0,0,0,0,0,0,0,0,0,0,0,0,0,0,0,0,0,0,0,0,0,0,0,0,0,0,0,0,0,0,0,0,0,0,0,0,0,0,0,0,0,0,0,0,0,0,0,0,0,0,0,0,0,0,0,0,0,0,0,0,0,0,0,0,0,0,0,0,0,0,0],"rot":[0,0,0,1,0,0,0,1,0,0,0,1,0,0,0,1,0,0,0,1,0,0,0,1,0,0,0,1,0,0,0,1,0,0,0,1,0,0,0,1,0,0,0,1,0,0,0,1,0,0,0,1,0,0,0,1,0,0,0,1,0,0,0,1,0,0,0,1,0,0,0,1,0,0,0,1,0,0,0,1,0,0,0,1,0,0,0,1,0,0,0,1,0,0,0,1,0,0,0,1,0,0,0,1,0,0,0,1,0,0,0,1,0,0,0,1,0,0,0,1,0,0,0,1,0,0,0,1,0,0,0,1,0,0,0,1,0,0,0,1,0,0,0,1,0,0,0,1,0,0,0,1,0,0,0,1,0,0,0,1,0,0,0,1,0,0,0,1,0,0,0,1,0,0,0,1,0,0,0,1,0,0,0,1,0,0,0,1,0,0,0,1,0,0,0,1,0,0,0,1,0,0,0,1,0,0,0,1,0,0,0,1,0,0,0,1,0,0,0,1,0,0,0,1,0,0,0,1],"scl":[1,1,1,1,1,1,1,1,1,1,1,1,1,1,1,1,1,1,1,1,1,1,1,1,1,1,1,1,1,1,1,1,1,1,1,1,1,1,1,1,1,1,1,1,1,1,1,1,1,1,1,1,1,1,1,1,1,1,1,1,1,1,1,1,1,1,1,1,1,1,1,1,1,1,1,1,1,1,1,1,1,1,1,1,1,1,1,1,1,1,1,1,1,1,1,1,1,1,1,1,1,1,1,1,1,1,1,1,1,1,1,1,1,1,1,1,1,1,1,1,1,1,1,1,1,1,1,1,1,1,1,1,1,1,1,1,1,1,1,1,1,1,1,1,1,1,1,1,1,1,1,1,1,1,1,1,1,1,1,1,1,1,1,1,1,1,1,1,1,1,1]},
{"i":1,"pos":[0,68.9961,-1.13232,0,68.9984,-0.521255,0,68.9957,0.0351123,0,68.9902,0.473262,0,68.9871,0.729678,0,68.8588,0.740845,0,68.7305,0.748575,0,68.6021,0.753084,0,68.4738,0.754544,0,68.3455,0.753128,0,68.2173,0.749009,0,68.0891,0.742361,0,67.9611,0.733356,0,67.833,0.722168,0,67.705,0.708969,0,67.5771,0.693933,0,67.4492,0.677233,0,67.3214,0.659042,0,67.1936,0.639533,0,67.0659,0.618879,0,66.9382,0.597254,0,66.8105,0.574829,0,66.9565,0.548695,0,67.1025,0.516491,0,67.2485,0.479217,0,67.3945,0.43787,0,67.5406,0.393451,0,67.6866,0.346957,0,67.8326,0.299388,0,67.9785,0.251743,0,68.1244,0.20502,0,68.2703,0.16022,0,68.416,0.118339,0,68.5617,0.0803779,0,68.7073,0.0473351,0,68.8527,0.0202096,0,68.998,0,0,68.998,0,0,68.998,0,0,68.998,0,0,68.998,0,0,68.998,0,0,68.998,0,0,68.998,0,0,68.998,0,0,68.998,0,0,68.998,0,0,68.998,0,0,68.998,0,0,68.998,0,0,68.998,0,0,68.998,0,0,68.998,0,0,68.998,0,0,68.998,0,0,68.998,0,0,68.998,0],"rot":[-0.00700289,0,0,0.999976,0.0010164,0,0,0.999999,0.00855717,0,0,0.999963,0.0142229,0,0,0.999899,0.0166176,0,0,0.999862,0.0168716,0,0,0.999858,0.0170483,0,0,0.999855,0.0171514,0,0,0.999853,0.017185,0,0,0.999852,0.0171531,0,0,0.999853,0.0170596,0,0,0.999854,0.0169083,0,0,0.999857,0.0167033,0,0,0.99986,0.0164485,0,0,0.999865,0.0161478,0,0,0.99987,0.0158052,0,0,0.999875,0.0154246,0,0,0.999881,0.0150099,0,0,0.999887,0.0145651,0,0,0.999894,0.0140942,0,0,0.999901,0.013601,0,0,0.999907,0.0130896,0,0,0.999914,0.0124938,0,0,0.999922,0.0117599,0,0,0.999931,0.0109108,0,0,0.99994,0.00996915,0,0,0.99995,0.00895765,0,0,0.99996,0.00789903,0,0,0.999969,0.00681602,0,0,0.999977,0.00573132,0,0,0.999984,0.00466766,0,0,0.999989,0.00364777,0,0,0.999993,0.00269436,0,0,0.999996,0.00183015,0,0,0.999998,0.00107788,0,0,0.999999,0.000460257,0,0,1,0,0,0,1,0,0,0,1,0,0,0,1,0,0,0,1,0,0,0,1,0,0,0,1,0,0,0,1,0,0,0,1,0,0,0,1,0,0,0,1,0,0,0,1,0,0,0,1,0,0,0,1,0,0,0,1,0,0,0,1,0,0,0,1,0,0,0,1,0,0,0,1,0,0,0,1,0,0,0,1,0,0,0,1],"scl":[1,1,1,1,1,1,1,1,1,1,1,1,1,1,1,1,1,1,1,1,1,1,1,1,1,1,1,1,1,1,1,1,1,1,1,1,1,1,1,1,1,1,1,1,1,1,1,1,1,1,1,1,1,1,1,1,1,1,1,1,1,1,1,1,1,1,1,1,1,1,1,1,1,1,1,1,1,1,1,1,1,1,1,1,1,1,1,1,1,1,1,1,1,1,1,1,1,1,1,1,1,1,1,1,1,1,1,1,1,1,1,1,1,1,1,1,1,1,1,1,1,1,1,1,1,1,1,1,1,1,1,1,1,1,1,1,1,1,1,1,1,1,1,1,1,1,1,1,1,1,1,1,1,1,1,1,1,1,1,1,1,1,1,1,1,1,1,1,1,1,1]},
{"i":2,"pos":[0,18.6151,2.10474,0,18.5995,1.95649,0,18.5848,1.80483,0,18.5711,1.65085,0,18.5586,1.49566,0,18.5472,1.34033,0,18.537,1.18598,0,18.5281,1.03368,0,18.5204,0.884535,0,18.5142,0.739642,0,18.5093,0.600091,0,18.5057,0.466978,0,18.503,0.341395,0,18.5013,0.224438,0,18.5003,0.117201,0,18.4999,0.0207773,0,18.5,-0.063739,0,18.5003,-0.135253,0,18.5008,-0.192672,0,18.5014,-0.234899,0,18.5018,-0.260843,0,18.5019,-0.269409,0,18.5019,-0.266083,0,18.5018,-0.257453,0,18.5016,-0.244262,0,18.5015,-0.227249,0,18.5013,-0.207158,0,18.5011,-0.184729,0,18.5008,-0.160703,0,18.5006,-0.135822,0,18.5004,-0.110828,0,18.5003,-0.0864619,0,18.5001,-0.0634651,0,18.5001,-0.0425791,0,18.5,-0.0245453,0,18.5,-0.0101051,0,18.5,0,0,18.5,0,0,18.5,0,0,18.5,0,0,18.5,0,0,18.5,0,0,18.5,0,0,18.5,0,0,18.5,0,0,18.5,0,0,18.5,0,0,18.5,0,0,18.5,0,0,18.5,0,0,18.5,0,0,18.5,0,0,18.5,0,0,18.5,0,0,18.5,0,0,18.5,0,0,18.5,0],"rot":[-0.0545993,0,0,0.998508,-0.0507427,0,0,0.998712,-0.0468002,0,0,0.998904,-0.0427999,0,0,0.999084,-0.03877,0,0,0.999248,-0.0347386,0,0,0.999396,-0.0307339,0,0,0.999528,-0.0267842,0,0,0.999641,-0.0229176,0,0,0.999737,-0.0191623,0,0,0.999816,-0.0155465,0,0,0.999879,-0.0120985,0,0,0.999927,-0.00884644,0,0,0.999961,-0.00581847,0,0,0.999983,-0.00304284,0,0,0.999995,-0.000547644,0,0,1,0.00163894,0,0,0.999999,0.00348876,0,0,0.999994,0.00497372,0,0,0.999988,0.00606563,0,0,0.999982,0.00673642,0,0,0.999977,0.00695795,0,0,0.999976,0.00687084,0,0,0.999976,0.00664719,0,0,0.999978,0.0063061,0,0,0.99998,0.00586665,0,0,0.999983,0.00534793,0,0,0.999986,0.00476903,0,0,0.999989,0.00414902,0,0,0.999991,0.00350701,0,0,0.999994,0.00286208,0,0,0.999996,0.00223331,0,0,0.999997,0.00163979,0,0,0.999999,0.00110061,0,0,0.999999,0.000634862,0,0,1,0.00026163,0,0,1,0,0,0,1,0,0,0,1,0,0,0,1,0,0,0,1,0,0,0,1,0,0,0,1,0,0,0,1,0,0,0,1,0,0,0,1,0,0,0,1,0,0,0,1,0,0,0,1,0,0,0,1,0,0,0,1,0,0,0,1,0,0,0,1,0,0,0,1,0,0,0,1,0,0,0,1,0,0,0,1,0,0,0,1],"scl":[1,1,1,1,1,1,1,1,1,1,1,1,1,1,1,1,1,1,1,1,1,1,1,1,1,1,1,1,1,1,1,1,1,1,1,1,1,1,1,1,1,1,1,1,1,1,1,1,1,1,1,1,1,1,1,1,1,1,1,1,1,1,1,1,1,1,1,1,1,1,1,1,1,1,1,1,1,1,1,1,1,1,1,1,1,1,1,1,1,1,1,1,1,1,1,1,1,1,1,1,1,1,1,1,1,1,1,1,1,1,1,1,1,1,1,1,1,1,1,1,1,1,1,1,1,1,1,1,1,1,1,1,1,1,1,1,1,1,1,1,1,1,1,1,1,1,1,1,1,1,1,1,1,1,1,1,1,1,1,1,1,1,1,1,1,1,1,1,1,1,1]},
{"i":3,"pos":[0,45.5,0,0,45.5,0,0,45.5,0,0,45.5,0,0,45.5,0,0,45.5,0,0,45.5,0,0,45.5,0,0,45.5,0,0,45.5,0,0,45.5,0,0,45.5,0,0,45.5,0,0,45.5,0,0,45.5,0,0,45.5,0,0,45.5,0,0,45.5,0,0,45.5,0,0,45.5,0,0,45.5,0,0,45.5,0,0,45.5,0,0,45.5,0,0,45.5,0,0,45.5,0,0,45.5,0,0,45.5,0,0,45.5,0,0,45.5,0,0,45.5,0,0,45.5,0,0,45.5,0,0,45.5,0,0,45.5,0,0,45.5,0,0,45.5,0,0,45.5,0,0,45.5,0,0,45.5,0,0,45.5,0,0,45.5,0,0,45.5,0,0,45.5,0,0,45.5,0,0,45.5,0,0,45.5,0,0,45.5,0,0,45.5,0,0,45.5,0,0,45.5,0,0,45.5,0,0,45.5,0,0,45.5,0,0,45.5,0,0,45.5,0,0,45.5,0],"rot":[0,0,0,1,0,0,0,1,0,0,0,1,0,0,0,1,0,0,0,1,0,0,0,1,0,0,0,1,0,0,0,1,0,0,0,1,0,0,0,1,0,0,0,1,0,0,0,1,0,0,0,1,0,0,0,1,0,0,0,1,0,0,0,1,0,0,0,1,0,0,0,1,0,0,0,1,0,0,0,1,0,0,0,1,0,0,0,1,0,0,0,1,0,0,0,1,0,0,0,1,0,0,0,1,0,0,0,1,0,0,0,1,0,0,0,1,0,0,0,1,0,0,0,1,0,0,0,1,0,0,0,1,0,0,0,1,0,0,0,1,0,0,0,1,0,0,0,1,0,0,0,1,0,0,0,1,0,0,0,1,0,0,0,1,0,0,0,1,0,0,0,1,0,0,0,1,0,0,0,1,0,0,0,1,0,0,0,1,0,0,0,1,0,0,0,1,0,0,0,1,0,0,0,1,0,0,0,1,0,0,0,1,0,0,0,1,0,0,0,1,0,0,0,1,0,0,0,1],"scl":[1,1,1,1,1,1,1,1,1,1,1,1,1,1,1,1,1,1,1,1,1,1,1,1,1,1,1,1,1,1,1,1,1,1,1,1,1,1,1,1,1,1,1,1,1,1,1,1,1,1,1,1,1,1,1,1,1,1,1,1,1,1,1,1,1,1,1,1,1,1,1,1,1,1,1,1,1,1,1,1,1,1,1,1,1,1,1,1,1,1,1,1,1,1,1,1,1,1,1,1,1,1,1,1,1,1,1,1,1,1,1,1,1,1,1,1,1,1,1,1,1,1,1,1,1,1,1,1,1,1,1,1,1,1,1,1,1,1,1,1,1,1,1,1,1,1,1,1,1,1,1,1,1,1,1,1,1,1,1,1,1,1,1,1,1,1,1,1,1,1,1]},
{"i":4,