{
"name":"pl0c05mot_g0s6_m0",
"frameCount":19,"fps":60,"rotFormat":"quat_xyzw",
"bones":[
{"i":0,"pos":[0,0,0,0,0,0,0,0,0,0,0,0,0,0,0,0,0,0,0,0,0,0,0,0,0,0,0,0,0,0,0,0,0,0,0,0,0,0,0,0,0,0,0,0,0,0,0,0,0,0,0,0,0,0,0,0,0],"rot":[0,0,0,1,0,0,0,1,0,0,0,1,0,0,0,1,0,0,0,1,0,0,0,1,0,0,0,1,0,0,0,1,0,0,0,1,0,0,0,1,0,0,0,1,0,0,0,1,0,0,0,1,0,0,0,1,0,0,0,1,0,0,0,1,0,0,0,1,0,0,0,1,0,0,0,1],"scl":[1,1,1,1,1,1,1,1,1,1,1,1,1,1,1,1,1,1,1,1,1,1,1,1,1,1,1,1,1,1,1,1,1,1,1,1,1,1,1,1,1,1,1,1,1,1,1,1,1,1,1,1,1,1,1,1,1]},
{"i":1,"pos":[0,68.4766,0.00613403,0,67.9541,0.0129127,0,67.4317,0.0322058,0,66.9092,0.0624491,0,66.3867,0.102078,0,65.864,0.149529,0,65.3412,0.203237,0,64.8182,0.261638,0,64.2949,0.323167,0,64.4641,0.386261,0,64.6331,0.449355,0,64.8019,0.510884,0,64.9707,0.569285,0,65.1395,0.622993,0,65.3084,0.670444,0,65.4774,0.710073,0,65.6467,0.740316,0,65.8163,0.759609,0,65.9863,0.766388],"rot":[0.000137329,0,0,1,0.000291612,0,0,1,0.000730726,0,0,1,0.00141907,0,0,0.999999,0.00232103,0,0,0.999997,0.00340101,0,0,0.999994,0.0046234,0,0,0.999989,0.00595259,0,0,0.999982,0.00735297,0,0,0.999973,0.00878895,0,0,0.999961,0.0102249,0,0,0.999948,0.0116252,0,0,0.999932,0.0129543,0,0,0.999916,0.0141766,0,0,0.9999,0.0152565,0,0,0.999884,0.0161584,0,0,0.999869,0.0168466,0,0,0.999858,0.0172857,0,0,0.999851,0.0174399,0,0,0.999848],"scl":[1,1,1,1,1,1,1,1,1,1,1,1,1,1,1,1,1,1,1,1,1,1,1,1,1,1,1,1,1,1,1,1,1,1,1,1,1,1,1,1,1,1,1,1,1,1,1,1,1,1,1,1,1,1,1,1,1]},
{"i":2,"pos":[0,18.5006,0.144714,0,18.5033,0.289429,0,18.506,0.434143,0,18.5087,0.578857,0,18.5087,0.501676,0,18.5087,0.424495,0,18.5087,0.347314,0,18.5087,0.270133,0,18.5087,0.192952,0,18.5087,0.115771,0,18.5087,0.0385905,0,18.5087,-0.0385905,0,18.5087,-0.115771,0,18.5087,-0.192952,0,18.5087,-0.270133,0,18.5087,-0.347314,0,18.5087,-0.424495,0,18.5087,-0.501676,0,18.5087,-0.578857],"rot":[-0.00372314,0,0,0.999993,-0.00747674,0,0,0.999972,-0.0112302,0,0,0.999937,-0.0149836,0,0,0.999888,-0.0129859,0,0,0.999916,-0.0109881,0,0,0.99994,-0.00899036,0,0,0.99996,-0.00699254,0,0,0.999976,-0.00499469,0,0,0.999988,-0.00299682,0,0,0.999996,-0.000998942,0,0,1,0.000998942,0,0,1,0.00299682,0,0,0.999996,0.00499469,0,0,0.999988,0.00699254,0,0,0.999976,0.00899036,0,0,0.99996,0.0109881,0,0,0.99994,0.0129859,0,0,0.999916,0.0149836,0,0,0.999888],"scl":[1,1,1,1,1,1,1,1,1,1,1,1,1,1,1,1,1,1,1,1,1,1,1,1,1,1,1,1,1,1,1,1,1,1,1,1,1,1,1,1,1,1,1,1,1,1,1,1,1,1,1,1,1,1,1,1,1]},
{"i":3,"pos":[0,45.5,0,0,45.5,0,0,45.5,0,0,45.5,0,0,45.5,0,0,45.5,0,0,45.5,0,0,45.5,0,0,45.5,0,0,45.5,0,0,45.5,0,0,45.5,0,0,45.5,0,0,45.5,0,0,45.5,0,0,45.5,0,0,45.5,0,0,45.5,0,0,45.5,0],"rot":[0,0,0,1,0,0,0,1,0,0,0,1,0,0,0,1,0,0,0,1,0,0,0,1,0,0,0,1,0,0,0,1,0,0,0,1,0,0,0,1,0,0,0,1,0,0,0,1,0,0,0,1,0,0,0,1,0,0,0,1,0,0,0,1,0,0,0,1,0,0,0,1,0,0,0,1],"scl":[1,1,1,1,1,1,1,1,1,1,1,1,1,1,1,1,1,1,1,1,1,1,1,1,1,1,1,1,1,1,1,1,1,1,1,1,1,1,1,1,1,1,1,1,1,1,1,1,1,1,1,1,1,1,1,1,1]},
{"i":4,"pos":[0,-12.7998,-57,0,-12.7998,-57,0,-12.7998,-57,0,-12.7998,-57,0,-12.7998,-57,0,-12.7998,-57,0,-12.7998,-57,0,-12.7998,-57,0,-12.7998,-57,0,-12.7998,-57,0,-12.7998,-57,0,-12.7998,-57,0,-12.7998,-57,0,-12.7998,-57,0,-12.7998,-57,0,-12.7998,-57,0,-12.7998,-57,0,-12.7998,-57,0,-12.7998,-57],"rot":[-0.192648,6.91072E-06,3.59046E-05,0.981268,-0.190196,1.3237E-05,7.16628E-05,0.981746,-0.187743,1.97421E-05,0.000107389,0.982218,-0.185288,2.64256E-05,0.000143084,0.982684,-0.186591,2.24769E-05,0.000124636,0.982438,-0.187895,1.85772E-05,0.000106178,0.982189,-0.189198,1.47265E-05,8.77106E-05,0.981939,-0.1905,1.09248E-05,6.92328E-05,0.981687,-0.191802,7.17224E-06,5.0745E-05,0.981434,-0.193104,3.46873E-06,3.22475E-05,0.981178,-0.194406,-1.85685E-07,1.37403E-05,0.980921,-0.195707,-3.79098E-06,-4.77659E-06,0.980662,-0.197008,-7.34713E-06,-2.33029E-05,0.980402,-0.198308,-1.08541E-05,-4.18387E-05,0.98014,-0.199609,-1.4312E-05,-6.03838E-05,0.979876,-0.200908,-1.77206E-05,-7.89381E-05,0.97961,-0.202208,-2.108E-05,-9.75015E-05,0.979343,-0.203507,-2.43902E-05,-0.000116074,0.979073,-0.204806,-2.76511E-05,-0.000134655,0.978803],"scl":[1,1,1,1,1,1,1,1,1,1,1,1,1,1,1,1,1,1,1,1,1,1,1,1,1,1,1,1,1,1,1,1,1,1,1,1,1,1,1,1,1,1,1,1,1,1,1,1,1,1,1,1,1,1,1,1,1]},
{"i":5,"pos":[0,161,0,0,161,0,0,161,0,0,161,0,0,161,0,0,161,0,0,161,0,0,161,0,0,161,0,0,161,0,0,161,0,0,161,0,0,161,0,0,161,0,0,161,0,0,161,0,0,161,0,0,161,0,0,161,0],"rot":[0,0,0,1,0,0,0,1,0,0,0,1,0,0,0,1,0,0,0,1,0,0,0,1,0,0,0,1,0,0,0,1,0,0,0,1,0,0,0,1,0,0,0,1,0,0,0,1,0,0,0,1,0,0,0,1,0,0,0,1,0,0,0,1,0,0,0,1,0,0,0,1,0,0,0,1],"scl":[1,1,1,1,1,1,1,1,1,1,1,1,1,1,1,1,1,1,1,1,1,1,1,1,1,1,1,1,1,1,1,1,1,1,1,1,1,1,1,1,1,1,1,1,1,1,1,1,1,1,1,1,1,1,1,1,1]},
{"i":6,"pos":[-53,27.4995,47.7998,-53,27.4995,47.7998,-53,27.4995,47.7998,-53,27.4995,47.7998,-53,27.4995,47.7998,-53,27.4995,47.7998,-53,27.4995,47.7998,-53,27.4995,47.7998,-53,27.4995,47.7998,-53,27.4995,47.7998,-53,27.4995,47.7998,-53,27.4995,47.7998,-53,27.4995,47.7998,-53,27.4995,47.7998,-53,27.4995,47.7998,-53,27.4995,47.7998,-53,27.4995,47.7998,-53,27.4995,47.7998,-53,27.4995,47.7998],"rot":[0,0,0,1,0,0,0,1,0,0,0,1,0,0,0,1,0,0,0,1,0,0,0,1,0,0,0,1,0,0,0,1,0,0,0,1,0,0,0,1,0,0,0,1,0,0,0,1,0,0,0,1,0,0,0,1,0,0,0,1,0,0,0,1,0,0,0,1,0,0,0,1,0,0,0,1],"scl":[1,1,1,1,1,1,1,1,1,1,1,1,1,1,1,1,1,1,1,1,1,1,1,1,1,1,1,1,1,1,1,1,1,1,1,1,1,1,1,1,1,1,1,1,1,1,1,1,1,1,1,1,1,1,1,1,1]},
{"i":7,"pos":[53,27.4995,47.7998,53,27.4995,47.7998,53,27.4995,47.7998,53,27.4995,47.7998,53,27.4995,47.7998,53,27.4995,47.7998,53,27.4995,47.7998,53,27.4995,47.7998,53,27.4995,47.7998,53,27.4995,47.7998,53,27.4995,47.7998,53,27.4995,47.7998,53,27.4995,47.7998,53,27.4995,47.7998,53,27.4995,47.7998,53,27.4995,47.7998,53,27.4995,47.7998,53,27.4995,47.7998,53,27.4995,47.7998],"rot":[0,0,0,1,0,0,0,1,0,0,0,1,0,0,0,1,0,0,0,1,0,0,0,1,0,0,0,1,0,0,0,1,0,0,0,1,0,0,0,1,0,0,0,1,0,0,0,1,0,0,0,1,0,0,0,1,0,0,0,1,0,0,0,1,0,0,0,1,0,0,0,1,0,0,0,1],"scl":[1,1,1,1,1,1,1,1,1,1,1,1,1,1,1,1,1,1,1,1,1,1,1,1,1,1,1,1,1,1,1,1,1,1,1,1,1,1,1,1,1,1,1,1,1,1,1,1,1,1,1,1,1,1,1,1,1]},
{"i":8,"pos":[-52.8,-34.9277,0,-52.8,-34.4563,0,-52.8,-33.9849,0,-52.8,-33.5134,0,-52.8,-33.042,0,-52.8,-32.5706,0,-52.8,-32.0991,0,-52.8,-31.6277,0,-52.8,-31.1562,0,-52.8,-31.5805,0,-52.8,-32.0047,0,-52.8,-32.4289,0,-52.8,-32.8531,0,-52.8,-33.2773,0,-52.8,-33.7016,0,-52.8,-34.1258,0,-52.8,-34.55,0,-52.8,-34.9742,0,-52.8,-35.3984,0],"rot":[0,0,0,1,0,0,0,1,0,0,0,1,0,0,0,1,0,0,0,1,0,0,0,1,0,0,0,1,0,0,0,1,0,0,0,1,0,0,0,1,0,0,0,1,0,0,0,1,0,0,0,1,0,0,0,1,0,0,0,1,0,0,0,1,0,0,0,1,0,0,0,1,0,0,0,1],"scl":[1,1,1,1,1,1,1,1,1,1,1,1,1,1,1,1,1,1,1,1,1,1,1,1,1,1,1,1,1,1,1,1,1,1,1,1,1,1,1,1,1,1,1,1,1,1,1,1,1,1,1,1,1,1,1,1,1]}
]
}
