{
"name":"pl0c05mot_g5s2_m0",
"frameCount":61,"fps":60,"rotFormat":"quat_xyzw",
"bones":[
{"i":0,"pos":[0,0,0,0,0,0,0,0,0,0,0,0,0,0,0,0,0,0,0,0,0,0,0,0,0,0,0,0,0,0,0,0,0,0,0,0,0,0,0,0,0,0,0,0,0,0,0,0,0,0,0,0,0,0,0,0,0,0,0,0,0,0,0,0,0,0,0,0,0,0,0,0,0,0,0,0,0,0,0,0,0,0,0,0,0,0,0,0,0,0,0,0,0,0,0,0,0,0,0,0,0,0,0,0,0,0,0,0,0,0,0,0,0,0,0,0,0,0,0,0,0,0,0,0,0,0,0,0,0,0,0,0,0,0,0,0,0,0,0,0,0,0,0,0,0,0,0,0,0,0,0,0,0,0,0,0,0,0,0,0,0,0,0,0,0,0,0,0,0,0,0,0,0,0,0,0,0,0,0,0,0,0,0],"rot":[0,0,0,1,0,0,0,1,0,0,0,1,0,0,0,1,0,0,0,1,0,0,0,1,0,0,0,1,0,0,0,1,0,0,0,1,0,0,0,1,0,0,0,1,0,0,0,1,0,0,0,1,0,0,0,1,0,0,0,1,0,0,0,1,0,0,0,1,0,0,0,1,0,0,0,1,0,0,0,1,0,0,0,1,0,0,0,1,0,0,0,1,0,0,0,1,0,0,0,1,0,0,0,1,0,0,0,1,0,0,0,1,0,0,0,1,0,0,0,1,0,0,0,1,0,0,0,1,0,0,0,1,0,0,0,1,0,0,0,1,0,0,0,1,0,0,0,1,0,0,0,1,0,0,0,1,0,0,0,1,0,0,0,1,0,0,0,1,0,0,0,1,0,0,0,1,0,0,0,1,0,0,0,1,0,0,0,1,0,0,0,1,0,0,0,1,0,0,0,1,0,0,0,1,0,0,0,1,0,0,0,1,0,0,0,1,0,0,0,1,0,0,0,1,0,0,0,1,0,0,0,1,0,0,0,1,0,0,0,1,0,0,0,1],"scl":[1,1,1,1,1,1,1,1,1,1,1,1,1,1,1,1,1,1,1,1,1,1,1,1,1,1,1,1,1,1,1,1,1,1,1,1,1,1,1,1,1,1,1,1,1,1,1,1,1,1,1,1,1,1,1,1,1,1,1,1,1,1,1,1,1,1,1,1,1,1,1,1,1,1,1,1,1,1,1,1,1,1,1,1,1,1,1,1,1,1,1,1,1,1,1,1,1,1,1,1,1,1,1,1,1,1,1,1,1,1,1,1,1,1,1,1,1,1,1,1,1,1,1,1,1,1,1,1,1,1,1,1,1,1,1,1,1,1,1,1,1,1,1,1,1,1,1,1,1,1,1,1,1,1,1,1,1,1,1,1,1,1,1,1,1,1,1,1,1,1,1,1,1,1,1,1,1,1,1,1,1,1,1]},
{"i":1,"pos":[0,69,0,0,69,0,0,69,0,0,69,0,0,69,0,0,69,0,0,69,0,0,69,0,0,69,0,0,69,0,0,69,0,0,69,0,0,69,0,0,69,0,0,69,0,0,69,0,0,69,0,0,69,0,0,69,0,0,69,0,0,69,0,0,69,0,0,69,0,0,69,0,0,69,0,0,69,0,0,69,0,0,69,0,0,69,0,0,69,0,0,69,0,0,69,0,0,69,0,0,69,0,0,69,0,0,69,0,0,69,0,0,69,0,0,69,0,0,69,0,0,69,0,0,69,0,0,69,0,0,69,0,0,69,0,0,69,0,0,69,0,0,69,0,0,69,0,0,69,0,0,69,0,0,69,0,0,69,0,0,69,0,0,69,0,0,69,0,0,69,0,0,69,0,0,69,0,0,69,0,0,69,0],"rot":[0,0,0,1,0,0.00258811,0,0.999997,0,0.0102359,0,0.999948,0,0.0227676,0,0.999741,0,0.0400032,0,0.9992,0,0.0617554,0,0.998091,0,0.0878242,0,0.996136,0,0.117992,0,0.993015,0,0.152019,0,0.988378,0,0.189638,0,0.981854,0,0.230546,0,0.973061,0,0.274408,0,0.961613,0,0.320848,0,0.947131,0,0.369449,0,0.929251,0,0.419753,0,0.907638,0,0.471263,0,0.881992,0,0.523445,0,0.852059,0,0.575731,0,0.817639,0,0.627529,0,0.778593,0,0.678226,0,0.734853,-0,0.727202,-0,0.686424,-0,0.773833,-0,0.633389,-0,0.817511,-0,0.575912,-0,0.857648,-0,0.514238,0,0.893689,0,0.448688,0,0.925127,0,0.379658,0,0.951511,0,0.307615,0,0.972457,0,0.233082,0,0.987657,0,0.156635,0,0.996883,0,0.0788881,0,1,0,0.000483588,-0,0.996959,-0,-0.0779238,-0,0.987808,-0,-0.155679,-0,0.972682,-0,-0.232141,-0,0.951808,-0,-0.306694,-0,0.925494,-0,-0.378763,-0,0.894122,-0,-0.447823,0,-0.858145,0,0.513408,0,-0.818068,0,0.575121,0,-0.774446,0,0.63264,0,-0.727865,0,0.68572,0,-0.678937,0,0.734197,0,-0.628282,0,0.777986,0,-0.576522,0,0.817082,0,-0.524269,0,0.851553,0,-0.472116,0,0.881536,0,-0.420632,0,0.907231,0,-0.370348,0,0.928893,0,-0.321765,0,0.94682,0,-0.275339,0,0.961347,0,-0.231488,0,0.972838,0,-0.190587,0,0.98167,0,-0.152976,0,0.98823,0,-0.118953,0,0.9929,0,-0.0887889,0,0.99605,0,-0.062721,0,0.998031,0,-0.0409704,0,0.99916,0,-0.0237344,0,0.999718,0,-0.0112032,0,0.999937,0,-0.00355592,0,0.999994,0,-0.000967653,0,1],"scl":[1,1,1,1,1,1,1,1,1,1,1,1,1,1,1,1,1,1,1,1,1,1,1,1,1,1,1,1,1,1,1,1,1,1,1,1,1,1,1,1,1,1,1,1,1,1,1,1,1,1,1,1,1,1,1,1,1,1,1,1,1,1,1,1,1,1,1,1,1,1,1,1,1,1,1,1,1,1,1,1,1,1,1,1,1,1,1,1,1,1,1,1,1,1,1,1,1,1,1,1,1,1,1,1,1,1,1,1,1,1,1,1,1,1,1,1,1,1,1,1,1,1,1,1,1,1,1,1,1,1,1,1,1,1,1,1,1,1,1,1,1,1,1,1,1,1,1,1,1,1,1,1,1,1,1,1,1,1,1,1,1,1,1,1,1,1,1,1,1,1,1,1,1,1,1,1,1,1,1,1,1,1,1]},
{"i":2,"pos":[0,18.5,0,0,18.5,0,0,18.5,0,0,18.5,0,0,18.5,0,0,18.5,0,0,18.5,0,0,18.5,0,0,18.5,0,0,18.5,0,0,18.5,0,0,18.5,0,0,18.5,0,0,18.5,0,0,18.5,0,0,18.5,0,0,18.5,0,0,18.5,0,0,18.5,0,0,18.5,0,0,18.5,0,0,18.5,0,0,18.5,0,0,18.5,0,0,18.5,0,0,18.5,0,0,18.5,0,0,18.5,0,0,18.5,0,0,18.5,0,0,18.5,0,0,18.5,0,0,18.5,0,0,18.5,0,0,18.5,0,0,18.5,0,0,18.5,0,0,18.5,0,0,18.5,0,0,18.5,0,0,18.5,0,0,18.5,0,0,18.5,0,0,18.5,0,0,18.5,0,0,18.5,0,0,18.5,0,0,18.5,0,0,18.5,0,0,18.5,0,0,18.5,0,0,18.5,0,0,18.5,0,0,18.5,0,0,18.5,0,0,18.5,0,0,18.5,0,0,18.5,0,0,18.5,0,0,18.5,0,0,18.5,0],"rot":[0,0,0,1,0,0,0,1,0,0,0,1,0,0,0,1,0,0,0,1,0,0,0,1,0,0,0,1,0,0,0,1,0,0,0,1,0,0,0,1,0,0,0,1,0,0,0,1,0,0,0,1,0,0,0,1,0,0,0,1,0,0,0,1,0,0,0,1,0,0,0,1,0,0,0,1,0,0,0,1,0,0,0,1,0,0,0,1,0,0,0,1,0,0,0,1,0,0,0,1,0,0,0,1,0,0,0,1,0,0,0,1,0,0,0,1,0,0,0,1,0,0,0,1,0,0,0,1,0,0,0,1,0,0,0,1,0,0,0,1,0,0,0,1,0,0,0,1,0,0,0,1,0,0,0,1,0,0,0,1,0,0,0,1,0,0,0,1,0,0,0,1,0,0,0,1,0,0,0,1,0,0,0,1,0,0,0,1,0,0,0,1,0,0,0,1,0,0,0,1,0,0,0,1,0,0,0,1,0,0,0,1,0,0,0,1,0,0,0,1,0,0,0,1,0,0,0,1,0,0,0,1,0,0,0,1,0,0,0,1,0,0,0,1],"scl":[1,1,1,1,1,1,1,1,1,1,1,1,1,1,1,1,1,1,1,1,1,1,1,1,1,1,1,1,1,1,1,1,1,1,1,1,1,1,1,1,1,1,1,1,1,1,1,1,1,1,1,1,1,1,1,1,1,1,1,1,1,1,1,1,1,1,1,1,1,1,1,1,1,1,1,1,1,1,1,1,1,1,1,1,1,1,1,1,1,1,1,1,1,1,1,1,1,1,1,1,1,1,1,1,1,1,1,1,1,1,1,1,1,1,1,1,1,1,1,1,1,1,1,1,1,1,1,1,1,1,1,1,1,1,1,1,1,1,1,1,1,1,1,1,1,1,1,1,1,1,1,1,1,1,1,1,1,1,1,1,1,1,1,1,1,1,1,1,1,1,1,1,1,1,1,1,1,1,1,1,1,1,1]},
{"i":3,"pos":[0,45.5,0,0,45.5,0,0,45.5,0,0,45.5,0,0,45.5,0,0,45.5,0,0,45.5,0,0,45.5,0,0,45.5,0,0,45.5,0,0,45.5,0,0,45.5,0,0,45.5,0,0,45.5,0,0,45.5,0,0,45.5,0,0,45.5,0,0,45.5,0,0,45.5,0,0,45.5,0,0,45.5,0,0,45.5,0,0,45.5,0,0,45.5,0,0,45.5,0,0,45.5,0,0,45.5,0,0,45.5,0,0,45.5,0,0,45.5,0,0,45.5,0,0,45.5,0,0,45.5,0,0,45.5,0,0,45.5,0,0,45.5,0,0,45.5,0,0,45.5,0,0,45.5,0,0,45.5,0,0,45.5,0,0,45.5,0,0,45.5,0,0,45.5,0,0,45.5,0,0,45.5,0,0,45.5,0,0,45.5,0,0,45.5,0,0,45.5,0,0,45.5,0,0,45.5,0,0,45.5,0,0,45.5,0,0,45.5,0,0,45.5,0,0,45.5,0,0,45.5,0,0,45.5,0,0,45.5,0,0,45.5,0],"rot":[0,0,0,1,0,0,0,1,0,0,0,1,0,0,0,1,0,0,0,1,0,0,0,1,0,0,0,1,0,0,0,1,0,0,0,1,0,0,0,1,0,0,0,1,0,0,0,1,0,0,0,1,0,0,0,1,0,0,0,1,0,0,0,1,0,0,0,1,0,0,0,1,0,0,0,1,0,0,0,1,0,0,0,1,0,0,0,1,0,0,0,1,0,0,0,1,0,0,0,1,0,0,0,1,0,0,0,1,0,0,0,1,0,0,0,1,0,0,0,1,0,0,0,1,0,0,0,1,0,0,0,1,0,0,0,1,0,0,0,1,0,0,0,1,0,0,0,1,0,0,0,1,0,0,0,1,0,0,0,1,0,0,0,1,0,0,0,1,0,0,0,1,0,0,0,1,0,0,0,1,0,0,0,1,0,0,0,1,0,0,0,1,0,0,0,1,0,0,0,1,0,0,0,1,0,0,0,1,0,0,0,1,0,0,0,1,0,0,0,1,0,0,0,1,0,0,0,1,0,0,0,1,0,0,0,1,0,0,0,1,0,0,0,1],"scl":[1,1,1,1,1,1,1,1,1,1,1,1,1,1,1,1,1,1,1,1,1,1,1,1,1,1,1,1,1,1,1,1,1,1,1,1,1,1,1,1,1,1,1,1,1,1,1,1,1,1,1,1,1,1,1,1,1,1,1,1,1,1,1,1,1,1,1,1,1,1,1,1,1,1,1,1,1,1,1,1,1,1,1,1,1,1,1,1,1,1,1,1,1,1,1,1,1,1,1,1,1,1,1,1,1,1,1,1,1,1,1,1,1,1,1,1,1,1,1,1,1,1,1,1,1,1,1,1,1,1,1,1,1,1,1,1,1,1,1,1,1,1,1,1,1,1,1,1,1,1,1,1,1,1,1,1,1,1,1,1,1,1,1,1,1,1,1,1,1,1,1,1,1,1,1,1,1,1,1,1,1,1,1]},
{"i":4,"pos":[0,-12.7998,-57,0,-12.7998,-57,0,-12.7998,-57,0,-12.7998,-57,0,-12.7998,-57,0,-12.7998,-57,0,-12.7998,-57,0,-12.7998,-57,0,-12.7998,-57,0,-12.7998,-57,0,-12.7998,-57,0,-12.7998,-57,0,-12.7998,-57,0,-12.7998,-57,0,-12.7998,-57,0,-12.7998,-57,0,-12.7998,-57,0,-12.7998,-57,0,-12.7998,-57,0,-12.7998,-57,0,-12.7998,-57,0,-12.7998,-57,0,-12.7998,-57,0,-12.7998,-57,0,-12.7998,-57,0,-12.7998,-57,0,-12.7998,-57,0,-12.7998,-57,0,-12.7998,-57,0,-12.7998,-57,0,-12.7998,-57,0,-12.7998,-57,0,-12.7998,-57,0,-12.7998,-57,0,-12.7998,-57,0,-12.7998,-57,0,-12.7998,-57,0,-12.7998,-57,0,-12.7998,-57,0,-12.7998,-57,0,-12.7998,-57,0,-12.7998,-57,0,-12.7998,-57,0,-12.7998,-57,0,-12.7998,-57,0,-12.7998,-57,0,-12.7998,-57,0,-12.7998,-57,0,-12.7998,-57,0,-12.7998,-57,0,-12.7998,-57,0,-12.7998,-57,0,-12.7998,-57,0,-12.7998,-57,0,-12.7998,-57,0,-12.7998,-57,0,-12.7998,-57,0,-12.7998,-57,0,-12.7998,-57,0,-12.7998,-57,0,-12.7998,-57],