{
"name":"pl0c05mot_g0s23_m0",
"frameCount":26,"fps":60,"rotFormat":"quat_xyzw",
"bones":[
{"i":0,"pos":[0,0,0,0,0,0,0,0,0,0,0,0,0,0,0,0,0,0,0,0,0,0,0,0,0,0,0,0,0,0,0,0,0,0,0,0,0,0,0,0,0,0,0,0,0,0,0,0,0,0,0,0,0,0,0,0,0,0,0,0,0,0,0,0,0,0,0,0,0,0,0,0,0,0,0,0,0,0],"rot":[0,0,0,1,0,0,0,1,0,0,0,1,0,0,0,1,0,0,0,1,0,0,0,1,0,0,0,1,0,0,0,1,0,0,0,1,0,0,0,1,0,0,0,1,0,0,0,1,0,0,0,1,0,0,0,1,0,0,0,1,0,0,0,1,0,0,0,1,0,0,0,1,0,0,0,1,0,0,0,1,0,0,0,1,0,0,0,1,0,0,0,1,0,0,0,1,0,0,0,1,0,0,0,1],"scl":[1,1,1,1,1,1,1,1,1,1,1,1,1,1,1,1,1,1,1,1,1,1,1,1,1,1,1,1,1,1,1,1,1,1,1,1,1,1,1,1,1,1,1,1,1,1,1,1,1,1,1,1,1,1,1,1,1,1,1,1,1,1,1,1,1,1,1,1,1,1,1,1,1,1,1,1,1,1]},
{"i":1,"pos":[0,68.998,0,0,68.057,0.106364,0,67.116,0.212728,0,66.175,0.319092,0,65.234,0.425456,0,64.293,0.53182,0,65.6463,0.638184,0,66.9996,0.990967,0,68.3529,1.34375,0,69.7063,1.69653,0,71.0596,2.04932,0,72.4129,2.4021,0,73.7662,2.75488,0,75.1195,3.10767,0,76.4729,3.46045,0,77.8262,3.81323,0,77.9775,3.88848,0,78.1289,3.96372,0,78.2803,4.03896,0,78.4316,4.11421,0,78.583,4.18945,0,78.7344,4.2647,0,78.8857,4.33994,0,79.0371,4.41519,0,79.1885,4.49043,0,79.3398,4.56567],"rot":[0,0,0,1,0.00242106,0,0,0.999997,0.0048421,0,0,0.999988,0.00726312,0,0,0.999974,0.00968409,0,0,0.999953,0.012105,0,0,0.999927,0.0145259,0,0,0.999894,0.0226065,0,0,0.999744,0.0306857,0,0,0.999529,0.0387629,0,0,0.999248,0.0468375,0,0,0.998902,0.0549091,0,0,0.998491,0.0629771,0,0,0.998015,0.071041,0,0,0.997473,0.0791002,0,0,0.996867,0.0871543,0,0,0.996195,0.0888916,0,0,0.996041,0.0906287,0,0,0.995885,0.0923654,0,0,0.995725,0.0941019,0,0,0.995563,0.0958381,0,0,0.995397,0.097574,0,0,0.995228,0.0993096,0,0,0.995057,0.101045,0,0,0.994882,0.10278,0,0,0.994704,0.104515,0,0,0.994523],"scl":[1,1,1,1,1,1,1,1,1,1,1,1,1,1,1,1,1,1,1,1,1,1,1,1,1,1,1,1,1,1,1,1,1,1,1,1,1,1,1,1,1,1,1,1,1,1,1,1,1,1,1,1,1,1,1,1,1,1,1,1,1,1,1,1,1,1,1,1,1,1,1,1,1,1,1,1,1,1]},
{"i":2,"pos":[0,18.5,0,0,18.5024,0.17689,0,18.5049,0.35378,0,18.5073,0.53067,0,18.5064,0.482431,0,18.5055,0.434191,0,18.5046,0.385951,0,18.5037,0.337712,0,18.5028,0.289472,0,18.5019,0.241233,0,18.501,0.192993,0,18.5025,0.270178,0,18.5041,0.347363,0,18.5056,0.424548,0,18.5072,0.501733,0,18.5087,0.578918,0,18.5087,0.578918,0,18.5087,0.578918,0,18.5087,0.578918,0,18.5087,0.578918,0,18.5087,0.578918,0,18.5087,0.578918,0,18.5087,0.578918,0,18.5087,0.578918,0,18.5087,0.578918,0,18.5087,0.578918],"rot":[0,0,0,1,-0.00458333,0,0,0.99999,-0.00916657,0,0,0.999958,-0.0137496,0,0,0.999905,-0.0124998,0,0,0.999922,-0.0112499,0,0,0.999937,-0.01,0,0,0.99995,-0.00875012,0,0,0.999962,-0.0075002,0,0,0.999972,-0.00625028,0,0,0.99998,-0.00500035,0,0,0.999987,-0.00700028,0,0,0.999976,-0.00900019,0,0,0.999959,-0.0110001,0,0,0.99994,-0.0129999,0,0,0.999915,-0.0149997,0,0,0.999888,-0.0149997,0,0,0.999888,-0.0149997,0,0,0.999888,-0.0149997,0,0,0.999888,-0.0149997,0,0,0.999888,-0.0149997,0,0,0.999888,-0.0149997,0,0,0.999888,-0.0149997,0,0,0.999888,-0.0149997,0,0,0.999888,-0.0149997,0,0,0.999888,-0.0149997,0,0,0.999888],"scl":[1,1,1,1,1,1,1,1,1,1,1,1,1,1,1,1,1,1,1,1,1,1,1,1,1,1,1,1,1,1,1,1,1,1,1,1,1,1,1,1,1,1,1,1,1,1,1,1,1,1,1,1,1,1,1,1,1,1,1,1,1,1,1,1,1,1,1,1,1,1,1,1,1,1,1,1,1,1]},
{"i":3,"pos":[0,45.5,0,0,45.5,0,0,45.5,0,0,45.5,0,0,45.5,0,0,45.5,0,0,45.5,0,0,45.5,0,0,45.5,0,0,45.5,0,0,45.5,0,0,45.5,0,0,45.5,0,0,45.5,0,0,45.5,0,0,45.5,0,0,45.5,0,0,45.5,0,0,45.5,0,0,45.5,0,0,45.5,0,0,45.5,0,0,45.5,0,0,45.5,0,0,45.5,0,0,45.5,0],"rot":[0,0,0,1,0,0,0,1,0,0,0,1,0,0,0,1,0,0,0,1,0,0,0,1,0,0,0,1,0,0,0,1,0,0,0,1,0,0,0,1,0,0,0,1,0,0,0,1,0,0,0,1,0,0,0,1,0,0,0,1,0,0,0,1,0,0,0,1,0,0,0,1,0,0,0,1,0,0,0,1,0,0,0,1,0,0,0,1,0,0,0,1,0,0,0,1,0,0,0,1,0,0,0,1],"scl":[1,1,1,1,1,1,1,1,1,1,1,1,1,1,1,1,1,1,1,1,1,1,1,1,1,1,1,1,1,1,1,1,1,1,1,1,1,1,1,1,1,1,1,1,1,1,1,1,1,1,1,1,1,1,1,1,1,1,1,1,1,1,1,1,1,1,1,1,1,1,1,1,1,1,1,1,1,1]},
{"i":4,"pos":[0,-12.7998,-57,0,-12.7998,-57,0,-12.7998,-57,0,-12.7998,-57,0,-12.7998,-57,0,-12.7998,-57,0,-12.7998,-57,0,-12.7998,-57,0,-12.7998,-57,0,-12.7998,-57,0,-12.7998,-57,0,-12.7998,-57,0,-12.7998,-57,0,-12.7998,-57,0,-12.7998,-57,0,-12.7998,-57,0,-12.7998,-57,0,-12.7998,-57,0,-12.7998,-57,0,-12.7998,-57,0,-12.7998,-57,0,-12.7998,-57,0,-12.7998,-57,0,-12.7998,-57,0,-12.7998,-57,0,-12.7998,-57],"rot":[-0.195091,-1.82955E-07,9.19777E-07,0.980785,-0.192098,-8.07174E-06,4.12363E-05,0.981376,-0.189104,-1.57145E-05,8.16005E-05,0.981957,-0.186108,-2.31111E-05,0.000122011,0.982529,-0.186926,-2.10982E-05,0.00011088,0.982374,-0.187744,-1.90667E-05,9.97511E-05,0.982218,-0.188562,-1.70168E-05,8.86261E-05,0.982061,-0.18938,-1.49483E-05,7.75046E-05,0.981904,-0.190198,-1.28614E-05,6.63866E-05,0.981746,-0.191015,-1.07559E-05,5.52722E-05,0.981587,-0.191833,-8.63189E-06,4.41613E-05,0.981428,-0.190524,-1.20297E-05,6.19835E-05,0.981682,-0.189216,-1.53801E-05,7.98149E-05,0.981936,-0.187907,-1.86829E-05,9.76553E-05,0.982187,-0.186597,-2.19382E-05,0.000115505,0.982436,-0.185288,-2.51459E-05,0.000133363,0.982684,-0.185288,-2.51459E-05,0.000133362,0.982684,-0.185288,-2.51458E-05,0.000133362,0.982684,-0.185288,-2.51458E-05,0.000133362,0.982684,-0.185288,-2.51458E-05,0.000133362,0.982684,-0.185288,-2.51457E-05,0.000133362,0.982684,-0.185288,-2.51457E-05,0.000133362,0.982684,-0.185288,-2.51457E-05,0.000133362,0.982684,-0.185288,-2.51456E-05,0.000133361,0.982684,-0.185288,-2.51456E-05,0.000133361,0.982684,-0.185288,-2.51456E-05,0.000133361,0.982684],"scl":[1,1,1,1,1,1,1,1,1,1,1,1,1,1,1,1,1,1,1,1,1,1,1,1,1,1,1,1,1,1,1,1,1,1,1,1,1,1,1,1,1,1,1,1,1,1,1,1,1,1,1,1,1,1,1,1,1,1,1,1,1,1,1,1,1,1,1,1,1,1,1,1,1,1,1,1,1,1]},
{"i":5,"pos":[0,161,0,0,161,0,0,161,0,0,161,0,0,161,0,0,161,0,0,161,0,0,161,0,0,161,0,0,161,0,0,161,0,0,161,0,0,161,0,0,161,0,0,161,0,0,161,0,0,161,0,0,161,0,0,161,0,0,161,0,0,161,0,0,161,0,0,161,0,0,161,0,0,161,0,0,161,0],"rot":[0,0,0,1,0,0,0,1,0,0,0,1,0,0,0,1,0,0,0,1,0,0,0,1,0,0,0,1,0,0,0,1,0,0,0,1,0,0,0,1,0,0,0,1,0,0,0,1,0,0,0,1,0,0,0,1,0,0,0,1,0,0,0,1,0,0,0,1,0,0,0,1,0,0,0,1,0,0,0,1,0,0,0,1,0,0,0,1,0,0,0,1,0,0,0,1,0,0,0,1,0,0,0,1],"scl":[1,1,1,1,1,1,1,1,1,1,1,1,1,1,1,1,1,1,1,1,1,1,1,1,1,1,1,1,1,1,1,1,1,1,1,1,1,1,1,1,1,1,1,1,1,1,1,1,1,1,1,1,1,1,1,1,1,1,1,1,1,1,1,1,1,1,1,1,1,1,1,1,1,1,1,1,1,1]},
{"i":6,"pos":[-53,27.4995,47.7998,-53,27.4995,47.7998,-53,27.4995,47.7998,-53,27.4995,47.7998,-53,27.4995,47.7998,-53,27.4995,47.7998,-53,27.4995,47.7998,-53,27.4995,47.7998,-53,27.4995,47.7998,-53,27.4995,47.7998,-53,27.4995,47.7998,-53,27.4995,47.7998,-53,27.4995,47.7998,-53,27.4995,47.7998,-53,27.4995,47.7998,-53,27.4995,47.7998,-53,27.4995,47.7998,-53,27.4995,47.7998,-53,27.4995,47.7998,-53,27.4995,47.7998,-53,27.4995,47.7998,-53,27.4995,47.7998,-53,27.4995,47.7998,-53,27.4995,47.7998,-53,27.4995,47.7998,-53,27.4995,47.7998],"rot":[0,0,0,1,0,0,0,1,0,0,0,1,0,0,0,1,0,0,0,1,0,0,0,1,0,0,0,1,0,0,0,1,0,0,0,1,0,0,0,1,0,0,0,1,0,0,0,1,0,0,0,1,0,0,0,1,0,0,0,1,0,0,0,1,0,0,0,1,0,0,0,1,0,0,0,1,0,0,0,1,0,0,0,1,0,0,0,1,0,0,0,1,0,0,0,1,0,0,0,1,0,0,0,1],"scl":[1,1,1,1,1,1,1,1,1,1,1,1,1,1,1,1,1,1,1,1,1,1,1,1,1,1,1,1,1,1,1,1,1,1,1,1,1,1,1,1,1,1,1,1,1,1,1,1,1,1,1,1,1,1,1,1,1,1,1,1,1,1,1,1,1,1,1,1,1,1,1,1,1,1,1,1,1,1]},
{"i":7,"pos":[53,27.4995,47.7998,53,27.4995,47.7998,53,27.4995,47.7998,53,27.4995,47.7998,53,27.4995,47.7998,53,27.4995,47.7998,53,27.4995,47.7998,53,27.4995,47.7998,53,27.4995,47.7998,53,27.4995,47.7998,53,27.4995,47.7998,53,27.4995,47.7998,53,27.4995,47.7998,53,27.4995,47.7998,53,27.4995,47.7998,53,27.4995,47.7998,53,27.4995,47.7998,53,27.4995,47.7998,53,27.4995,47.7998,53,27.4995,47.7998,53,27.4995,47.7998,53,27.4995,47.7998,53,27.4995,47.7998,53,27.4995,47.7998,53,27.4995,47.7998,53,27.4995,47.7998],"rot":[0,0,0,1,0,0,0,1,0,0,0,1,0,0,0,1,0,0,0,1,0,0,0,1,0,0,0,1,0,0,0,1,0,0,0,1,0,0,0,1,0,0,0,1,0,0,0,1,0,0,0,1,0,0,0,1,0,0,0,1,0,0,0,1,0,0,0,1,0,0,0,1,0,0,0,1,0,0,0,1,0,0,0,1,0,0,0,1,0,0,0,1,0,0,0,1,0,0,0,1,0,0,0,1],"scl":[1,1,1,1,1,1,1,1,1,1,1,1,1,1,1,1,1,1,1,1,1,1,1,1,1,1,1,1,1,1,1,1,1,1,1,1,1,1,1,1,1,1,1,1,1,1,1,1,1,1,1,1,1,1,1,1,1,1,1,1,1,1,1,1,1,1,1,1,1,1,1,1,1,1,1,1,1,1]},
{"i":8,