{
"name":"pl0c05mot_g0s9_m0",
"frameCount":39,"fps":60,"rotFormat":"quat_xyzw",
"bones":[
{"i":0,"pos":[0,0,0,0,0,0,0,0,0,0,0,0,0,0,0,0,0,0,0,0,0,0,0,0,0,0,0,0,0,0,0,0,0,0,0,0,0,0,0,0,0,0,0,0,0,0,0,0,0,0,0,0,0,0,0,0,0,0,0,0,0,0,0,0,0,0,0,0,0,0,0,0,0,0,0,0,0,0,0,0,0,0,0,0,0,0,0,0,0,0,0,0,0,0,0,0,0,0,0,0,0,0,0,0,0,0,0,0,0,0,0,0,0,0,0,0,0],"rot":[0,0,0,1,0,0,0,1,0,0,0,1,0,0,0,1,0,0,0,1,0,0,0,1,0,0,0,1,0,0,0,1,0,0,0,1,0,0,0,1,0,0,0,1,0,0,0,1,0,0,0,1,0,0,0,1,0,0,0,1,0,0,0,1,0,0,0,1,0,0,0,1,0,0,0,1,0,0,0,1,0,0,0,1,0,0,0,1,0,0,0,1,0,0,0,1,0,0,0,1,0,0,0,1,0,0,0,1,0,0,0,1,0,0,0,1,0,0,0,1,0,0,0,1,0,0,0,1,0,0,0,1,0,0,0,1,0,0,0,1,0,0,0,1,0,0,0,1,0,0,0,1,0,0,0,1],"scl":[1,1,1,1,1,1,1,1,1,1,1,1,1,1,1,1,1,1,1,1,1,1,1,1,1,1,1,1,1,1,1,1,1,1,1,1,1,1,1,1,1,1,1,1,1,1,1,1,1,1,1,1,1,1,1,1,1,1,1,1,1,1,1,1,1,1,1,1,1,1,1,1,1,1,1,1,1,1,1,1,1,1,1,1,1,1,1,1,1,1,1,1,1,1,1,1,1,1,1,1,1,1,1,1,1,1,1,1,1,1,1,1,1,1,1,1,1]},
{"i":1,"pos":[0,68.1836,0.766357,0,67.5351,0.715623,0,66.8872,0.642529,0,66.2394,0.550931,0,65.5917,0.444688,0,64.9436,0.327654,0,64.2949,0.203688,0,64.377,0.0766449,0,64.4583,-0.0496176,0,64.5391,-0.171243,0,64.6191,-0.284374,0,65.106,-0.385155,0,65.5929,-0.469729,0,66.0801,-0.534239,0,66.5676,-0.574829,0,67.0554,-0.591614,0,67.5437,-0.589025,0,68.0323,-0.569682,0,68.5215,-0.536204,0,68.7578,-0.491207,0,68.994,-0.437312,0,68.8926,-0.377136,0,68.7913,-0.313298,0,68.69,-0.248417,0,68.5885,-0.18511,0,68.4869,-0.125996,0,68.3848,-0.0736945,0,68.3298,-0.030823,0,68.2746,0,0,68.2192,0.0193799,0,68.1638,0.030625,0,68.1084,0.0351709,0,68.0531,0.0344531,0,67.998,0.0299072,0,67.9983,0.0229688,0,67.9987,0.0150732,0,67.9993,0.00765625,0,67.9998,0.00215332,0,68,0],"rot":[0.0174247,0,0,0.999848,0.0162693,0,0,0.999868,0.0146066,0,0,0.999893,0.0125241,0,0,0.999922,0.0101092,0,0,0.999949,0.00744946,0,0,0.999972,0.00463244,0,0,0.999989,0.00174567,0,0,0.999998,-0.00112331,0,0,0.999999,-0.00388694,0,0,0.999992,-0.00645768,0,0,0.999979,-0.00874798,0,0,0.999962,-0.0106703,0,0,0.999943,-0.0121372,0,0,0.999926,-0.0130612,0,0,0.999915,-0.0134444,0,0,0.99991,-0.0133871,0,0,0.99991,-0.0129488,0,0,0.999916,-0.0121891,0,0,0.999926,-0.0111674,0,0,0.999938,-0.00994318,0,0,0.999951,-0.00857597,0,0,0.999963,-0.00712526,0,0,0.999975,-0.00565056,0,0,0.999984,-0.00421138,0,0,0.999991,-0.00286722,0,0,0.999996,-0.0016776,0,0,0.999999,-0.000702027,0,0,1,0,0,0,1,0.000441786,0,0,1,0.000698131,0,0,1,0.00080176,0,0,1,0.000785398,0,0,1,0.000681769,0,0,1,0.000523598,0,0,1,0.000343611,0,0,1,0.000174532,0,0,1,4.90871E-05,0,0,1,0,0,0,1],"scl":[1,1,1,1,1,1,1,1,1,1,1,1,1,1,1,1,1,1,1,1,1,1,1,1,1,1,1,1,1,1,1,1,1,1,1,1,1,1,1,1,1,1,1,1,1,1,1,1,1,1,1,1,1,1,1,1,1,1,1,1,1,1,1,1,1,1,1,1,1,1,1,1,1,1,1,1,1,1,1,1,1,1,1,1,1,1,1,1,1,1,1,1,1,1,1,1,1,1,1,1,1,1,1,1,1,1,1,1,1,1,1,1,1,1,1,1,1]},
{"i":2,"pos":[0,18.5005,-0.134277,0,18.5706,-1.6493,0,18.5888,-1.84911,0,18.6091,-2.04871,0,18.6314,-2.24806,0,18.6558,-2.44713,0,18.6057,-2.0166,0,18.5652,-1.58508,0,18.5355,-1.15273,0,18.5154,-0.719802,0,18.504,-0.286527,0,18.5006,0.146851,0,18.5041,0.395313,0,18.5108,0.643799,0,18.5207,0.892193,0,18.5337,1.14038,0,18.5284,1.04636,0,18.5236,0.952293,0,18.5191,0.858182,0,18.5152,0.764034,0,18.5117,0.669853,0,18.5087,0.575646,0,18.5061,0.481417,0,18.504,0.387172,0,18.5023,0.292917,0,18.5011,0.198656,0,18.5004,0.104395,0,18.5001,0.0101389,0,18.5002,-0.0841064,0,18.5003,-0.110756,0,18.5005,-0.137458,0,18.5007,-0.164178,0,18.501,-0.19088,0,18.5012,-0.217529,0,18.5008,-0.174047,0,18.5005,-0.130529,0,18.5002,-0.087,0,18.5001,-0.0434824,0,18.5,0],"rot":[0.003479,0,0,0.999994,0.0427681,0,0,0.999085,0.0479598,0,0,0.998849,0.0531366,0,0,0.998587,0.0583267,0,0,0.998298,0.0635152,0,0,0.997981,0.0523138,0,0,0.998631,0.0411134,0,0,0.999155,0.0298903,0,0,0.999553,0.0186576,0,0,0.999826,0.00742839,0,0,0.999972,-0.00378417,0,0,0.999993,-0.0102118,0,0,0.999948,-0.0166618,0,0,0.999861,-0.0231112,0,0,0.999733,-0.0295367,0,0,0.999564,-0.0270968,0,0,0.999633,-0.0246576,0,0,0.999696,-0.0222191,0,0,0.999753,-0.019781,0,0,0.999804,-0.0173432,0,0,0.99985,-0.0149055,0,0,0.999889,-0.0124679,0,0,0.999922,-0.01003,0,0,0.99995,-0.00759192,0,0,0.999971,-0.00515332,0,0,0.999987,-0.00271411,0,0,0.999996,-0.000274144,0,0,1,0.00216675,0,0,0.999998,0.00284765,0,0,0.999996,0.00354174,0,0,0.999994,0.00424022,0,0,0.999991,0.00493431,0,0,0.999988,0.00561521,0,0,0.999984,0.00450389,0,0,0.99999,0.00337499,0,0,0.999994,0.00224023,0,0,0.999997,0.00111133,0,0,0.999999,0,0,0,1],"scl":[1,1,1,1,1,1,1,1,1,1,1,1,1,1,1,1,1,1,1,1,1,1,1,1,1,1,1,1,1,1,1,1,1,1,1,1,1,1,1,1,1,1,1,1,1,1,1,1,1,1,1,1,1,1,1,1,1,1,1,1,1,1,1,1,1,1,1,1,1,1,1,1,1,1,1,1,1,1,1,1,1,1,1,1,1,1,1,1,1,1,1,1,1,1,1,1,1,1,1,1,1,1,1,1,1,1,1,1,1,1,1,1,1,1,1,1,1]},
{"i":3,"pos":[0,45.5,0,0,45.5,0,0,45.5,0,0,45.5,0,0,45.5,0,0,45.5,0,0,45.5,0,0,45.5,0,0,45.5,0,0,45.5,0,0,45.5,0,0,45.5,0,0,45.5,0,0,45.5,0,0,45.5,0,0,45.5,0,0,45.5,0,0,45.5,0,0,45.5,0,0,45.5,0,0,45.5,0,0,45.5,0,0,45.5,0,0,45.5,0,0,45.5,0,0,45.5,0,0,45.5,0,0,45.5,0,0,45.5,0,0,45.5,0,0,45.5,0,0,45.5,0,0,45.5,0,0,45.5,0,0,45.5,0,0,45.5,0,0,45.5,0,0,45.5,0,0,45.5,0],"rot":[0,0,0,1,0,0,0,1,0,0,0,1,0,0,0,1,0,0,0,1,0,0,0,1,0,0,0,1,0,0,0,1,0,0,0,1,0,0,0,1,0,0,0,1,0,0,0,1,0,0,0,1,0,0,0,1,0,0,0,1,0,0,0,1,0,0,0,1,0,0,0,1,0,0,0,1,0,0,0,1,0,0,0,1,0,0,0,1,0,0,0,1,0,0,0,1,0,0,0,1,0,0,0,1,0,0,0,1,0,0,0,1,0,0,0,1,0,0,0,1,0,0,0,1,0,0,0,1,0,0,0,1,0,0,0,1,0,0,0,1,0,0,0,1,0,0,0,1,0,0,0,1,0,0,0,1],"scl":[1,1,1,1,1,1,1,1,1,1,1,1,1,1,1,1,1,1,1,1,1,1,1,1,1,1,1,1,1,1,1,1,1,1,1,1,1,1,1,1,1,1,1,1,1,1,1,1,1,1,1,1,1,1,1,1,1,1,1,1,1,1,1,1,1,1,1,1,1,1,1,1,1,1,1,1,1,1,1,1,1,1,1,1,1,1,1,1,1,1,1,1,1,1,1,1,1,1,1,1,1,1,1,1,1,1,1,1,1,1,1,1,1,1,1,1,1]},
{"i":4,"pos":[0,-12.7998,-57,0,-12.7998,-57,0,-12.7998,-57,0,-12.7998,-57,0,-12.7998,-57,0,-12.7998,-57,0,-12.7998,-57,0,-12.7998,-57,0,-12.7998,-57,0,-12.7998,-57,0,-12.7998,-57,0,-12.7998,-57,0,-12.7998,-57,0,-12.7998,-57,0,-12.7998,-57,0,-12.7998,-57,0,-12.7998,-57,0,-12.7998,-57,0,-12.7998,-57,0,-12.7998,-57,0,-12.7998,-57,0,-12.7998,-57,0,-12.7998,-57,0,-12.7998,-57,0,-12.7998,-57,0,-12.7998,-57,0,-12.7998,-57,0,-12.7998,-57,0,-12.7998,-57,0,-12.7998,-57,0,-12.7998,-57,0,-12.7998,-57,0,-12.7998,-57,0,-12.7998,-57,0,-12.7998,-57,0,-12.7998,-57,0,-12.7998,-57,0,-12.7998,-57,0,-12.7998,-57],"rot":[-0.197335,-6.13034E-06,-3.10471E-05,0.980336,-0.222556,-8.29944E-05,-0.000369839,0.97492,-0.225859,-9.38303E-05,-0.000411626,0.97416,-0.229147,-0.000104807,-0.000452737,0.973392,-0.232426,-0.000115921,-0.000493188,0.972614,-0.235684,-0.000127172,-0.000532985,0.97183,-0.228612,-0.000103037,-0.00044617,0.973517,-0.221511,-7.95335E-05,-0.000356263,0.975158,-0.214354,-5.67208E-05,-0.000263156,0.976756,-0.207147,-3.46556E-05,-0.000166743,0.97831,-0.199896,-1.33935E-05,-6.69162E-05,0.979817,-0.192606,7.01126E-06,3.64395E-05,0.981276,-0.188394,1.82976E-05,9.73383E-05,0.982094,-0.184154,2.92695E-05,0.000159462,0.982897,-0.179903,3.99115E-05,0.000222834,0.983684,-0.175659,5.02042E-05,0.000287479,0.984451,-0.177254,4.63468E-05,0.000262811,0.984165,-0.178854,4.2436E-05,0.000238328,0.983876,-0.180458,3.84732E-05,0.000214029,0.983583,-0.182065,3.44599E-05,0.000189914,0.983287,-0.183674,3.03972E-05,0.000165979,0.982987,-0.185283,2.62863E-05,0.000142225,0.982685,-0.186893,2.21283E-05,0.000118649,0.98238,-0.188502,1.79242E-05,9.52508E-05,0.982073,-0.190109,1.36749E-05,7.20283E-05,0.981763,-0.191713,9.38116E-06,4.89804E-05,0.981451,-0.193313,5.04373E-06,2.61057E-05,0.981137,-0.194908,6.63293E-07,3.40322E-06,0.980821,-0.196497,-3.7596E-06,-1.91285E-05,0.980504,-0.196951,-5.01806E-06,-2.54739E-05,0.980413,-0.197409,-6.2803E-06,-3.18055E-05,0.980321,-0.197865,-7.5462E-06,-3.81235E-05,0.980229,-0.198312,-8.81579E-06,-4.44279E-05,0.980139,-0.198741,-1.00893E-05,-5.07189E-05,0.980052,-0.198014,-8.01416E-06,-4.045E-05,0.980199,-0.197274,-5.94861E-06,-3.01431E-05,0.980348,-0.196529,-3.89212E-06,-1.97994E-05,0.980498,-0.195789,-1.84451E-06,-9.41985E-06,0.980646,-0.195061,1.94039E-07,9.94754E-07,0.980791],