{
"name":"pl0c05mot_g7s0_m0",
"frameCount":37,"fps":60,"rotFormat":"quat_xyzw",
"bones":[
{"i":0,"pos":[0,0,0,0,0,0,0,0,0,0,0,0,0,0,0,0,0,0,0,0,0,0,0,0,0,0,0,0,0,0,0,0,0,0,0,0,0,0,0,0,0,0,0,0,0,0,0,0,0,0,0,0,0,0,0,0,0,0,0,0,0,0,0,0,0,0,0,0,0,0,0,0,0,0,0,0,0,0,0,0,0,0,0,0,0,0,0,0,0,0,0,0,0,0,0,0,0,0,0,0,0,0,0,0,0,0,0,0,0,0,0],"rot":[0,0,0,1,0,0,0,1,0,0,0,1,0,0,0,1,0,0,0,1,0,0,0,1,0,0,0,1,0,0,0,1,0,0,0,1,0,0,0,1,0,0,0,1,0,0,0,1,0,0,0,1,0,0,0,1,0,0,0,1,0,0,0,1,0,0,0,1,0,0,0,1,0,0,0,1,0,0,0,1,0,0,0,1,0,0,0,1,0,0,0,1,0,0,0,1,0,0,0,1,0,0,0,1,0,0,0,1,0,0,0,1,0,0,0,1,0,0,0,1,0,0,0,1,0,0,0,1,0,0,0,1,0,0,0,1,0,0,0,1,0,0,0,1,0,0,0,1],"scl":[1,1,1,1,1,1,1,1,1,1,1,1,1,1,1,1,1,1,1,1,1,1,1,1,1,1,1,1,1,1,1,1,1,1,1,1,1,1,1,1,1,1,1,1,1,1,1,1,1,1,1,1,1,1,1,1,1,1,1,1,1,1,1,1,1,1,1,1,1,1,1,1,1,1,1,1,1,1,1,1,1,1,1,1,1,1,1,1,1,1,1,1,1,1,1,1,1,1,1,1,1,1,1,1,1,1,1,1,1,1,1]},
{"i":1,"pos":[0,68.4961,0,0,73.3966,-1.99211,0,76.926,8.22714,0,79.3518,18.8047,0,80.9414,29.9487,0,88.012,34.2088,0,94.6136,39.1699,0,102.816,40.3487,0,110.853,42.3545,0,119.204,40.3457,0,127.084,39.1649,0,133.703,34.1925,0,140.792,29.9219,0,145.067,22.847,0,150.043,16.2402,0,151.197,8.03711,0,153.177,-0.000793457,0,151.184,-8.33838,0,150.019,-16.2187,0,145.132,-22.8848,0,140.945,-30.0205,0,133.766,-34.2328,0,127.056,-39.1465,0,118.898,-40.3292,0,110.862,-42.3388,0,102.431,-40.3477,0,94.4915,-39.185,0,87.9297,-34.2525,0,80.8995,-30.0215,0,76.7128,-22.8266,0,71.8242,-16.0998,0,70.5754,-7.9668,0,68.4992,0.0272827,0,70.4961,8.37354,0,71.6652,16.2586,0,76.6542,22.8691,0,80.9414,29.9492],"rot":[0,0,0,1,-0.0940989,0,0,0.995563,-0.187363,0,0,0.982291,-0.278964,0,0,0.960302,-0.373569,0,0,0.927603,-0.464431,0,0,0.88561,-0.550639,0,0,0.834743,-0.631331,0,0,0.775514,-0.705697,0,0,0.708514,-0.772993,0,0,0.634415,-0.831452,0,0,0.555596,0.881905,0,-0,-0.471427,0.923865,0,-0,-0.382718,0.956929,0,-0,-0.290323,0.980777,0,-0,-0.195133,0.99518,0,-0,-0.0980635,1,0,-0,-4.97858E-05,0.99519,0,0,0.0979644,0.980796,0,0,0.195035,0.956957,0,0,0.290228,0.923903,0,0,0.382626,0.881952,0,0,0.471339,0.831508,0,0,0.555513,0.773056,0,0,0.634338,0.70716,0,0,0.707054,0.634454,0,0,0.772961,0.555638,0,0,0.831425,0.471471,0,0,0.881882,0.382764,0,0,0.923846,0.290371,0,0,0.956914,0.195182,0,0,0.980767,0.0981132,0,0,0.995175,9.95715E-05,0,0,1,-0.097915,0,0,0.995195,-0.194987,0,0,0.980806,-0.29018,0,0,0.956972,-0.38258,0,0,0.923922],"scl":[1,1,1,1,1,1,1,1,1,1,1,1,1,1,1,1,1,1,1,1,1,1,1,1,1,1,1,1,1,1,1,1,1,1,1,1,1,1,1,1,1,1,1,1,1,1,1,1,1,1,1,1,1,1,1,1,1,1,1,1,1,1,1,1,1,1,1,1,1,1,1,1,1,1,1,1,1,1,1,1,1,1,1,1,1,1,1,1,1,1,1,1,1,1,1,1,1,1,1,1,1,1,1,1,1,1,1,1,1,1,1]},
{"i":2,"pos":[0,18.5,0,0,18.924,4.02336,0,18.6889,2.69336,0,18.5473,1.34985,0,18.5001,5.96046E-08,0,18.5,-8.13305E-05,0,18.5,0,0,18.5,0,0,18.5,0,0,18.5,0,0,18.5,0,0,18.5,0,0,18.5,0,0,18.5,0,0,18.5,0,0,18.5,0,0,18.5,0,0,18.5,0,0,18.5,0,0,18.5,0,0,18.5,0,0,18.5,0,0,18.5,0,0,18.5,0,0,18.5,0,0,18.5,0,0,18.5,0,0,18.5,0,0,18.5,0,0,18.5,0,0,18.5,0,0,18.5,0,0,18.5,0,0,18.5,0,0,18.5,0,0,18.5,0,0,18.5,0],"rot":[0,0,0,1,-0.104794,0,0,0.994494,-0.0699231,0,0,0.997552,-0.034966,0,0,0.999389,1.35601E-05,0,0,1,6.78003E-06,0,0,1,0,0,0,1,0,0,0,1,0,0,0,1,0,0,0,1,0,0,0,1,0,0,0,1,0,0,0,1,0,0,0,1,0,0,0,1,0,0,0,1,0,0,0,1,0,0,0,1,0,0,0,1,0,0,0,1,0,0,0,1,0,0,0,1,0,0,0,1,0,0,0,1,0,0,0,1,0,0,0,1,0,0,0,1,0,0,0,1,0,0,0,1,0,0,0,1,0,0,0,1,0,0,0,1,0,0,0,1,0,0,0,1,0,0,0,1,0,0,0,1,0,0,0,1],"scl":[1,1,1,1,1,1,1,1,1,1,1,1,1,1,1,1,1,1,1,1,1,1,1,1,1,1,1,1,1,1,1,1,1,1,1,1,1,1,1,1,1,1,1,1,1,1,1,1,1,1,1,1,1,1,1,1,1,1,1,1,1,1,1,1,1,1,1,1,1,1,1,1,1,1,1,1,1,1,1,1,1,1,1,1,1,1,1,1,1,1,1,1,1,1,1,1,1,1,1,1,1,1,1,1,1,1,1,1,1,1,1]},
{"i":3,"pos":[0,45.5,0,0,45.5,0,0,45.5,0,0,45.5,0,0,45.5,0,0,45.5,0,0,45.5,0,0,45.5,0,0,45.5,0,0,45.5,0,0,45.5,0,0,45.5,0,0,45.5,0,0,45.5,0,0,45.5,0,0,45.5,0,0,45.5,0,0,45.5,0,0,45.5,0,0,45.5,0,0,45.5,0,0,45.5,0,0,45.5,0,0,45.5,0,0,45.5,0,0,45.5,0,0,45.5,0,0,45.5,0,0,45.5,0,0,45.5,0,0,45.5,0,0,45.5,0,0,45.5,0,0,45.5,0,0,45.5,0,0,45.5,0,0,45.5,0],"rot":[0,0,0,1,0,0,0,1,0,0,0,1,0,0,0,1,0,0,0,1,0,0,0,1,0,0,0,1,0,0,0,1,0,0,0,1,0,0,0,1,0,0,0,1,0,0,0,1,0,0,0,1,0,0,0,1,0,0,0,1,0,0,0,1,0,0,0,1,0,0,0,1,0,0,0,1,0,0,0,1,0,0,0,1,0,0,0,1,0,0,0,1,0,0,0,1,0,0,0,1,0,0,0,1,0,0,0,1,0,0,0,1,0,0,0,1,0,0,0,1,0,0,0,1,0,0,0,1,0,0,0,1,0,0,0,1,0,0,0,1,0,0,0,1,0,0,0,1],"scl":[1,1,1,1,1,1,1,1,1,1,1,1,1,1,1,1,1,1,1,1,1,1,1,1,1,1,1,1,1,1,1,1,1,1,1,1,1,1,1,1,1,1,1,1,1,1,1,1,1,1,1,1,1,1,1,1,1,1,1,1,1,1,1,1,1,1,1,1,1,1,1,1,1,1,1,1,1,1,1,1,1,1,1,1,1,1,1,1,1,1,1,1,1,1,1,1,1,1,1,1,1,1,1,1,1,1,1,1,1,1,1]},
{"i":4,"pos":[0,-12.7998,-57,0,-12.7998,-57,0,-12.7998,-57,0,-12.7998,-57,0,-12.7998,-57,0,-12.7998,-57,0,-12.7998,-57,0,-12.7998,-57,0,-12.7998,-57,0,-12.7998,-57,0,-12.7998,-57,0,-12.7998,-57,0,-12.7998,-57,0,-12.7998,-57,0,-12.7998,-57,0,-12.7998,-57,0,-12.7998,-57,0,-12.7998,-57,0,-12.7998,-57,0,-12.7998,-57,0,-12.7998,-57,0,-12.7998,-57,0,-12.7998,-57,0,-12.7998,-57,0,-12.7998,-57,0,-12.7998,-57,0,-12.7998,-57,0,-12.7998,-57,0,-12.7998,-57,0,-12.7998,-57,0,-12.7998,-57,0,-12.7998,-57,0,-12.7998,-57,0,-12.7998,-57,0,-12.7998,-57,0,-12.7998,-57,0,-12.7998,-57],"rot":[-0.195091,1.94009E-07,9.9476E-07,0.980785,-0.124432,0.000139745,0.00114922,0.992227,-0.148541,0.000106023,0.000724266,0.988906,-0.172076,5.86098E-05,0.000343078,0.985084,-0.195088,1.93997E-07,9.94299E-07,0.980786,-0.195097,1.9415E-07,9.95928E-07,0.980784,-0.195091,1.93911E-07,9.94401E-07,0.980785,-0.195091,1.94112E-07,9.96219E-07,0.980785,-0.195091,1.94282E-07,9.97696E-07,0.980785,-0.195091,1.94423E-07,9.98857E-07,0.980785,-0.195091,1.94536E-07,9.99726E-07,0.980785,-0.195091,1.94623E-07,1.00032E-06,0.980785,-0.195091,1.94688E-07,1.00068E-06,0.980785,-0.195091,1.94731E-07,1.00081E-06,0.980785,-0.195091,1.94754E-07,1.00074E-06,0.980785,-0.195091,1.94761E-07,1.00049E-06,0.980785,-0.195091,1.94752E-07,1.0001E-06,0.980785,-0.195091,1.9473E-07,9.9957E-07,0.980785,-0.195091,1.94697E-07,9.98937E-07,0.980785,-0.195091,1.94655E-07,9.98223E-07,0.980785,-0.195091,1.94605E-07,9.97449E-07,0.980785,-0.195091,1.94551E-07,9.96641E-07,0.980785,-0.195091,1.94493E-07,9.9582E-07,0.980785,-0.195091,1.94435E-07,9.9501E-07,0.980785,-0.195091,1.94377E-07,9.94235E-07,0.980785,-0.195091,1.94322E-07,9.93519E-07,0.980785,-0.195091,1.94273E-07,9.92883E-07,0.980785,-0.195091,1.94231E-07,9.92353E-07,0.980785,-0.195091,1.94198E-07,9.91951E-07,0.980785,-0.195091,1.94176E-07,9.91701E-07,0.980785,-0.195091,1.94167E-07,9.91626E-07,0.980785,-0.195091,1.94173E-07,9.91749E-07,0.980785,-0.195091,1.94197E-07,9.92095E-07,0.980785,-0.195091,1.9424E-07,9.92686E-07,0.980785,-0.195091,1.94304E-07,9.93545E-07,0.980785,-0.195091,1.94392E-07,9.94697E-07,0.980785,-0.195091,1.94505E-07,9.96164E-07,0.980785],"scl":[1,1,1,1,1,1,1,1,1,1,1,1,1,1,1,1,1,1,1,1,1,1,1,1,1,1,1,1,1,1,1,1,1,1,1,1,1,1,1,1,1,1,1,1,1,1,1,1,1,1,1,1,1,1,1,1,1,1,1,1,1,1,1,1,1,1,1,1,1,1,1,1,1,1,1,1,1,1,1,1,1,1,1,1,1,1,1,1,1,1,1,1,1,1,1,1,1,1,1,1,1,1,1,1,1,1,1,1,1,1,1]},
{"i":5,"pos":[0,161,0,0,161,0,0,161,0,0,161,0,0,161,0,0,161,0,0,161,0,0,161,0,0,161,0,0,161,0,0,161,0,0,161,0,0,161,0,0,161,0,0,161,0,0,161,0,0,161,0,0,161,0,0,161,0,0,161,0,0,161,0,0,161,0,0,161,0,0,161,0,0,161,0,0,161,0,0,161,0,0,161,0,0,161,0,0,161,0,0,161,0,0,161,0,0,161,0,0,161,0,0,161,0,0,161,0,0,161,0],"rot":[0,0,0,1,0,0,0,1,0,0,0,1,0,0,0,1,0,0,0,1,0,0,0,1,0,0,0,1,0,0,0,1,0,0,0,1,0,0,0,1,0,0,0,1,0,0,0,1,0,0,0,1,0,0,0,1,0,0,0,1,0,0,0,1,0,0,0,1,0,0,0,1,0,0,0,1,0,0,0,1,0,0,0,1,0,0,0,1,0,0,0,1,0,0,0,1,0,0,0,1,0,0,0,1,0,0,0,1,0,0,0,1,0,0,0,1,0,0,0,1,0,0,0,1,0,0,0,1,0,0,0,1,0,0,0,1,0,0,0,1,0,0,0,1,0,0,0,1],"scl":[1,1,1,1,1,1,1,1,1,1,1,1,1,1,1,1,1,1,1,1,1,1,1,1,1,1,1,1,1,1,1,1,1,1,1,1,1,1,1,1,1,1,1,1,1,1,1,1,1,1,1,1,1,1,1,1,1,1,1,1,1,1,1,1,1,1,1,1,1,1,1,1,1,1,1,1,1,1,1,1,1,1,1,1,1,1,1,1,1,1,1,1,1,1,1,1,1,1,1,1,1,1,1,1,1,1,1,1,1,1,1]},
{"i":6,