{
"name":"pl0c05mot_g7s3_m0",
"frameCount":37,"fps":60,"rotFormat":"quat_xyzw",
"bones":[
{"i":0,"pos":[0,0,0,0,0,0,0,0,0,0,0,0,0,0,0,0,0,0,0,0,0,0,0,0,0,0,0,0,0,0,0,0,0,0,0,0,0,0,0,0,0,0,0,0,0,0,0,0,0,0,0,0,0,0,0,0,0,0,0,0,0,0,0,0,0,0,0,0,0,0,0,0,0,0,0,0,0,0,0,0,0,0,0,0,0,0,0,0,0,0,0,0,0,0,0,0,0,0,0,0,0,0,0,0,0,0,0,0,0,0,0],"rot":[0,0,0,1,0,0,0,1,0,0,0,1,0,0,0,1,0,0,0,1,0,0,0,1,0,0,0,1,0,0,0,1,0,0,0,1,0,0,0,1,0,0,0,1,0,0,0,1,0,0,0,1,0,0,0,1,0,0,0,1,0,0,0,1,0,0,0,1,0,0,0,1,0,0,0,1,0,0,0,1,0,0,0,1,0,0,0,1,0,0,0,1,0,0,0,1,0,0,0,1,0,0,0,1,0,0,0,1,0,0,0,1,0,0,0,1,0,0,0,1,0,0,0,1,0,0,0,1,0,0,0,1,0,0,0,1,0,0,0,1,0,0,0,1,0,0,0,1],"scl":[1,1,1,1,1,1,1,1,1,1,1,1,1,1,1,1,1,1,1,1,1,1,1,1,1,1,1,1,1,1,1,1,1,1,1,1,1,1,1,1,1,1,1,1,1,1,1,1,1,1,1,1,1,1,1,1,1,1,1,1,1,1,1,1,1,1,1,1,1,1,1,1,1,1,1,1,1,1,1,1,1,1,1,1,1,1,1,1,1,1,1,1,1,1,1,1,1,1,1,1,1,1,1,1,1,1,1,1,1,1,1]},
{"i":1,"pos":[0,68.498,0,-2.86632,76.5605,0.775483,-0.72271,76.7393,0.517017,1.77686,75.9395,0.258484,4.83586,74.2619,-1.80751E-05,5.68652,75.2983,-4.29451E-05,6.3186,76.4805,0,6.70778,77.7634,0,6.8211,79.0831,0,6.6739,80.3974,0,6.28156,81.6641,0,5.65941,82.8409,0,4.82281,83.8858,0,3.78711,84.7565,0,2.61794,85.4109,0,1.35417,85.8066,0,0.0412854,85.9379,0,-1.27519,85.7845,0,-2.54974,85.3743,0,-3.73687,84.7349,0,-4.79107,83.8938,0,-5.66681,82.8788,0,-6.3186,81.7175,0,-6.70093,80.4375,0,-6.83932,79.1105,0,-6.68256,77.7926,0,-6.26262,76.5252,0,-5.61148,75.3496,0,-4.76111,74.3071,0,-3.74348,73.4388,0,-2.59058,72.7863,0,-1.33437,72.3906,0,-0.00683594,72.2593,0,1.32164,72.3955,0,2.60925,72.7844,0,3.79951,73.4114,0,4.83594,74.2617,0],"rot":[0,0,0,1,0,0,0.0943824,0.995536,0,0,0.187922,0.982184,0,0,0.279784,0.960063,0,0,0.374229,0.927336,0,0,0.464935,0.885345,0,0,0.550996,0.834508,0,0,0.631552,0.775334,0,0,0.705798,0.708413,0,0,0.772993,0.634415,0,0,0.831452,0.555596,0,0,0.881905,0.471427,0,0,0.923865,0.382718,0,0,0.956929,0.290323,0,0,0.980777,0.195133,0,0,0.99518,0.0980635,0,0,1,4.97858E-05,-0,0,0.99519,-0.0979644,-0,0,0.980796,-0.195035,-0,0,0.956957,-0.290228,-0,0,0.923903,-0.382626,-0,0,0.881952,-0.471339,0,0,-0.831508,0.555513,0,0,-0.773056,0.634338,0,0,-0.70716,0.707054,0,0,-0.634454,0.772961,0,0,-0.555638,0.831425,0,0,-0.471471,0.881882,0,0,-0.382764,0.923846,0,0,-0.290371,0.956914,0,0,-0.195182,0.980767,0,0,-0.0981132,0.995175,0,0,-9.95715E-05,1,0,0,0.097915,0.995195,0,0,0.194987,0.980806,0,0,0.29018,0.956972,0,0,0.38258,0.923922],"scl":[1,1,1,1,1,1,1,1,1,1,1,1,1,1,1,1,1,1,1,1,1,1,1,1,1,1,1,1,1,1,1,1,1,1,1,1,1,1,1,1,1,1,1,1,1,1,1,1,1,1,1,1,1,1,1,1,1,1,1,1,1,1,1,1,1,1,1,1,1,1,1,1,1,1,1,1,1,1,1,1,1,1,1,1,1,1,1,1,1,1,1,1,1,1,1,1,1,1,1,1,1,1,1,1,1,1,1,1,1,1,1]},
{"i":2,"pos":[0,18.5,0,-4.01264,18.9218,0,-2.68609,18.6879,0,-1.34619,18.547,0,-0.00010854,18.5,0,-5.42998E-05,18.5,0,0,18.5,0,0,18.5,0,0,18.5,0,0,18.5,0,0,18.5,0,0,18.5,0,0,18.5,0,0,18.5,0,0,18.5,0,0,18.5,0,0,18.5,0,0,18.5,0,0,18.5,0,0,18.5,0,0,18.5,0,0,18.5,0,0,18.5,0,0,18.5,0,0,18.5,0,0,18.5,0,0,18.5,0,0,18.5,0,0,18.5,0,0,18.5,0,0,18.5,0,0,18.5,0,0,18.5,0,0,18.5,0,0,18.5,0,0,18.5,0,0,18.5,0],"rot":[0,0,0,1,0,0,-0.104521,0.994523,0,0,-0.0697404,0.997565,0,0,-0.0348745,0.999392,0,0,2.03419E-05,1,0,0,1.017E-05,1,0,0,0,1,0,0,0,1,0,0,0,1,0,0,0,1,0,0,0,1,0,0,0,1,0,0,0,1,0,0,0,1,0,0,0,1,0,0,0,1,0,0,0,1,0,0,0,1,0,0,0,1,0,0,0,1,0,0,0,1,0,0,0,1,0,0,0,1,0,0,0,1,0,0,0,1,0,0,0,1,0,0,0,1,0,0,0,1,0,0,0,1,0,0,0,1,0,0,0,1,0,0,0,1,0,0,0,1,0,0,0,1,0,0,0,1,0,0,0,1,0,0,0,1],"scl":[1,1,1,1,1,1,1,1,1,1,1,1,1,1,1,1,1,1,1,1,1,1,1,1,1,1,1,1,1,1,1,1,1,1,1,1,1,1,1,1,1,1,1,1,1,1,1,1,1,1,1,1,1,1,1,1,1,1,1,1,1,1,1,1,1,1,1,1,1,1,1,1,1,1,1,1,1,1,1,1,1,1,1,1,1,1,1,1,1,1,1,1,1,1,1,1,1,1,1,1,1,1,1,1,1,1,1,1,1,1,1]},
{"i":3,"pos":[0,45.5,0,0,45.5,0,0,45.5,0,0,45.5,0,0,45.5,0,0,45.5,0,0,45.5,0,0,45.5,0,0,45.5,0,0,45.5,0,0,45.5,0,0,45.5,0,0,45.5,0,0,45.5,0,0,45.5,0,0,45.5,0,0,45.5,0,0,45.5,0,0,45.5,0,0,45.5,0,0,45.5,0,0,45.5,0,0,45.5,0,0,45.5,0,0,45.5,0,0,45.5,0,0,45.5,0,0,45.5,0,0,45.5,0,0,45.5,0,0,45.5,0,0,45.5,0,0,45.5,0,0,45.5,0,0,45.5,0,0,45.5,0,0,45.5,0],"rot":[0,0,0,1,0,0,0,1,0,0,0,1,0,0,0,1,0,0,0,1,0,0,0,1,0,0,0,1,0,0,0,1,0,0,0,1,0,0,0,1,0,0,0,1,0,0,0,1,0,0,0,1,0,0,0,1,0,0,0,1,0,0,0,1,0,0,0,1,0,0,0,1,0,0,0,1,0,0,0,1,0,0,0,1,0,0,0,1,0,0,0,1,0,0,0,1,0,0,0,1,0,0,0,1,0,0,0,1,0,0,0,1,0,0,0,1,0,0,0,1,0,0,0,1,0,0,0,1,0,0,0,1,0,0,0,1,0,0,0,1,0,0,0,1,0,0,0,1],"scl":[1,1,1,1,1,1,1,1,1,1,1,1,1,1,1,1,1,1,1,1,1,1,1,1,1,1,1,1,1,1,1,1,1,1,1,1,1,1,1,1,1,1,1,1,1,1,1,1,1,1,1,1,1,1,1,1,1,1,1,1,1,1,1,1,1,1,1,1,1,1,1,1,1,1,1,1,1,1,1,1,1,1,1,1,1,1,1,1,1,1,1,1,1,1,1,1,1,1,1,1,1,1,1,1,1,1,1,1,1,1,1]},
{"i":4,"pos":[0,-12.7998,-57,0,-12.7998,-57,0,-12.7998,-57,0,-12.7998,-57,0,-12.7998,-57,0,-12.7998,-57,0,-12.7998,-57,0,-12.7998,-57,0,-12.7998,-57,0,-12.7998,-57,0,-12.7998,-57,0,-12.7998,-57,0,-12.7998,-57,0,-12.7998,-57,0,-12.7998,-57,0,-12.7998,-57,0,-12.7998,-57,0,-12.7998,-57,0,-12.7998,-57,0,-12.7998,-57,0,-12.7998,-57,0,-12.7998,-57,0,-12.7998,-57,0,-12.7998,-57,0,-12.7998,-57,0,-12.7998,-57,0,-12.7998,-57,0,-12.7998,-57,0,-12.7998,-57,0,-12.7998,-57,0,-12.7998,-57,0,-12.7998,-57,0,-12.7998,-57,0,-12.7998,-57,0,-12.7998,-57,0,-12.7998,-57,0,-12.7998,-57],"rot":[-0.195091,0,0,0.980785,-0.198478,0.0161968,0.0812622,0.976596,-0.19676,0.0106918,0.0542549,0.978891,-0.195636,0.00530652,0.0271454,0.980286,-0.195091,-1.10857E-05,-2.20319E-06,0.980785,-0.19509,-1.28647E-05,-7.74358E-06,0.980785,-0.195091,0,0,0.980785,-0.19509,0,0,0.980785,-0.19509,0,0,0.980785,-0.19509,0,0,0.980785,-0.19509,0,0,0.980785,-0.19509,0,0,0.980785,-0.19509,0,0,0.980785,-0.19509,0,0,0.980785,-0.19509,0,0,0.980785,-0.19509,0,0,0.980785,-0.19509,0,0,0.980785,-0.19509,0,0,0.980785,-0.19509,0,0,0.980785,-0.19509,0,0,0.980785,-0.19509,0,0,0.980785,-0.19509,0,0,0.980785,-0.19509,0,0,0.980785,-0.19509,0,0,0.980785,-0.19509,0,0,0.980785,-0.19509,0,0,0.980785,-0.19509,0,0,0.980785,-0.19509,0,0,0.980785,-0.19509,0,0,0.980785,-0.19509,0,0,0.980785,-0.19509,0,0,0.980785,-0.19509,0,0,0.980785,-0.19509,0,0,0.980785,-0.19509,0,0,0.980785,-0.195091,0,0,0.980785,-0.195091,0,0,0.980785,-0.195091,0,0,0.980785],"scl":[1,1,1,1,1,1,1,1,1,1,1,1,1,1,1,1,1,1,1,1,1,1,1,1,1,1,1,1,1,1,1,1,1,1,1,1,1,1,1,1,1,1,1,1,1,1,1,1,1,1,1,1,1,1,1,1,1,1,1,1,1,1,1,1,1,1,1,1,1,1,1,1,1,1,1,1,1,1,1,1,1,1,1,1,1,1,1,1,1,1,1,1,1,1,1,1,1,1,1,1,1,1,1,1,1,1,1,1,1,1,1]},
{"i":5,"pos":[0,161,0,0,161,0,0,161,0,0,161,0,0,161,0,0,161,0,0,161,0,0,161,0,0,161,0,0,161,0,0,161,0,0,161,0,0,161,0,0,161,0,0,161,0,0,161,0,0,161,0,0,161,0,0,161,0,0,161,0,0,161,0,0,161,0,0,161,0,0,161,0,0,161,0,0,161,0,0,161,0,0,161,0,0,161,0,0,161,0,0,161,0,0,161,0,0,161,0,0,161,0,0,161,0,0,161,0,0,161,0],"rot":[0,0,0,1,0,0,0,1,0,0,0,1,0,0,0,1,0,0,0,1,0,0,0,1,0,0,0,1,0,0,0,1,0,0,0,1,0,0,0,1,0,0,0,1,0,0,0,1,0,0,0,1,0,0,0,1,0,0,0,1,0,0,0,1,0,0,0,1,0,0,0,1,0,0,0,1,0,0,0,1,0,0,0,1,0,0,0,1,0,0,0,1,0,0,0,1,0,0,0,1,0,0,0,1,0,0,0,1,0,0,0,1,0,0,0,1,0,0,0,1,0,0,0,1,0,0,0,1,0,0,0,1,0,0,0,1,0,0,0,1,0,0,0,1,0,0,0,1],"scl":[1,1,1,1,1,1,1,1,1,1,1,1,1,1,1,1,1,1,1,1,1,1,1,1,1,1,1,1,1,1,1,1,1,1,1,1,1,1,1,1,1,1,1,1,1,1,1,1,1,1,1,1,1,1,1,1,1,1,1,1,1,1,1,1,1,1,1,1,1,1,1,1,1,1,1,1,1,1,1,1,1,1,1,1,1,1,1,1,1,1,1,1,1,1,1,1,1,1,1,1,1,1,1,1,1,1,1,1,1,1,1]},
{"i":6,"pos":[-53,27.4995,47.7998,-53,27.4995,47.7998,-53,27.4995,47.7998,-53,27.4995,47.7998,-53,27.4995,47.7998,-53,27.4995,47.7998,-53,27.4995,47.7998,-53,27.4995,47.7998,-53,27.4995,47.7998,-53,27.4995,47.7998,-53,27.4995,47.7998,-53,27.4995,47.7998,-53,27.4995,47.7998,-53,27.4995,47.7998,-53,27.4995,47.7998,-53,27.4995,47.7998,-53,27.4995,47.7998,-53,27.4995,47.7998,-53,27.4995,47.7998,-53,27.4995,47.7998,-53,27.4995,47.7998,-53,27.4995,47.7998,-53,27.4995,47.7998,-53,27.4995,47.7998,-53,27.4995,47.7998,-53,27.4995,47.7998,-53,27.4995,47.7998,-53,27.4995,47.7998,-53,27.4995,47.7998,-53,27.4995,47.7998,-53,27.4995,47.7998,-53,27.4995,47.7998,-53,27.4995,47.7998,-53,27.4995,47.7998,-53,27.4995,47.7998,-53,27.4995,47.7998,-53,27.4995,47.7998],