{
"name":"pl0c05mot_g7s1_m0",
"frameCount":37,"fps":60,"rotFormat":"quat_xyzw",
"bones":[
{"i":0,"pos":[0,0,0,0,0,0,0,0,0,0,0,0,0,0,0,0,0,0,0,0,0,0,0,0,0,0,0,0,0,0,0,0,0,0,0,0,0,0,0,0,0,0,0,0,0,0,0,0,0,0,0,0,0,0,0,0,0,0,0,0,0,0,0,0,0,0,0,0,0,0,0,0,0,0,0,0,0,0,0,0,0,0,0,0,0,0,0,0,0,0,0,0,0,0,0,0,0,0,0,0,0,0,0,0,0,0,0,0,0,0,0],"rot":[0,0,0,1,0,0,0,1,0,0,0,1,0,0,0,1,0,0,0,1,0,0,0,1,0,0,0,1,0,0,0,1,0,0,0,1,0,0,0,1,0,0,0,1,0,0,0,1,0,0,0,1,0,0,0,1,0,0,0,1,0,0,0,1,0,0,0,1,0,0,0,1,0,0,0,1,0,0,0,1,0,0,0,1,0,0,0,1,0,0,0,1,0,0,0,1,0,0,0,1,0,0,0,1,0,0,0,1,0,0,0,1,0,0,0,1,0,0,0,1,0,0,0,1,0,0,0,1,0,0,0,1,0,0,0,1,0,0,0,1,0,0,0,1,0,0,0,1],"scl":[1,1,1,1,1,1,1,1,1,1,1,1,1,1,1,1,1,1,1,1,1,1,1,1,1,1,1,1,1,1,1,1,1,1,1,1,1,1,1,1,1,1,1,1,1,1,1,1,1,1,1,1,1,1,1,1,1,1,1,1,1,1,1,1,1,1,1,1,1,1,1,1,1,1,1,1,1,1,1,1,1,1,1,1,1,1,1,1,1,1,1,1,1,1,1,1,1,1,1,1,1,1,1,1,1,1,1,1,1,1,1]},
{"i":1,"pos":[0,68.4961,0,0,73.3965,1.99154,0,76.9258,-8.22656,0,79.3515,-18.8027,0,80.9414,-29.9451,0,88.013,-34.204,0,94.6162,-39.1641,0,102.82,-40.3424,0,110.857,-42.3484,0,119.209,-40.3398,0,127.088,-39.1581,0,133.707,-34.185,0,140.795,-29.9141,0,145.068,-22.84,0,150.043,-16.2349,0,151.196,-8.0332,0,153.177,0.00372314,0,151.184,8.34033,0,150.018,16.2197,0,145.129,22.8848,0,140.941,30.019,0,133.762,34.2291,0,127.052,39.1406,0,118.895,40.3227,0,110.859,42.3322,0,102.429,40.3418,0,94.4909,39.1785,0,87.9297,34.2459,0,80.8997,30.0156,0,76.7129,22.822,0,71.8242,16.0966,0,70.5756,7.96484,0,68.4993,-0.0282593,0,70.4961,-8.37354,0,71.6652,-16.2576,0,76.6538,-22.8672,0,80.9414,-29.9453],"rot":[0,0,0,1,0.0940989,0,0,0.995563,0.187363,0,0,0.982291,0.278964,0,0,0.960302,0.37355,0,0,0.92761,0.464395,0,0,0.885628,0.550588,0,0,0.834777,0.631268,0,0,0.775565,0.705625,0,0,0.708585,0.772915,0,0,0.634509,0.831387,0,0,0.555694,0.881852,0,0,0.471527,0.923824,0,0,0.382818,0.956898,0,0,0.290423,0.980757,0,0,0.195231,0.995171,0,0,0.0981581,1,0,0,0.000140266,0.995198,0,-0,-0.097879,0.980812,0,-0,-0.194956,0.95698,0,-0,-0.290155,0.923931,0,-0,-0.382559,0.881984,0,-0,-0.471279,-0.831543,0,0,0.555461,-0.773093,0,0,0.634292,-0.707198,0,0,0.707016,-0.634492,0,0,0.77293,-0.555675,0,0,0.8314,-0.471507,0,0,0.881863,-0.382797,0,0,0.923832,-0.290401,0,0,0.956905,-0.195208,0,0,0.980762,-0.0981357,0,0,0.995173,-0.000117691,0,0,1,0.0979015,0,0,0.995196,0.194978,0,0,0.980808,0.290176,0,0,0.956973,0.38258,0,0,0.923922],"scl":[1,1,1,1,1,1,1,1,1,1,1,1,1,1,1,1,1,1,1,1,1,1,1,1,1,1,1,1,1,1,1,1,1,1,1,1,1,1,1,1,1,1,1,1,1,1,1,1,1,1,1,1,1,1,1,1,1,1,1,1,1,1,1,1,1,1,1,1,1,1,1,1,1,1,1,1,1,1,1,1,1,1,1,1,1,1,1,1,1,1,1,1,1,1,1,1,1,1,1,1,1,1,1,1,1,1,1,1,1,1,1]},
{"i":2,"pos":[0,18.5,0,0,18.9239,-4.02289,0,18.6888,-2.69305,0,18.5473,-1.34973,0,18.5001,-0.000126719,0,18.5,4.44055E-06,0,18.5,0,0,18.5,0,0,18.5,0,0,18.5,0,0,18.5,0,0,18.5,0,0,18.5,0,0,18.5,0,0,18.5,0,0,18.5,0,0,18.5,0,0,18.5,0,0,18.5,0,0,18.5,0,0,18.5,0,0,18.5,0,0,18.5,0,0,18.5,0,0,18.5,0,0,18.5,0,0,18.5,0,0,18.5,0,0,18.5,0,0,18.5,0,0,18.5,0,0,18.5,0,0,18.5,0,0,18.5,0,0,18.5,0,0,18.5,0,0,18.5,0],"rot":[0,0,0,1,0.104785,0,0,0.994495,0.0699276,0,0,0.997552,0.0349813,0,0,0.999388,-2.25753E-06,0,0,1,-2.82377E-06,0,0,1,0,0,0,1,0,0,0,1,0,0,0,1,0,0,0,1,0,0,0,1,0,0,0,1,0,0,0,1,0,0,0,1,0,0,0,1,0,0,0,1,0,0,0,1,0,0,0,1,0,0,0,1,0,0,0,1,0,0,0,1,0,0,0,1,0,0,0,1,0,0,0,1,0,0,0,1,0,0,0,1,0,0,0,1,0,0,0,1,0,0,0,1,0,0,0,1,0,0,0,1,0,0,0,1,0,0,0,1,0,0,0,1,0,0,0,1,0,0,0,1,0,0,0,1],"scl":[1,1,1,1,1,1,1,1,1,1,1,1,1,1,1,1,1,1,1,1,1,1,1,1,1,1,1,1,1,1,1,1,1,1,1,1,1,1,1,1,1,1,1,1,1,1,1,1,1,1,1,1,1,1,1,1,1,1,1,1,1,1,1,1,1,1,1,1,1,1,1,1,1,1,1,1,1,1,1,1,1,1,1,1,1,1,1,1,1,1,1,1,1,1,1,1,1,1,1,1,1,1,1,1,1,1,1,1,1,1,1]},
{"i":3,"pos":[0,45.5,0,0,45.5,0,0,45.5,0,0,45.5,0,0,45.5,0,0,45.5,0,0,45.5,0,0,45.5,0,0,45.5,0,0,45.5,0,0,45.5,0,0,45.5,0,0,45.5,0,0,45.5,0,0,45.5,0,0,45.5,0,0,45.5,0,0,45.5,0,0,45.5,0,0,45.5,0,0,45.5,0,0,45.5,0,0,45.5,0,0,45.5,0,0,45.5,0,0,45.5,0,0,45.5,0,0,45.5,0,0,45.5,0,0,45.5,0,0,45.5,0,0,45.5,0,0,45.5,0,0,45.5,0,0,45.5,0,0,45.5,0,0,45.5,0],"rot":[0,0,0,1,0,0,0,1,0,0,0,1,0,0,0,1,0,0,0,1,0,0,0,1,0,0,0,1,0,0,0,1,0,0,0,1,0,0,0,1,0,0,0,1,0,0,0,1,0,0,0,1,0,0,0,1,0,0,0,1,0,0,0,1,0,0,0,1,0,0,0,1,0,0,0,1,0,0,0,1,0,0,0,1,0,0,0,1,0,0,0,1,0,0,0,1,0,0,0,1,0,0,0,1,0,0,0,1,0,0,0,1,0,0,0,1,0,0,0,1,0,0,0,1,0,0,0,1,0,0,0,1,0,0,0,1,0,0,0,1,0,0,0,1,0,0,0,1],"scl":[1,1,1,1,1,1,1,1,1,1,1,1,1,1,1,1,1,1,1,1,1,1,1,1,1,1,1,1,1,1,1,1,1,1,1,1,1,1,1,1,1,1,1,1,1,1,1,1,1,1,1,1,1,1,1,1,1,1,1,1,1,1,1,1,1,1,1,1,1,1,1,1,1,1,1,1,1,1,1,1,1,1,1,1,1,1,1,1,1,1,1,1,1,1,1,1,1,1,1,1,1,1,1,1,1,1,1,1,1,1,1]},
{"i":4,"pos":[0,-12.7998,-57,0,-12.7998,-57,0,-12.7998,-57,0,-12.7998,-57,0,-12.7998,-57,0,-12.7998,-57,0,-12.7998,-57,0,-12.7998,-57,0,-12.7998,-57,0,-12.7998,-57,0,-12.7998,-57,0,-12.7998,-57,0,-12.7998,-57,0,-12.7998,-57,0,-12.7998,-57,0,-12.7998,-57,0,-12.7998,-57,0,-12.7998,-57,0,-12.7998,-57,0,-12.7998,-57,0,-12.7998,-57,0,-12.7998,-57,0,-12.7998,-57,0,-12.7998,-57,0,-12.7998,-57,0,-12.7998,-57,0,-12.7998,-57,0,-12.7998,-57,0,-12.7998,-57,0,-12.7998,-57,0,-12.7998,-57,0,-12.7998,-57,0,-12.7998,-57,0,-12.7998,-57,0,-12.7998,-57,0,-12.7998,-57,0,-12.7998,-57],"rot":[-0.195091,1.94009E-07,9.9476E-07,0.980785,-0.261416,-0.000220922,-0.000827938,0.965226,-0.239726,-0.00014123,-0.000581278,0.97084,-0.217627,-6.70224E-05,-0.000305963,0.976032,-0.195096,1.94525E-07,9.95011E-07,0.980784,-0.195087,1.9365E-07,9.9468E-07,0.980786,-0.195091,1.94139E-07,9.94144E-07,0.980785,-0.195091,1.93995E-07,9.94633E-07,0.980785,-0.195091,1.9385E-07,9.95046E-07,0.980785,-0.195091,1.93706E-07,9.95388E-07,0.980785,-0.195091,1.93563E-07,9.95663E-07,0.980785,-0.195091,1.93423E-07,9.95876E-07,0.980785,-0.195091,1.93287E-07,9.96033E-07,0.980785,-0.195091,1.93157E-07,9.96138E-07,0.980785,-0.195091,1.93033E-07,9.96195E-07,0.980785,-0.195091,1.92917E-07,9.96209E-07,0.980785,-0.195091,1.92811E-07,9.96186E-07,0.980785,-0.195091,1.92715E-07,9.96129E-07,0.980785,-0.195091,1.9263E-07,9.96044E-07,0.980785,-0.195091,1.92559E-07,9.95936E-07,0.980785,-0.195091,1.92502E-07,9.95808E-07,0.980785,-0.195091,1.9246E-07,9.95666E-07,0.980785,-0.195091,1.92435E-07,9.95515E-07,0.980785,-0.195091,1.92428E-07,9.95359E-07,0.980785,-0.195091,1.9244E-07,9.95204E-07,0.980785,-0.195091,1.92472E-07,9.95053E-07,0.980785,-0.195091,1.92527E-07,9.94911E-07,0.980785,-0.195091,1.92604E-07,9.94785E-07,0.980785,-0.195091,1.92706E-07,9.94677E-07,0.980785,-0.195091,1.92833E-07,9.94593E-07,0.980785,-0.195091,1.92987E-07,9.94538E-07,0.980785,-0.195091,1.93169E-07,9.94516E-07,0.980785,-0.195091,1.9338E-07,9.94532E-07,0.980785,-0.195091,1.93621E-07,9.94591E-07,0.980785,-0.195091,1.93895E-07,9.94697E-07,0.980785,-0.195091,1.94202E-07,9.94856E-07,0.980785,-0.195091,1.94543E-07,9.95072E-07,0.980785],"scl":[1,1,1,1,1,1,1,1,1,1,1,1,1,1,1,1,1,1,1,1,1,1,1,1,1,1,1,1,1,1,1,1,1,1,1,1,1,1,1,1,1,1,1,1,1,1,1,1,1,1,1,1,1,1,1,1,1,1,1,1,1,1,1,1,1,1,1,1,1,1,1,1,1,1,1,1,1,1,1,1,1,1,1,1,1,1,1,1,1,1,1,1,1,1,1,1,1,1,1,1,1,1,1,1,1,1,1,1,1,1,1]},
{"i":5,"pos":[0,161,0,0,161,0,0,161,0,0,161,0,0,161,0,0,161,0,0,161,0,0,161,0,0,161,0,0,161,0,0,161,0,0,161,0,0,161,0,0,161,0,0,161,0,0,161,0,0,161,0,0,161,0,0,161,0,0,161,0,0,161,0,0,161,0,0,161,0,0,161,0,0,161,0,0,161,0,0,161,0,0,161,0,0,161,0,0,161,0,0,161,0,0,161,0,0,161,0,0,161,0,0,161,0,0,161,0,0,161,0],"rot":[0,0,0,1,0,0,0,1,0,0,0,1,0,0,0,1,0,0,0,1,0,0,0,1,0,0,0,1,0,0,0,1,0,0,0,1,0,0,0,1,0,0,0,1,0,0,0,1,0,0,0,1,0,0,0,1,0,0,0,1,0,0,0,1,0,0,0,1,0,0,0,1,0,0,0,1,0,0,0,1,0,0,0,1,0,0,0,1,0,0,0,1,0,0,0,1,0,0,0,1,0,0,0,1,0,0,0,1,0,0,0,1,0,0,0,1,0,0,0,1,0,0,0,1,0,0,0,1,0,0,0,1,0,0,0,1,0,0,0,1,0,0,0,1,0,0,0,1],"scl":[1,1,1,1,1,1,1,1,1,1,1,1,1,1,1,1,1,1,1,1,1,1,1,1,1,1,1,1,1,1,1,1,1,1,1,1,1,1,1,1,1,1,1,1,1,1,1,1,1,1,1,1,1,1,1,1,1,1,1,1,1,1,1,1,1,1,1,1,1,1,1,1,1,1,1,1,1,1,1,1,1,1,1,1,1,1,1,1,1,1,1,1,1,1,1,1,1,1,1,1,1,1,1,1,1,1,1,1,1,1,1]},
{"i":6,