{
"name":"pl0401mot_g1s6_m0",
"frameCount":18,"fps":60,"rotFormat":"quat_xyzw",
"bones":[
{"i":0,"pos":[0,0,0,0,0,0,0,0,0,0,0,0,0,0,0,0,0,0,0,0,0,0,0,0,0,0,0,0,0,0,0,0,0,0,0,0,0,0,0,0,0,0,0,0,0,0,0,0,0,0,0,0,0,0],"rot":[0,0,0,1,0,0,0,1,0,0,0,1,0,0,0,1,0,0,0,1,0,0,0,1,0,0,0,1,0,0,0,1,0,0,0,1,0,0,0,1,0,0,0,1,0,0,0,1,0,0,0,1,0,0,0,1,0,0,0,1,0,0,0,1,0,0,0,1,0,0,0,1],"scl":[1,1,1,1,1,1,1,1,1,1,1,1,1,1,1,1,1,1,1,1,1,1,1,1,1,1,1,1,1,1,1,1,1,1,1,1,1,1,1,1,1,1,1,1,1,1,1,1,1,1,1,1,1,1]},
{"i":1,"pos":[0,204.069,0,0,204.069,0,0,204.069,0,0,204.069,0,0,204.069,0,0,204.069,0,0,204.069,0,0,204.069,0,0,204.069,0,0,204.069,0,0,204.069,0,0,204.069,0,0,204.069,0,0,204.069,0,0,204.069,0,0,204.069,0,0,204.069,0,0,204.069,0],"rot":[0,0,0,1,0,0,0,1,0,0,0,1,0,0,0,1,0,0,0,1,0,0,0,1,0,0,0,1,0,0,0,1,0,0,0,1,0,0,0,1,0,0,0,1,0,0,0,1,0,0,0,1,0,0,0,1,0,0,0,1,0,0,0,1,0,0,0,1,0,0,0,1],"scl":[1,1,1,1,1,1,1,1,1,1,1,1,1,1,1,1,1,1,1,1,1,1,1,1,1,1,1,1,1,1,1,1,1,1,1,1,1,1,1,1,1,1,1,1,1,1,1,1,1,1,1,1,1,1]},
{"i":2,"pos":[0,0,0,0,0,0,0,0,0,0,0,0,0,0,0,0,0,0,0,0,0,0,0,0,0,0,0,0,0,0,0,0,0,0,0,0,0,0,0,0,0,0,0,0,0,0,0,0,0,0,0,0,0,0],"rot":[0.00012207,0,0,1,0.00826162,0,0,0.999966,0.0210605,0,0,0.999778,0.0297881,0,0,0.999556,0.0257198,0,0,0.999669,0.00012207,0,0,1,-0.0658174,0,0,0.997832,-0.165652,0,0,0.986184,-0.269871,0,0,0.962896,-0.350499,0,0,0.936563,-0.382656,0,0,0.923891,-0.382656,0,0,0.923891,-0.382656,0,0,0.923891,-0.382656,0,0,0.923891,-0.382656,0,0,0.923891,-0.382656,0,0,0.923891,-0.382656,0,0,0.923891,-0.382656,0,0,0.923891],"scl":[1,1,1,1,1,1,1,1,1,1,1,1,1,1,1,1,1,1,1,1,1,1,1,1,1,1,1,1,1,1,1,1,1,1,1,1,1,1,1,1,1,1,1,1,1,1,1,1,1,1,1,1,1,1]},
{"i":3,"pos":[6.79149E-07,12.6987,2.17227E-06,6.79149E-07,12.6987,2.17227E-06,6.79149E-07,12.6987,2.17227E-06,6.79149E-07,12.6987,2.17227E-06,6.79149E-07,12.6987,2.17227E-06,6.79149E-07,12.6987,2.17227E-06,6.79149E-07,12.6987,2.17227E-06,6.79149E-07,12.6987,2.17227E-06,6.79149E-07,12.6987,2.17227E-06,6.79149E-07,12.6987,2.17227E-06,6.79149E-07,12.6987,2.17227E-06,6.79149E-07,12.6987,2.17227E-06,6.79149E-07,12.6987,2.17227E-06,6.79149E-07,12.6987,2.17227E-06,6.79149E-07,12.6987,2.17227E-06,6.79149E-07,12.6987,2.17227E-06,6.79149E-07,12.6987,2.17227E-06,6.79149E-07,12.6987,2.17227E-06],"rot":[0.174096,0,0,0.984729,0.194411,0,0,0.98092,0.202085,0,0,0.979368,0.199631,0,0,0.979871,0.189494,0,0,0.981882,0.174096,0,0,0.984729,0.145084,0,0,0.989419,0.100631,0,0,0.994924,0.0531771,0,0,0.998585,0.0154003,0,0,0.999881,0,0,0,1,0,0,0,1,0,0,0,1,0,0,0,1,0,0,0,1,0,0,0,1,0,0,0,1,0,0,0,1],"scl":[1,1,1,1,1,1,1,1,1,1,1,1,1,1,1,1,1,1,1,1,1,1,1,1,1,1,1,1,1,1,1,1,1,1,1,1,1,1,1,1,1,1,1,1,1,1,1,1,1,1,1,1,1,1]},
{"i":4,"pos":[-29.224,26.3249,-3.57628E-07,-29.224,26.3249,-3.57628E-07,-29.224,26.3249,-3.57628E-07,-29.224,26.3249,-3.57628E-07,-29.224,26.3249,-3.57628E-07,-29.224,26.3249,-3.57628E-07,-29.224,26.3249,-3.57628E-07,-29.224,26.3249,-3.57628E-07,-29.224,26.3249,-3.57628E-07,-29.224,26.3249,-3.57628E-07,-29.224,26.3249,-3.57628E-07,-29.224,26.3249,-3.57628E-07,-29.224,26.3249,-3.57628E-07,-29.224,26.3249,-3.57628E-07,-29.224,26.3249,-3.57628E-07,-29.224,26.3249,-3.57628E-07,-29.224,26.3249,-3.57628E-07,-29.224,26.3249,-3.57628E-07],"rot":[0,0,0,1,0,0,0,1,0,0,0,1,0,0,0,1,0,0,0,1,0,0,0,1,0,0,0,1,0,0,0,1,0,0,0,1,0,0,0,1,0,0,0,1,0,0,0,1,0,0,0,1,0,0,0,1,0,0,0,1,0,0,0,1,0,0,0,1,0,0,0,1],"scl":[1,1,1,1,1,1,1,1,1,1,1,1,1,1,1,1,1,1,1,1,1,1,1,1,1,1,1,1,1,1,1,1,1,1,1,1,1,1,1,1,1,1,1,1,1,1,1,1,1,1,1,1,1,1]},
{"i":5,"pos":[-32.5355,0,4.88758E-06,-32.5355,0,4.88758E-06,-32.5355,0,4.88758E-06,-32.5355,0,4.88758E-06,-32.5355,0,4.88758E-06,-32.5355,0,4.88758E-06,-32.5355,0,4.88758E-06,-32.5355,0,4.88758E-06,-32.5355,0,4.88758E-06,-32.5355,0,4.88758E-06,-32.5355,0,4.88758E-06,-32.5355,0,4.88758E-06,-32.5355,0,4.88758E-06,-32.5355,0,4.88758E-06,-32.5355,0,4.88758E-06,-32.5355,0,4.88758E-06,-32.5355,0,4.88758E-06,-32.5355,0,4.88758E-06],"rot":[0.00374729,-0.0556922,0.0670293,0.996188,-0.0100353,-0.0529648,0.0336721,0.997978,-0.033946,-0.0532072,0.028327,0.997604,-0.050975,-0.055542,0.0395791,0.996368,-0.04405,-0.0576465,0.0561813,0.995781,0.00374729,-0.0556922,0.0670293,0.996188,0.127526,-0.0469299,0.0734311,0.987999,0.311719,-0.0322262,0.0809692,0.946169,0.495005,-0.0153465,0.0857848,0.864509,0.62659,-0.00146373,0.0871344,0.774462,0.675775,0.00422329,0.0870443,0.731939,0.675775,0.00422329,0.0870443,0.731939,0.675775,0.00422329,0.0870443,0.731939,0.675775,0.00422329,0.0870443,0.731939,0.675775,0.00422329,0.0870443,0.731939,0.675775,0.00422329,0.0870443,0.731939,0.675775,0.00422329,0.0870443,0.731939,0.675775,0.00422329,0.0870443,0.731939],"scl":[1,1,1,1,1,1,1,1,1,1,1,1,1,1,1,1,1,1,1,1,1,1,1,1,1,1,1,1,1,1,1,1,1,1,1,1,1,1,1,1,1,1,1,1,1,1,1,1,1,1,1,1,1,1]},
{"i":6,"pos":[-64.4709,0.000137329,-1.38766E-05,-64.4709,0.000137329,-1.38766E-05,-64.4709,0.000137329,-1.38766E-05,-64.4709,0.000137329,-1.38766E-05,-64.4709,0.000137329,-1.38766E-05,-64.4709,0.000137329,-1.38766E-05,-64.4709,0.000137329,-1.38766E-05,-64.4709,0.000137329,-1.38766E-05,-64.4709,0.000137329,-1.38766E-05,-64.4709,0.000137329,-1.38766E-05,-64.4709,0.000137329,-1.38766E-05,-64.4709,0.000137329,-1.38766E-05,-64.4709,0.000137329,-1.38766E-05,-64.4709,0.000137329,-1.38766E-05,-64.4709,0.000137329,-1.38766E-05,-64.4709,0.000137329,-1.38766E-05,-64.4709,0.000137329,-1.38766E-05,-64.4709,0.000137329,-1.38766E-05],"rot":[0,0.707087,0,0.707127,-0,0.743403,-0,0.668844,-0,0.747798,-0,0.663926,-0,0.734514,-0,0.678594,-0,0.716354,-0,0.697737,0,0.707087,0,0.707127,0,0.707087,0,0.707127,0,0.707087,0,0.707127,0,0.707087,0,0.707127,0,0.707087,0,0.707127,0,0.707087,0,0.707127,0,0.707087,0,0.707127,0,0.707087,0,0.707127,0,0.707087,0,0.707127,0,0.707087,0,0.707127,0,0.707087,0,0.707127,0,0.707087,0,0.707127,0,0.707087,0,0.707127],"scl":[1,1,1,1,1,1,1,1,1,1,1,1,1,1,1,1,1,1,1,1,1,1,1,1,1,1,1,1,1,1,1,1,1,1,1,1,1,1,1,1,1,1,1,1,1,1,1,1,1,1,1,1,1,1]},
{"i":7,"pos":[-54.2995,-0.000137329,-1.79256E-05,-54.2995,-0.000137329,-1.79256E-05,-54.2995,-0.000137329,-1.79256E-05,-54.2995,-0.000137329,-1.79256E-05,-54.2995,-0.000137329,-1.79256E-05,-54.2995,-0.000137329,-1.79256E-05,-54.2995,-0.000137329,-1.79256E-05,-54.2995,-0.000137329,-1.79256E-05,-54.2995,-0.000137329,-1.79256E-05,-54.2995,-0.000137329,-1.79256E-05,-54.2995,-0.000137329,-1.79256E-05,-54.2995,-0.000137329,-1.79256E-05,-54.2995,-0.000137329,-1.79256E-05,-54.2995,-0.000137329,-1.79256E-05,-54.2995,-0.000137329,-1.79256E-05,-54.2995,-0.000137329,-1.79256E-05,-54.2995,-0.000137329,-1.79256E-05,-54.2995,-0.000137329,-1.79256E-05],"rot":[0,0,0,1,0,0,0,1,0,0,0,1,0,0,0,1,0,0,0,1,0,0,0,1,0,0,0,1,0,0,0,1,0,0,0,1,0,0,0,1,0,0,0,1,0,0,0,1,0,0,0,1,0,0,0,1,0,0,0,1,0,0,0,1,0,0,0,1,0,0,0,1],"scl":[1,1,1,1,1,1,1,1,1,1,1,1,1,1,1,1,1,1,1,1,1,1,1,1,1,1,1,1,1,1,1,1,1,1,1,1,1,1,1,1,1,1,1,1,1,1,1,1,1,1,1,1,1,1]},
{"i":8,"pos":[-43.9474,18.3238,1.43051E-05,-43.9474,18.3238,1.43051E-05,-43.9474,18.3238,1.43051E-05,-43.9474,18.3238,1.43051E-05,-43.9474,18.3238,1.43051E-05,-43.9474,18.3238,1.43051E-05,-43.9474,18.3238,1.43051E-05,-43.9474,18.3238,1.43051E-05,-43.9474,18.3238,1.43051E-05,-43.9474,18.3238,1.43051E-05,-43.9474,18.3238,1.43051E-05,-43.9474,18.3238,1.43051E-05,-43.9474,18.3238,1.43051E-05,-43.9474,18.3238,1.43051E-05,-43.9474,18.3238,1.43051E-05,-43.9474,18.3238,1.43051E-05,-43.9474,18.3238,1.43051E-05,-43.9474,18.3238,1.43051E-05],"rot":[0,0,0,1,0,0,0,1,0,0,0,1,0,0,0,1,0,0,0,1,0,0,0,1,0,0,0,1,0,0,0,1,0,0,0,1,0,0,0,1,0,0,0,1,0,0,0,1,0,0,0,1,0,0,0,1,0,0,0,1,0,0,0,1,0,0,0,1,0,0,0,1],"scl":[1,1,1,1,1,1,1,1,1,1,1,1,1,1,1,1,1,1,1,1,1,1,1,1,1,1,1,1,1,1,1,1,1,1,1,1,1,1,1,1,1,1,1,1,1,1,1,1,1,1,1,1,1,1]},
{"i":9,