{
"name":"pl0205mot_g0s6_m0",
"frameCount":11,"fps":60,"rotFormat":"quat_xyzw",
"bones":[
{"i":0,"pos":[0,0,-1.25732E-22,0,0,-1.25732E-22,0,0,-1.25732E-22,0,0,-1.25732E-22,0,0,-1.25732E-22,0,0,-1.25732E-22,0,0,-1.25732E-22,0,0,-1.25732E-22,0,0,-1.25732E-22,0,0,-1.25732E-22,0,0,-1.25732E-22],"rot":[0,0,2.8026E-45,1,0,0,2.8026E-45,1,0,0,2.8026E-45,1,0,0,2.8026E-45,1,0,0,2.8026E-45,1,0,0,2.8026E-45,1,0,0,2.8026E-45,1,0,0,2.8026E-45,1,0,0,2.8026E-45,1,0,0,2.8026E-45,1,0,0,2.8026E-45,1],"scl":[1,1,1,1,1,1,1,1,1,1,1,1,1,1,1,1,1,1,1,1,1,1,1,1,1,1,1,1,1,1,1,1,1]},
{"i":1,"pos":[0,146.613,-3.14331,0.65199,145.881,-3.05103,1.30398,143.894,-2.95874,1.95597,140.966,-2.86646,2.60796,137.41,-2.77417,3.25995,133.541,-2.68188,3.91194,129.672,-2.5896,4.56393,126.116,-2.49731,5.21592,123.188,-2.40503,5.86791,121.201,-2.31274,6.5199,120.469,-2.22046],"rot":[0,0,0,1,0,0,0,1,0,0,0,1,0,0,0,1,0,0,0,1,0,0,0,1,0,0,0,1,0,0,0,1,0,0,0,1,0,0,0,1,0,0,0,1],"scl":[1,1,1,1,1,1,1,1,1,1,1,1,1,1,1,1,1,1,1,1,1,1,1,1,1,1,1,1,1,1,1,1,1]},
{"i":2,"pos":[0,0,-3.75167E-13,0,0,-3.75167E-13,0,0,-3.75167E-13,0,0,-3.75167E-13,0,0,-3.75167E-13,0,0,-3.75167E-13,0,0,-3.75167E-13,0,0,-3.75167E-13,0,0,-3.75167E-13,0,0,-3.75167E-13,0,0,-3.75167E-13],"rot":[0,0,-3.52958E-09,1,0.00437214,-0.0102211,0.000457112,0.999938,0.0162703,-0.0379327,0.00214668,0.999146,0.0338365,-0.0786305,0.00582457,0.996312,0.0550967,-0.127689,0.0121695,0.990208,0.07796,-0.180422,0.0213675,0.980262,0.10033,-0.232248,0.0328863,0.966909,0.120268,-0.278875,0.0454427,0.951682,0.136126,-0.316433,0.057144,0.937056,0.146548,-0.341436,0.0657573,0.926078,0.150312,-0.350542,0.0690638,0.921823],"scl":[1,1,1,1,1,1,1,1,1,1,1,1,1,1,1,1,1,1,1,1,1,1,1,1,1,1,1,1,1,1,1,1,1]},
{"i":3,"pos":[2.8026E-45,11.9701,-2.00213E-06,2.8026E-45,11.9701,-2.00213E-06,2.8026E-45,11.9701,-2.00213E-06,2.8026E-45,11.9701,-2.00213E-06,2.8026E-45,11.9701,-2.00213E-06,2.8026E-45,11.9701,-2.00213E-06,2.8026E-45,11.9701,-2.00213E-06,2.8026E-45,11.9701,-2.00213E-06,2.8026E-45,11.9701,-2.00213E-06,2.8026E-45,11.9701,-2.00213E-06,2.8026E-45,11.9701,-2.00213E-06],"rot":[0,0,-2.22045E-16,1,0.000626825,0.00109073,-5.18915E-05,0.999999,0.00232875,0.00405093,-0.00019963,0.999989,0.00483822,0.00841232,-0.000435698,0.999953,0.0078874,0.0137065,-0.000751717,0.999875,0.0112078,0.0194652,-0.00113218,0.999747,0.01453,0.0252207,-0.0015507,0.999575,0.0175842,0.0305066,-0.00196881,0.999378,0.0201002,0.0348573,-0.0023372,0.999187,0.0218078,0.0378082,-0.00259955,0.999044,0.022437,0.0388951,-0.00269872,0.998988],"scl":[1,1,1,1,1,1,1,1,1,1,1,1,1,1,1,1,1,1,1,1,1,1,1,1,1,1,1,1,1,1,1,1,1]},
{"i":4,"pos":[-11.8899,19.0904,-5.56013E-06,-11.8899,19.0904,-5.56013E-06,-11.8899,19.0904,-5.56013E-06,-11.8899,19.0904,-5.56013E-06,-11.8899,19.0904,-5.56013E-06,-11.8899,19.0904,-5.56013E-06,-11.8899,19.0904,-5.56013E-06,-11.8899,19.0904,-5.56013E-06,-11.8899,19.0904,-5.56013E-06,-11.8899,19.0904,-5.56013E-06,-11.8899,19.0904,-5.56013E-06],"rot":[0,0,0,1,0.000433038,0.000649271,0.00556542,0.999984,0.00157181,0.00243559,0.0206673,0.999782,0.00315107,0.00512992,0.0429049,0.999061,0.00490712,0.00849548,0.0698643,0.997508,0.00661209,0.0122669,0.0991253,0.994977,0.00809748,0.0161425,0.12828,0.991574,0.00926485,0.0197873,0.154955,0.98768,0.0100817,0.0228432,0.176824,0.983926,0.0105607,0.0249424,0.191606,0.981098,0.0107218,0.0257206,0.19704,0.979999],"scl":[1,1,1,1,1,1,1,1,1,1,1,1,1,1,1,1,1,1,1,1,1,1,1,1,1,1,1,1,1,1,1,1,1]},
{"i":5,"pos":[-13.2131,1.53502E-05,-3.85865E-06,-13.2131,1.53502E-05,-3.85865E-06,-13.2131,1.53502E-05,-3.85865E-06,-13.2131,1.53502E-05,-3.85865E-06,-13.2131,1.53502E-05,-3.85865E-06,-13.2131,1.53502E-05,-3.85865E-06,-13.2131,1.53502E-05,-3.85865E-06,-13.2131,1.53502E-05,-3.85865E-06,-13.2131,1.53502E-05,-3.85865E-06,-13.2131,1.53502E-05,-3.85865E-06,-13.2131,1.53502E-05,-3.85865E-06],"rot":[0.00978602,-0.088961,0.441595,0.89274,0.0113213,-0.0852292,0.436583,0.895546,0.0157244,-0.0752008,0.422768,0.902975,0.0228335,-0.06071,0.40186,0.913401,0.0324383,-0.0436232,0.375619,0.925178,0.0440665,-0.025734,0.346047,0.936828,0.0568745,-0.00865837,0.315475,0.947188,0.0696394,0.00624886,0.286556,0.955509,0.0808356,0.0179195,0.262185,0.961459,0.0887703,0.0255101,0.24538,0.965017,0.0917603,0.0282373,0.239136,0.966228],"scl":[1,1,1,1,1,1,1,1,1,1,1,1,1,1,1,1,1,1,1,1,1,1,1,1,1,1,1,1,1,1,1,1,1]},
{"i":6,"pos":[-25.7822,1.57617E-05,3.4009E-06,-25.7822,1.57617E-05,3.4009E-06,-25.7822,1.57617E-05,3.4009E-06,-25.7822,1.57617E-05,3.4009E-06,-25.7822,1.57617E-05,3.4009E-06,-25.7822,1.57617E-05,3.4009E-06,-25.7822,1.57617E-05,3.4009E-06,-25.7822,1.57617E-05,3.4009E-06,-25.7822,1.57617E-05,3.4009E-06,-25.7822,1.57617E-05,3.4009E-06,-25.7822,1.57617E-05,3.4009E-06],"rot":[0,0.141824,0,0.989892,0,0.14724,0,0.989101,0,0.161921,0,0.986804,0,0.183488,0,0.983022,0,0.209558,0,0.977796,0,0.23776,0,0.971324,0,0.265762,0,0.964039,0,0.291299,0,0.956632,0,0.312175,0,0.950025,0,0.326256,0,0.945282,0,0.331426,0,0.943481],"scl":[1,1,1,1,1,1,1,1,1,1,1,1,1,1,1,1,1,1,1,1,1,1,1,1,1,1,1,1,1,1,1,1,1]},
{"i":7,"pos":[-25.7836,-4.50054E-05,7.56647E-06,-25.7836,-4.50054E-05,7.56647E-06,-25.7836,-4.50054E-05,7.56647E-06,-25.7836,-4.50054E-05,7.56647E-06,-25.7836,-4.50054E-05,7.56647E-06,-25.7836,-4.50054E-05,7.56647E-06,-25.7836,-4.50054E-05,7.56647E-06,-25.7836,-4.50054E-05,7.56647E-06,-25.7836,-4.50054E-05,7.56647E-06,-25.7836,-4.50054E-05,7.56647E-06,-25.7836,-4.50054E-05,7.56647E-06],"rot":[-0.102088,-0.169143,0.157254,0.967595,-0.108152,-0.163372,0.141748,0.97032,-0.123784,-0.146949,0.099534,0.976308,-0.144499,-0.12087,0.0371823,0.981391,-0.165675,-0.0865503,-0.038312,0.981628,-0.183423,-0.046478,-0.119535,0.974632,-0.195343,-0.00426481,-0.199064,0.960311,-0.200958,0.0357686,-0.270052,0.940961,-0.201661,0.0691932,-0.326637,0.920789,-0.200104,0.0919215,-0.363924,0.905024,-0.199116,0.100279,-0.377417,0.898807],"scl":[1,1,1,1,1,1,1,1,1,1,1,1,1,1,1,1,1,1,1,1,1,1,1,1,1,1,1,1,1,1,1,1,1]},
{"i":8,"pos":[-12.5402,-5.5,42,-12.5402,-5.5,42,-12.5402,-5.5,42,-12.5402,-5.5,42,-12.5402,-5.5,42,-12.5402,-5.5,42,-12.5402,-5.5,42,-12.5402,-5.5,42,-12.5402,-5.5,42,-12.5402,-5.5,42,-12.5402,-5.5,42],"rot":[3.6985E-09,-7.51153E-10,-1.41682E-08,1,3.6985E-09,-7.51153E-10,-1.41682E-08,1,3.6985E-09,-7.51153E-10,-1.41682E-08,1,3.6985E-09,-7.51153E-10,-1.41682E-08,1,3.6985E-09,-7.51153E-10,-1.41682E-08,1,3.6985E-09,-7.51153E-10,-1.41682E-08,1,3.6985E-09,-7.51153E-10,-1.41682E-08,1,3.6985E-09,-7.51153E-10,-1.41682E-08,1,3.6985E-09,-7.51153E-10,-1.41682E-08,1,3.6985E-09,-7.51153E-10,-1.41682E-08,1,3.6985E-09,-7.51153E-10,-1.41682E-08,1],"scl":[1,1,1,1,1,1,1,1,1,1,1,1,1,1,1,1,1,1,1,1,1,1,1,1,1,1,1,1,1,1,1,1,1]},
{"i":9,"pos":[11.8899,19.0904,-1.63892E-06,11.8899,19.0904,-1.63892E-06,11.8899,19.0904,-1.63892E-06,11.8899,19.0904,-1.63892E-06,11.8899,19.0904,-1.63892E-06,11.8899,19.0904,-1.63892E-06,11.8899,19.0904,-1.63892E-06,11.8899,19.0904,-1.63892E-06,11.8899,19.0904,-1.63892E-06,11.8899,19.0904,-1.63892E-06,11.8899,19.0904,-1.63892E-06],"rot":[-3.6985E-09,2.22085E-09,-5.20245E-18,1,-3.6985E-09,2.22085E-09,-5.20245E-18,1,-3.6985E-09,2.22085E-09,-5.20245E-18,1,-3.6985E-09,2.22085E-09,-5.20245E-18,1,-3.6985E-09,2.22085E-09,-5.20245E-18,1,-3.6985E-09,2.22085E-09,-5.20245E-18,1,-3.6985E-09,2.22085E-09,-5.20245E-18,1,-3.6985E-09,2.22085E-09,-5.20245E-18,1,-3.6985E-09,2.22085E-09,-5.20245E-18,1,-3.6985E-09,2.22085E-09,-5.20245E-18,1,-3.6985E-09,2.22085E-09,-5.20245E-18,1],"scl":[1,1,1,1,1,1,1,1,1,1,1,1,1,1,1,1,1,1,1,1,1,1,1,1,1,1,1,1,1,1,1,1,1]},
{"i":10,"pos":[13.2132,-1.70117E-05,4.10553E-06,13.2132,-1.70117E-05,4.10553E-06,13.2132,-1.70117E-05,4.10553E-06,13.2132,-1.70117E-05,4.10553E-06,13.2132,-1.70117E-05,4.10553E-06,13.2132,-1.70117E-05,4.10553E-06,13.2132,-1.70117E-05,4.10553E-06,13.2132,-1.70117E-05,4.10553E-06,13.2132,-1.70117E-05,4.10553E-06,13.2132,-1.70117E-05,4.10553E-06,13.2132,-1.70117E-05,4.10553E-06],