{
"name":"pl0106mot_g6s2_m0",
"frameCount":14,"fps":60,"rotFormat":"quat_xyzw",
"bones":[
{"i":0,"pos":[-4.33431E-13,0,-8.68869E-15,-4.33431E-13,0,-8.68869E-15,-4.33431E-13,0,-8.68869E-15,-4.33431E-13,0,-8.68869E-15,-4.33431E-13,0,-8.68869E-15,-4.33431E-13,0,-8.68869E-15,-4.33431E-13,0,-8.68869E-15,-4.33431E-13,0,-8.68869E-15,-4.33431E-13,0,-8.68869E-15,-4.33431E-13,0,-8.68869E-15,-4.33431E-13,0,-8.68869E-15,-4.33431E-13,0,-8.68869E-15,-4.33431E-13,0,-8.68869E-15,-4.33431E-13,0,-8.68869E-15],"rot":[0,0,0,1,0,0,0,1,0,0,0,1,0,0,0,1,0,0,0,1,0,0,0,1,0,0,0,1,0,0,0,1,0,0,0,1,0,0,0,1,0,0,0,1,0,0,0,1,0,0,0,1,0,0,0,1],"scl":[1,1,1,1,1,1,1,1,1,1,1,1,1,1,1,1,1,1,1,1,1,1,1,1,1,1,1,1,1,1,1,1,1,1,1,1,1,1,1,1,1,1]},
{"i":1,"pos":[3.21631,99.4316,-6.07617,3.21634,99.4318,-6.07619,3.21644,99.4322,-6.0762,4.30249,99.4531,-5.73267,5.38849,99.4739,-5.3891,6.47455,99.4948,-5.04547,7.56055,99.5156,-4.7019,7.73855,99.6054,-4.85487,7.67714,99.3304,-5.22504,7.10718,98.1504,-5.38672,6.48325,96.869,-5.5355,5.83299,95.5413,-5.67322,5.18433,94.2207,-5.80404,4.54224,92.916,-5.93213],"rot":[0,0,0,1,0,0,0,1,0,0,0,1,0,0,0,1,0,0,0,1,0,0,0,1,0,0,0,1,0,0,0,1,0,0,0,1,0,0,0,1,0,0,0,1,0,0,0,1,0,0,0,1,0,0,0,1],"scl":[1,1,1,1,1,1,1,1,1,1,1,1,1,1,1,1,1,1,1,1,1,1,1,1,1,1,1,1,1,1,1,1,1,1,1,1,1,1,1,1,1,1]},
{"i":2,"pos":[0,0,0,0,0,0,0,0,0,0,0,0,0,0,0,0,0,0,0,0,0,0,0,0,0,0,0,0,0,0,0,0,0,0,0,0,0,0,0,0,0,0],"rot":[0.0575201,-0.144659,0.00842382,0.987772,0.0284781,-0.202098,0.00587712,0.978933,5.86979E-07,-0.258786,2.1847E-06,0.965935,0.0253708,-0.187717,0.0210822,0.981669,0.055839,-0.0954137,0.0415167,0.993003,0.0848124,0.00420297,0.0571187,0.99475,0.106916,0.0959155,0.0670957,0.987354,0.117492,0.148685,0.0815944,0.978484,0.134436,0.17774,0.105236,0.969155,0.149272,0.207582,0.127031,0.958379,0.161945,0.238026,0.146914,0.946326,0.172403,0.268906,0.164828,0.933166,0.18062,0.300015,0.180726,0.919079,0.186588,0.331145,0.194581,0.904249],"scl":[1,1,1,1,1,1,1,1,1,1,1,1,1,1,1,1,1,1,1,1,1,1,1,1,1,1,1,1,1,1,1,1,1,1,1,1,1,1,1,1,1,1]},
{"i":3,"pos":[0,15.0956,0,0,15.0956,0,0,15.0956,0,0,15.0956,0,0,15.0956,0,0,15.0956,0,0,15.0956,0,0,15.0956,0,0,15.0956,0,0,15.0956,0,0,15.0956,0,0,15.0956,0,0,15.0956,0,0,15.0956,0],"rot":[0.14022,-0.0394612,-0.0100922,0.989282,0.142076,-0.0788958,-0.0198071,0.986508,0.142505,-0.118234,-0.0290929,0.982276,0.113423,-0.0732176,-0.0289318,0.990423,0.0775255,-0.0158582,-0.0231403,0.996596,0.0395809,0.0441208,-0.0121657,0.998168,0.00579191,0.0973554,0.000757057,0.995233,0.00651461,0.122486,0.00134906,0.992448,0.0068993,0.126359,0.00218324,0.991958,0.00727801,0.13021,0.00299917,0.991455,0.00764844,0.134065,0.00381394,0.990936,0.00800948,0.137925,0.00463497,0.990399,0.00836262,0.141783,0.00545091,0.989847,0.00870955,0.145634,0.00625048,0.989281],"scl":[1,1,1,1,1,1,1,1,1,1,1,1,1,1,1,1,1,1,1,1,1,1,1,1,1,1,1,1,1,1,1,1,1,1,1,1,1,1,1,1,1,1]},
{"i":4,"pos":[-7.88343,11.2331,-3.04084E-06,-7.88343,11.2331,-3.04084E-06,-7.88343,11.2331,-3.04084E-06,-7.88343,11.2331,-3.04084E-06,-7.88343,11.2331,-3.04084E-06,-7.88343,11.2331,-3.04084E-06,-7.88343,11.2331,-3.04084E-06,-7.88343,11.2331,-3.04084E-06,-7.88343,11.2331,-3.04084E-06,-7.88343,11.2331,-3.04084E-06,-7.88343,11.2331,-3.04084E-06,-7.88343,11.2331,-3.04084E-06,-7.88343,11.2331,-3.04084E-06,-7.88343,11.2331,-3.04084E-06],"rot":[-0.0230312,-0.145173,0.157565,0.976508,0.2078,-0.056778,0.12145,0.96894,0.40539,-0.0017361,0.0600692,0.912166,0.338789,0.00444892,0.0363057,0.940151,0.229852,0.00924977,0.0198494,0.972979,0.10759,0.0161518,0.00914714,0.994022,0.00494792,0.0271117,0.00302092,0.999616,0.00897908,0.0381574,0.033019,0.998686,0.0123405,0.0494635,0.062853,0.99672,0.0150167,0.0609939,0.0924795,0.993731,0.0169943,0.0727115,0.121856,0.989735,0.0182621,0.0845781,0.150942,0.984749,0.0188112,0.0965551,0.179696,0.978791,0.0186349,0.108603,0.20808,0.971885],"scl":[1,1,1,1,1,1,1,1,1,1,1,1,1,1,1,1,1,1,1,1,1,1,1,1,1,1,1,1,1,1,1,1,1,1,1,1,1,1,1,1,1,1]},
{"i":5,"pos":[-22.5,1.52588E-05,2.40205E-07,-22.5,1.52588E-05,2.40205E-07,-22.5,1.52588E-05,2.40205E-07,-22.5,1.52588E-05,2.40205E-07,-22.5,1.52588E-05,2.40205E-07,-22.5,1.52588E-05,2.40205E-07,-22.5,1.52588E-05,2.40205E-07,-22.5,1.52588E-05,2.40205E-07,-22.5,1.52588E-05,2.40205E-07,-22.5,1.52588E-05,2.40205E-07,-22.5,1.52588E-05,2.40205E-07,-22.5,1.52588E-05,2.40205E-07,-22.5,1.52588E-05,2.40205E-07,-22.5,1.52588E-05,2.40205E-07],"rot":[0.330604,-0.164953,0.286442,0.883992,0.538455,0.0198807,0.193026,0.820007,0.542432,0.155471,0.176004,0.80661,0.486478,0.14272,0.164925,0.846032,0.41777,0.111026,0.151546,0.888918,0.344934,0.0773019,0.132591,0.925994,0.281015,0.0571895,0.111141,0.951529,0.300612,0.0747592,0.0794699,0.947485,0.271571,0.132318,0.120479,0.945635,0.253191,0.202364,0.159117,0.932537,0.234429,0.261969,0.201625,0.9142,0.21023,0.306943,0.250417,0.893801,0.180714,0.344331,0.304724,0.869438,0.129848,0.379423,0.365489,0.839998],"scl":[1,1,1,1,1,1,1,1,1,1,1,1,1,1,1,1,1,1,1,1,1,1,1,1,1,1,1,1,1,1,1,1,1,1,1,1,1,1,1,1,1,1]},
{"i":6,"pos":[-21.2439,1.52588E-05,-1.19371E-12,-21.2439,1.52588E-05,-1.19371E-12,-21.2439,1.52588E-05,-1.19371E-12,-21.2439,1.52588E-05,-1.19371E-12,-21.2439,1.52588E-05,-1.19371E-12,-21.2439,1.52588E-05,-1.19371E-12,-21.2439,1.52588E-05,-1.19371E-12,-21.2439,1.52588E-05,-1.19371E-12,-21.2439,1.52588E-05,-1.19371E-12,-21.2439,1.52588E-05,-1.19371E-12,-21.2439,1.52588E-05,-1.19371E-12,-21.2439,1.52588E-05,-1.19371E-12,-21.2439,1.52588E-05,-1.19371E-12,-21.2439,1.52588E-05,-1.19371E-12],"rot":[0,0.562479,0,0.826811,0,0.654466,0,0.756091,0,0.668487,0,0.743724,-0,0.727895,-0,0.685689,-0,0.789258,-0,0.614062,-0,0.842392,-0,0.538865,0,0.881,0,0.473116,0,0.881844,0,0.471542,0,0.870435,0,0.492283,-0,0.849504,-0,0.527582,-0,0.808246,-0,0.588845,-0,0.748266,-0,0.663399,0,0.660417,0,0.750899,0,0.52743,0,0.849599],"scl":[1,1,1,1,1,1,1,1,1,1,1,1,1,1,1,1,1,1,1,1,1,1,1,1,1,1,1,1,1,1,1,1,1,1,1,1,1,1,1,1,1,1]},
{"i":7,"pos":[-36.9624,-3.05176E-05,1.42109E-13,-36.9624,-3.05176E-05,1.42109E-13,-36.9624,-3.05176E-05,1.42109E-13,-36.9624,-3.05176E-05,1.42109E-13,-36.9624,-3.05176E-05,1.42109E-13,-36.9624,-3.05176E-05,1.42109E-13,-36.9624,-3.05176E-05,1.42109E-13,-36.9624,-3.05176E-05,1.42109E-13,-36.9624,-3.05176E-05,1.42109E-13,-36.9624,-3.05176E-05,1.42109E-13,-36.9624,-3.05176E-05,1.42109E-13,-36.9624,-3.05176E-05,1.42109E-13,-36.9624,-3.05176E-05,1.42109E-13,-36.9624,-3.05176E-05,1.42109E-13],"rot":[-0.129726,-0.0120338,-0.402306,0.906188,-0.416452,0.0642746,-0.574436,0.701755,-0.480525,0.234421,-0.575579,0.61875,-0.425275,0.146407,-0.478675,0.754041,-0.318971,0.0544335,-0.331031,0.886404,-0.185795,0.00473305,-0.156385,0.970052,-0.0744387,0.0053308,-0.00253979,0.997208,-0.114501,-0.0622631,-0.0826399,0.98802,-0.105132,-0.146393,-0.0689235,0.981206,-0.0891075,-0.219675,-0.0728055,0.968763,-0.0664365,-0.250129,-0.0752397,0.962996,-0.0353671,-0.245944,-0.0741572,0.965796,0.00315389,-0.206218,-0.0770689,0.975461,0.0495654,-0.126331,-0.0777892,0.987691],"scl":[1,1,1,1,1,1,1,1,1,1,1,1,1,1,1,1,1,1,1,1,1,1,1,1,1,1,1,1,1,1,1,1,1,1,1,1,1,1,1,1,1,1]},
{"i":8,"pos":[7.88343,11.2331,2.70593E-06,7.88343,11.2331,2.70593E-06,7.88343,11.2331,2.70593E-06,7.88343,11.2331,2.70593E-06,7.88343,11.2331,2.70593E-06,7.88343,11.2331,2.70593E-06,7.88343,11.2331,2.70593E-06,7.88343,11.2331,2.70593E-06,7.88343,11.2331,2.70593E-06,7.88343,11.2331,2.70593E-06,7.88343,11.2331,2.70593E-06,7.88343,11.2331,2.70593E-06,7.88343,11.2331,2.70593E-06,7.88343,11.2331,2.70593E-06],"rot":[0,0,0,1,0,0,0,1,0,0,0,1,0,0,0,1,0,0,0,1,0,0,0,1,0,0,0,1,0,0,0,1,0,0,0,1,0,0,0,1,0,0,0,1,0,0,0,1,0,0,0,1,0,0,0,1],"scl":[1,1,1,1,1,1,1,1,1,1,1,1,1,1,1,1,1,1,1,1,1,1,1,1,1,1,1,1,1,1,1,1,1,1,1,1,1,1,1,1,1,1]},
{"i":9,