{
"name":"pl0106mot_g3s3_m0",
"frameCount":15,"fps":60,"rotFormat":"quat_xyzw",
"bones":[
{"i":0,"pos":[-4.33431E-13,0,-8.68869E-15,-4.33431E-13,0,-8.68869E-15,-4.33431E-13,0,-8.68869E-15,-4.33431E-13,0,-8.68869E-15,-4.33431E-13,0,-8.68869E-15,-4.33431E-13,0,-8.68869E-15,-4.33431E-13,0,-8.68869E-15,-4.33431E-13,0,-8.68869E-15,-4.33431E-13,0,-8.68869E-15,-4.33431E-13,0,-8.68869E-15,-4.33431E-13,0,-8.68869E-15,-4.33431E-13,0,-8.68869E-15,-4.33431E-13,0,-8.68869E-15,-4.33431E-13,0,-8.68869E-15,-4.33431E-13,0,-8.68869E-15],"rot":[0,0,0,1,0,0,0,1,0,0,0,1,0,0,0,1,0,0,0,1,0,0,0,1,0,0,0,1,0,0,0,1,0,0,0,1,0,0,0,1,0,0,0,1,0,0,0,1,0,0,0,1,0,0,0,1,0,0,0,1],"scl":[1,1,1,1,1,1,1,1,1,1,1,1,1,1,1,1,1,1,1,1,1,1,1,1,1,1,1,1,1,1,1,1,1,1,1,1,1,1,1,1,1,1,1,1,1]},
{"i":1,"pos":[0.367188,90.2773,-1.18506,-1.02199,91.0939,0.348569,-2.39622,91.9092,1.63589,-3.78613,92.3613,2.24463,-5.15815,92.1733,2.43088,-6.49444,91.7589,2.17345,-7.66943,91.2871,1.90186,-8.67688,90.781,1.91602,-9.15726,90.2634,2.68441,-8.86963,89.7573,3.53369,-8.39577,89.2858,4.4624,-7.81952,88.8716,5.40186,-7.22487,88.5378,6.35535,-6.69583,88.3074,7.32617,-6.31641,88.2031,8.16504],"rot":[0,0,0,1,0,0,0,1,0,0,0,1,0,0,0,1,0,0,0,1,0,0,0,1,0,0,0,1,0,0,0,1,0,0,0,1,0,0,0,1,0,0,0,1,0,0,0,1,0,0,0,1,0,0,0,1,0,0,0,1],"scl":[1,1,1,1,1,1,1,1,1,1,1,1,1,1,1,1,1,1,1,1,1,1,1,1,1,1,1,1,1,1,1,1,1,1,1,1,1,1,1,1,1,1,1,1,1]},
{"i":2,"pos":[0,0,0,0,0,0,0,0,0,0,0,0,0,0,0,0,0,0,0,0,0,0,0,0,0,0,0,0,0,0,0,0,0,0,0,0,0,0,0,0,0,0,0,0,0],"rot":[0.172784,0.104172,-0.034916,0.978813,0.179548,0.272916,-0.0614421,0.943135,0.191176,0.425098,-0.0941295,0.879706,0.179404,0.519116,-0.130077,0.825477,0.162314,0.56054,-0.139922,0.799919,0.139911,0.557782,-0.138708,0.806266,0.12841,0.518592,-0.134736,0.834517,0.128243,0.492591,-0.123478,0.851857,0.131337,0.496767,-0.111792,0.850574,0.146531,0.513069,-0.0871566,0.841245,0.160096,0.54127,-0.0733202,0.822204,0.18605,0.559512,-0.052888,0.805937,0.209798,0.582541,-0.0352404,0.784468,0.2274,0.607809,-0.0235795,0.760462,0.237396,0.63131,-0.0185631,0.738069],"scl":[1,1,1,1,1,1,1,1,1,1,1,1,1,1,1,1,1,1,1,1,1,1,1,1,1,1,1,1,1,1,1,1,1,1,1,1,1,1,1,1,1,1,1,1,1]},
{"i":3,"pos":[0,15.0956,0,0,15.0956,0,0,15.0956,0,0,15.0956,0,0,15.0956,0,0,15.0956,0,0,15.0956,0,0,15.0956,0,0,15.0956,0,0,15.0956,0,0,15.0956,0,0,15.0956,0,0,15.0956,0,0,15.0956,0,0,15.0956,0],"rot":[0.00976617,-0.00561537,1.0259E-05,0.999937,0.0102036,0.0380225,-0.000306458,0.999225,0.0113305,0.10183,-0.00105421,0.994737,0.0118264,0.160508,-0.00254919,0.98696,0.0114642,0.178851,-0.00328187,0.983804,0.0105978,0.174231,-0.00381977,0.98464,0.00996722,0.160069,-0.00443978,0.987046,0.00953661,0.168728,-0.00486994,0.985604,0.00936141,0.186754,-0.00490023,0.98235,0.00933732,0.194648,-0.00348604,0.980823,0.0092953,0.200391,-0.00266345,0.979668,0.0095853,0.204298,-0.00221043,0.978859,0.00990404,0.208415,-0.00174923,0.977989,0.0102104,0.212276,-0.00131082,0.977156,0.0104669,0.215403,-0.00092473,0.976469],"scl":[1,1,1,1,1,1,1,1,1,1,1,1,1,1,1,1,1,1,1,1,1,1,1,1,1,1,1,1,1,1,1,1,1,1,1,1,1,1,1,1,1,1,1,1,1]},
{"i":4,"pos":[-7.88343,11.2331,-3.04084E-06,-7.88343,11.2331,-3.04084E-06,-7.88343,11.2331,-3.04084E-06,-7.88343,11.2331,-3.04084E-06,-7.88343,11.2331,-3.04084E-06,-7.88343,11.2331,-3.04084E-06,-7.88343,11.2331,-3.04084E-06,-7.88343,11.2331,-3.04084E-06,-7.88343,11.2331,-3.04084E-06,-7.88343,11.2331,-3.04084E-06,-7.88343,11.2331,-3.04084E-06,-7.88343,11.2331,-3.04084E-06,-7.88343,11.2331,-3.04084E-06,-7.88343,11.2331,-3.04084E-06,-7.88343,11.2331,-3.04084E-06],"rot":[0.00868072,0.0098062,0.173759,0.984701,0.00744007,0.000888454,0.157644,0.987468,0.00796335,0.0144376,0.13705,0.990427,0.00842545,0.0300091,0.10883,0.993572,0.00697243,0.0397175,0.0340748,0.998605,0.00525351,0.0411595,-0.0261529,0.998796,0.00554544,0.0424716,-0.0201694,0.998879,0.00576695,0.0542717,-0.0452132,0.997485,0.00675049,0.0734191,-0.0660425,0.995089,0.00934334,0.1023,-0.0606028,0.992862,0.0126979,0.126669,-0.0181921,0.991697,0.0144508,0.129784,0.0246946,0.991129,0.0161326,0.131891,0.0716729,0.988538,0.0176602,0.133849,0.117478,0.983855,0.0188357,0.136327,0.156835,0.977989],"scl":[1,1,1,1,1,1,1,1,1,1,1,1,1,1,1,1,1,1,1,1,1,1,1,1,1,1,1,1,1,1,1,1,1,1,1,1,1,1,1,1,1,1,1,1,1]},
{"i":5,"pos":[-22.5,1.52588E-05,2.40205E-07,-22.5,1.52588E-05,2.40205E-07,-22.5,1.52588E-05,2.40205E-07,-22.5,1.52588E-05,2.40205E-07,-22.5,1.52588E-05,2.40205E-07,-22.5,1.52588E-05,2.40205E-07,-22.5,1.52588E-05,2.40205E-07,-22.5,1.52588E-05,2.40205E-07,-22.5,1.52588E-05,2.40205E-07,-22.5,1.52588E-05,2.40205E-07,-22.5,1.52588E-05,2.40205E-07,-22.5,1.52588E-05,2.40205E-07,-22.5,1.52588E-05,2.40205E-07,-22.5,1.52588E-05,2.40205E-07,-22.5,1.52588E-05,2.40205E-07],"rot":[-0.395718,-0.399462,0.285849,0.775969,-0.388959,-0.515247,0.237927,0.725687,-0.37693,-0.576093,0.175541,0.703723,-0.398509,-0.583908,0.0901477,0.701509,-0.534271,-0.484576,0.00975651,0.692564,-0.683693,-0.268078,0.0681429,0.675318,-0.733777,0.0560254,0.19599,0.64809,-0.709407,0.260413,0.313622,0.574951,-0.607833,0.316464,0.473512,0.553332,-0.376165,0.450422,0.462357,0.664715,-0.210361,0.547122,0.415424,0.695578,-0.123195,0.602954,0.426785,0.662664,0.0197379,0.613596,0.386495,0.688282,0.140651,0.637374,0.342318,0.675863,0.219021,0.652028,0.30276,0.659717],"scl":[1,1,1,1,1,1,1,1,1,1,1,1,1,1,1,1,1,1,1,1,1,1,1,1,1,1,1,1,1,1,1,1,1,1,1,1,1,1,1,1,1,1,1,1,1]},
{"i":6,"pos":[-21.2439,1.52588E-05,-1.19371E-12,-21.2439,1.52588E-05,-1.19371E-12,-21.2439,1.52588E-05,-1.19371E-12,-21.2439,1.52588E-05,-1.19371E-12,-21.2439,1.52588E-05,-1.19371E-12,-21.2439,1.52588E-05,-1.19371E-12,-21.2439,1.52588E-05,-1.19371E-12,-21.2439,1.52588E-05,-1.19371E-12,-21.2439,1.52588E-05,-1.19371E-12,-21.2439,1.52588E-05,-1.19371E-12,-21.2439,1.52588E-05,-1.19371E-12,-21.2439,1.52588E-05,-1.19371E-12,-21.2439,1.52588E-05,-1.19371E-12,-21.2439,1.52588E-05,-1.19371E-12,-21.2439,1.52588E-05,-1.19371E-12],"rot":[0,0.164607,0,0.986359,0,0.223665,0,0.974666,0,0.18752,0,0.982261,0,0.160165,0,0.98709,0,0.152085,0,0.988367,0,0.148111,0,0.988971,0,0.091197,0,0.995833,0,1.13994E-06,0,1,0,0.182688,0,0.983171,0,0.318134,0,0.948046,0,0.363457,0,0.931611,0,0.27397,0,0.961738,0,0.327089,0,0.944994,0,0.346635,0,0.938,0,0.301727,0,0.953394],"scl":[1,1,1,1,1,1,1,1,1,1,1,1,1,1,1,1,1,1,1,1,1,1,1,1,1,1,1,1,1,1,1,1,1,1,1,1,1,1,1,1,1,1,1,1,1]},
{"i":7,"pos":[-36.9624,-3.05176E-05,1.42109E-13,-36.9624,-3.05176E-05,1.42109E-13,-36.9624,-3.05176E-05,1.42109E-13,-36.9624,-3.05176E-05,1.42109E-13,-36.9624,-3.05176E-05,1.42109E-13,-36.9624,-3.05176E-05,1.42109E-13,-36.9624,-3.05176E-05,1.42109E-13,-36.9624,-3.05176E-05,1.42109E-13,-36.9624,-3.05176E-05,1.42109E-13,-36.9624,-3.05176E-05,1.42109E-13,-36.9624,-3.05176E-05,1.42109E-13,-36.9624,-3.05176E-05,1.42109E-13,-36.9624,-3.05176E-05,1.42109E-13,-36.9624,-3.05176E-05,1.42109E-13,-36.9624,-3.05176E-05,1.42109E-13],"rot":[0.0504552,-0.00175083,0.000424571,0.998725,0.0756829,-0.00261417,0.00101115,0.997128,0.104218,-0.00358034,0.00191961,0.994546,0.13519,-0.00458999,0.00321341,0.990804,0.167724,-0.00557545,0.00494857,0.985806,0.200949,-0.00646332,0.00717175,0.979554,0.234006,-0.00717809,0.00991927,0.972158,0.266059,-0.00764661,0.0132174,0.963836,0.296299,-0.0078032,0.0170837,0.954911,0.323955,-0.0075951,0.0215303,0.945797,0.376096,0.00075743,0.0635863,0.924396,0.29528,0.00125022,0.0296428,0.95495,0.0960242,0.00307964,0.0331766,0.994821,-0.12672,0.000375877,0.0446227,0.990934,-0.312718,0.000604482,0.0528056,0.948377],"scl":[1,1,1,1,1,1,1,1,1,1,1,1,1,1,1,1,1,1,1,1,1,1,1,1,1,1,1,1,1,1,1,1,1,1,1,1,1,1,1,1,1,1,1,1,1]},
{"i":8,"pos":[7.88343,11.2331,2.70593E-06,7.88343,11.2331,2.70593E-06,7.88343,11.2331,2.70593E-06,7.88343,11.2331,2.70593E-06,7.88343,11.2331,2.70593E-06,7.88343,11.2331,2.70593E-06,7.88343,11.2331,2.70593E-06,7.88343,11.2331,2.70593E-06,7.88343,11.2331,2.70593E-06,7.88343,11.2331,2.70593E-06,7.88343,11.2331,2.70593E-06,7.88343,11.2331,2.70593E-06,7.88343,11.2331,2.70593E-06,7.88343,11.2331,2.70593E-06,7.88343,11.2331,2.70593E-06],