{
"name":"pl0106mot_g6s0_m0",
"frameCount":14,"fps":60,"rotFormat":"quat_xyzw",
"bones":[
{"i":0,"pos":[-4.33431E-13,0,-8.68869E-15,-4.33431E-13,0,-8.68869E-15,-4.33431E-13,0,-8.68869E-15,-4.33431E-13,0,-8.68869E-15,-4.33431E-13,0,-8.68869E-15,-4.33431E-13,0,-8.68869E-15,-4.33431E-13,0,-8.68869E-15,-4.33431E-13,0,-8.68869E-15,-4.33431E-13,0,-8.68869E-15,-4.33431E-13,0,-8.68869E-15,-4.33431E-13,0,-8.68869E-15,-4.33431E-13,0,-8.68869E-15,-4.33431E-13,0,-8.68869E-15,-4.33431E-13,0,-8.68869E-15],"rot":[0,0,0,1,0,0,0,1,0,0,0,1,0,0,0,1,0,0,0,1,0,0,0,1,0,0,0,1,0,0,0,1,0,0,0,1,0,0,0,1,0,0,0,1,0,0,0,1,0,0,0,1,0,0,0,1],"scl":[1,1,1,1,1,1,1,1,1,1,1,1,1,1,1,1,1,1,1,1,1,1,1,1,1,1,1,1,1,1,1,1,1,1,1,1,1,1,1,1,1,1]},
{"i":1,"pos":[2.86353,100.193,-6.07617,2.94533,100.271,-6.07612,3.21646,99.4326,-6.07602,3.61719,98.2988,-6.25342,4.01796,97.1653,-6.43085,4.41874,96.0317,-6.6083,4.81954,94.898,-6.78574,5.22032,93.7644,-6.96319,5.62109,92.6309,-7.14062,5.4497,92.4912,-7.19704,5.21849,92.2563,-7.18524,4.95221,91.9651,-7.12697,4.67562,91.6564,-7.04397,4.41345,91.3691,-6.95801],"rot":[0,0,0,1,0,0,0,1,0,0,0,1,0,0,0,1,0,0,0,1,0,0,0,1,0,0,0,1,0,0,0,1,0,0,0,1,0,0,0,1,0,0,0,1,0,0,0,1,0,0,0,1,0,0,0,1],"scl":[1,1,1,1,1,1,1,1,1,1,1,1,1,1,1,1,1,1,1,1,1,1,1,1,1,1,1,1,1,1,1,1,1,1,1,1,1,1,1,1,1,1]},
{"i":2,"pos":[0,0,0,0,0,0,0,0,0,0,0,0,0,0,0,0,0,0,0,0,0,0,0,0,0,0,0,0,0,0,0,0,0,0,0,0,0,0,0,0,0,0],"rot":[0.0564736,-0.151774,0.00508693,0.986787,0.0259553,-0.215937,-0.00117369,0.976062,2.21504E-05,-0.258805,2.21491E-05,0.96593,-0.00373765,-0.246785,0.0177991,0.9689,-0.0023677,-0.218855,0.0431724,0.974799,-9.02741E-05,-0.180801,0.0725832,0.980838,-0.000233692,-0.138852,0.102279,0.985017,-0.00499075,-0.0996845,0.128678,0.986651,-0.0154551,-0.0701641,0.148532,0.986294,-0.0314386,-0.0502185,0.161313,0.985123,-0.0511616,-0.0344935,0.169674,0.983567,-0.0729161,-0.0218248,0.1752,0.981586,-0.0951697,-0.0110853,0.1794,0.979099,-0.116509,-0.00124097,0.183749,0.976043],"scl":[1,1,1,1,1,1,1,1,1,1,1,1,1,1,1,1,1,1,1,1,1,1,1,1,1,1,1,1,1,1,1,1,1,1,1,1,1,1,1,1,1,1]},
{"i":3,"pos":[0,15.0956,0,0,15.0956,0,0,15.0956,0,0,15.0956,0,0,15.0956,0,0,15.0956,0,0,15.0956,0,0,15.0956,0,0,15.0956,0,0,15.0956,0,0,15.0956,0,0,15.0956,0,0,15.0956,0,0,15.0956,0],"rot":[0.1437,-0.0442462,-0.0106061,0.988575,0.148657,-0.0885524,-0.0204916,0.984703,0.142496,-0.118231,-0.0291124,0.982277,0.12452,-0.108123,-0.0320288,0.985788,0.100889,-0.0856929,-0.0328824,0.990655,0.0742084,-0.0563956,-0.0309835,0.995165,0.047413,-0.0257556,-0.0264383,0.998193,0.0238503,0.000791221,-0.0203783,0.999507,0.00716055,0.0180231,-0.0147702,0.999703,-0.00138745,0.0254019,-0.0103409,0.999623,-0.00423277,0.0270836,-0.00637117,0.999604,-0.0032283,0.0250167,-0.00280696,0.999678,-0.000259995,0.0211121,0.000504294,0.999777,0.00275771,0.017252,0.00370441,0.99984],"scl":[1,1,1,1,1,1,1,1,1,1,1,1,1,1,1,1,1,1,1,1,1,1,1,1,1,1,1,1,1,1,1,1,1,1,1,1,1,1,1,1,1,1]},
{"i":4,"pos":[-7.88343,11.2331,-3.04084E-06,-7.88343,11.2331,-3.04084E-06,-7.88343,11.2331,-3.04084E-06,-7.88343,11.2331,-3.04084E-06,-7.88343,11.2331,-3.04084E-06,-7.88343,11.2331,-3.04084E-06,-7.88343,11.2331,-3.04084E-06,-7.88343,11.2331,-3.04084E-06,-7.88343,11.2331,-3.04084E-06,-7.88343,11.2331,-3.04084E-06,-7.88343,11.2331,-3.04084E-06,-7.88343,11.2331,-3.04084E-06,-7.88343,11.2331,-3.04084E-06,-7.88343,11.2331,-3.04084E-06],"rot":[0.0607704,-0.111386,0.145554,0.98118,0.258413,-0.0453697,0.104312,0.959314,0.405389,-0.00173295,0.0600709,0.912167,0.393372,0.0136312,0.0651303,0.916968,0.334825,0.0224121,0.0880557,0.937889,0.247153,0.0223291,0.121934,0.961014,0.149743,0.0135169,0.15832,0.975873,0.0633924,0.00129382,0.189279,0.979874,0.00829694,-0.00443715,0.208977,0.977875,-0.0143306,0.000719685,0.217777,0.975893,-0.0198947,0.0123517,0.22038,0.975133,-0.0140183,0.0282848,0.218477,0.975331,-0.00232521,0.046005,0.213871,0.975775,0.00942003,0.0630377,0.208784,0.975883],"scl":[1,1,1,1,1,1,1,1,1,1,1,1,1,1,1,1,1,1,1,1,1,1,1,1,1,1,1,1,1,1,1,1,1,1,1,1,1,1,1,1,1,1]},
{"i":5,"pos":[-22.5,1.52588E-05,2.40205E-07,-22.5,1.52588E-05,2.40205E-07,-22.5,1.52588E-05,2.40205E-07,-22.5,1.52588E-05,2.40205E-07,-22.5,1.52588E-05,2.40205E-07,-22.5,1.52588E-05,2.40205E-07,-22.5,1.52588E-05,2.40205E-07,-22.5,1.52588E-05,2.40205E-07,-22.5,1.52588E-05,2.40205E-07,-22.5,1.52588E-05,2.40205E-07,-22.5,1.52588E-05,2.40205E-07,-22.5,1.52588E-05,2.40205E-07,-22.5,1.52588E-05,2.40205E-07,-22.5,1.52588E-05,2.40205E-07],"rot":[0.249395,-0.0814897,0.334186,0.905252,0.411065,0.0892694,0.22562,0.878722,0.527116,0.106835,0.155693,0.82855,0.528714,0.0762033,0.149865,0.831982,0.497883,0.0239855,0.155476,0.852857,0.443916,-0.0394998,0.162738,0.880281,0.379152,-0.102986,0.165922,0.904493,0.319088,-0.154344,0.16573,0.920269,0.280318,-0.181638,0.168356,0.927408,0.264921,-0.181431,0.180849,0.92962,0.260854,-0.16257,0.203215,0.929639,0.262613,-0.13153,0.232028,0.927307,0.265305,-0.0950008,0.263463,0.922591,0.265376,-0.0601448,0.294046,0.91624],"scl":[1,1,1,1,1,1,1,1,1,1,1,1,1,1,1,1,1,1,1,1,1,1,1,1,1,1,1,1,1,1,1,1,1,1,1,1,1,1,1,1,1,1]},
{"i":6,"pos":[-21.2439,1.52588E-05,-1.19371E-12,-21.2439,1.52588E-05,-1.19371E-12,-21.2439,1.52588E-05,-1.19371E-12,-21.2439,1.52588E-05,-1.19371E-12,-21.2439,1.52588E-05,-1.19371E-12,-21.2439,1.52588E-05,-1.19371E-12,-21.2439,1.52588E-05,-1.19371E-12,-21.2439,1.52588E-05,-1.19371E-12,-21.2439,1.52588E-05,-1.19371E-12,-21.2439,1.52588E-05,-1.19371E-12,-21.2439,1.52588E-05,-1.19371E-12,-21.2439,1.52588E-05,-1.19371E-12,-21.2439,1.52588E-05,-1.19371E-12,-21.2439,1.52588E-05,-1.19371E-12],"rot":[0,0.50698,0,0.861958,0,0.603437,0,0.797411,-0,0.748142,-0,0.663538,-0,0.787084,-0,0.616846,-0,0.809304,-0,0.587389,-0,0.820174,-0,0.572114,-0,0.823769,-0,0.566925,-0,0.823539,-0,0.567259,-0,0.822741,-0,0.568416,-0,0.81895,-0,0.573865,-0,0.808906,-0,0.587938,-0,0.794563,-0,0.607181,-0,0.778024,-0,0.628235,-0,0.761682,-0,0.64795],"scl":[1,1,1,1,1,1,1,1,1,1,1,1,1,1,1,1,1,1,1,1,1,1,1,1,1,1,1,1,1,1,1,1,1,1,1,1,1,1,1,1,1,1]},
{"i":7,"pos":[-36.9624,-3.05176E-05,1.42109E-13,-36.9624,-3.05176E-05,1.42109E-13,-36.9624,-3.05176E-05,1.42109E-13,-36.9624,-3.05176E-05,1.42109E-13,-36.9624,-3.05176E-05,1.42109E-13,-36.9624,-3.05176E-05,1.42109E-13,-36.9624,-3.05176E-05,1.42109E-13,-36.9624,-3.05176E-05,1.42109E-13,-36.9624,-3.05176E-05,1.42109E-13,-36.9624,-3.05176E-05,1.42109E-13,-36.9624,-3.05176E-05,1.42109E-13,-36.9624,-3.05176E-05,1.42109E-13,-36.9624,-3.05176E-05,1.42109E-13,-36.9624,-3.05176E-05,1.42109E-13],"rot":[-0.109462,0.0231964,-0.429296,0.896206,-0.327693,0.0913722,-0.548735,0.763648,-0.453211,0.15796,-0.580214,0.658027,-0.456403,0.150468,-0.545964,0.686279,-0.426387,0.124617,-0.484393,0.753676,-0.370451,0.0969423,-0.401724,0.831857,-0.300578,0.0792442,-0.311407,0.897997,-0.23317,0.0727704,-0.232706,0.941374,-0.184718,0.0684242,-0.185096,0.962776,-0.154529,0.0555765,-0.173631,0.971022,-0.130875,0.0331675,-0.185529,0.973319,-0.112919,0.00362052,-0.211612,0.970802,-0.0994674,-0.0294458,-0.243,0.964464,-0.0880679,-0.0619124,-0.271289,0.956459],"scl":[1,1,1,1,1,1,1,1,1,1,1,1,1,1,1,1,1,1,1,1,1,1,1,1,1,1,1,1,1,1,1,1,1,1,1,1,1,1,1,1,1,1]},
{"i":8,"pos":[7.88343,11.2331,2.70593E-06,7.88343,11.2331,2.70593E-06,7.88343,11.2331,2.70593E-06,7.88343,11.2331,2.70593E-06,7.88343,11.2331,2.70593E-06,7.88343,11.2331,2.70593E-06,7.88343,11.2331,2.70593E-06,7.88343,11.2331,2.70593E-06,7.88343,11.2331,2.70593E-06,7.88343,11.2331,2.70593E-06,7.88343,11.2331,2.70593E-06,7.88343,11.2331,2.70593E-06,7.88343,11.2331,2.70593E-06,7.88343,11.2331,2.70593E-06],"rot":[0,0,0,1,0,0,0,1,0,0,0,1,0,0,0,1,0,0,0,1,0,0,0,1,0,0,0,1,0,0,0,1,0,0,0,1,0,0,0,1,0,0,0,1,0,0,0,1,0,0,0,1,0,0,0,1],"scl":[1,1,1,1,1,1,1,1,1,1,1,1,1,1,1,1,1,1,1,1,1,1,1,1,1,1,1,1,1,1,1,1,1,1,1,1,1,1,1,1,1,1]},
{"i":9,