{
"name":"pl0106mot_g3s22_m0",
"frameCount":17,"fps":60,"rotFormat":"quat_xyzw",
"bones":[
{"i":0,"pos":[-4.33431E-13,0,-8.68869E-15,-4.33431E-13,0,-8.68869E-15,-4.33431E-13,0,-8.68869E-15,-4.33431E-13,0,-8.68869E-15,-4.33431E-13,0,-8.68869E-15,-4.33431E-13,0,-8.68869E-15,-4.33431E-13,0,-8.68869E-15,-4.33431E-13,0,-8.68869E-15,-4.33431E-13,0,-8.68869E-15,-4.33431E-13,0,-8.68869E-15,-4.33431E-13,0,-8.68869E-15,-4.33431E-13,0,-8.68869E-15,-4.33431E-13,0,-8.68869E-15,-4.33431E-13,0,-8.68869E-15,-4.33431E-13,0,-8.68869E-15,-4.33431E-13,0,-8.68869E-15,-4.33431E-13,0,-8.68869E-15],"rot":[0,0,0,1,0,0,0,1,0,0,0,1,0,0,0,1,0,0,0,1,0,0,0,1,0,0,0,1,0,0,0,1,0,0,0,1,0,0,0,1,0,0,0,1,0,0,0,1,0,0,0,1,0,0,0,1,0,0,0,1,0,0,0,1,0,0,0,1],"scl":[1,1,1,1,1,1,1,1,1,1,1,1,1,1,1,1,1,1,1,1,1,1,1,1,1,1,1,1,1,1,1,1,1,1,1,1,1,1,1,1,1,1,1,1,1,1,1,1,1,1,1]},
{"i":1,"pos":[3.02515,97.6777,-6.27637,3.02515,97.606,-6.27637,3.02515,97.5342,-6.27637,3.02515,97.4624,-6.27637,3.02515,97.3906,-6.27637,3.02515,97.3188,-6.27637,3.02515,97.2471,-6.27637,3.02515,97.1753,-6.27637,3.02515,97.1035,-6.27637,3.02515,96.8398,-6.27637,3.02515,96.5762,-6.27637,3.02515,96.3779,-6.27637,3.02515,96.1797,-6.27637,3.02515,96.0205,-6.27637,3.02515,95.8613,-6.27637,3.02515,95.6885,-6.27637,3.02515,95.5156,-6.27637],"rot":[0,0,0,1,0,0,0,1,0,0,0,1,0,0,0,1,0,0,0,1,0,0,0,1,0,0,0,1,0,0,0,1,0,0,0,1,0,0,0,1,0,0,0,1,0,0,0,1,0,0,0,1,0,0,0,1,0,0,0,1,0,0,0,1,0,0,0,1],"scl":[1,1,1,1,1,1,1,1,1,1,1,1,1,1,1,1,1,1,1,1,1,1,1,1,1,1,1,1,1,1,1,1,1,1,1,1,1,1,1,1,1,1,1,1,1,1,1,1,1,1,1]},
{"i":2,"pos":[0,0,0,0,0,0,0,0,0,0,0,0,0,0,0,0,0,0,0,0,0,0,0,0,0,0,0,0,0,0,0,0,0,0,0,0,0,0,0,0,0,0,0,0,0,0,0,0,0,0,0],"rot":[0.0802003,-0.0461785,0.00310395,0.995704,0.0802145,-0.0487277,0.0033478,0.99558,0.0802282,-0.0512767,0.00359173,0.99545,0.0802417,-0.0538252,0.00383576,0.995314,0.0802548,-0.0563734,0.00407987,0.995171,0.0802675,-0.0589212,0.00432406,0.995021,0.0802799,-0.0614686,0.00456834,0.994865,0.080292,-0.0640156,0.00481269,0.994702,0.0803037,-0.0665622,0.00505712,0.994533,0.0803467,-0.0763194,0.006,0.993823,0.0803847,-0.086069,0.00694387,0.993017,0.0804084,-0.0943327,0.00769077,0.992258,0.0804276,-0.10259,0.00843832,0.991431,0.080434,-0.109802,0.00903789,0.990652,0.0804361,-0.117008,0.00963796,0.989821,0.080433,-0.124208,0.0102389,0.988938,0.0804256,-0.131401,0.0108403,0.988002],"scl":[1,1,1,1,1,1,1,1,1,1,1,1,1,1,1,1,1,1,1,1,1,1,1,1,1,1,1,1,1,1,1,1,1,1,1,1,1,1,1,1,1,1,1,1,1,1,1,1,1,1,1]},
{"i":3,"pos":[0,15.0956,0,0,15.0956,0,0,15.0956,0,0,15.0956,0,0,15.0956,0,0,15.0956,0,0,15.0956,0,0,15.0956,0,0,15.0956,0,0,15.0956,0,0,15.0956,0,0,15.0956,0,0,15.0956,0,0,15.0956,0,0,15.0956,0,0,15.0956,0,0,15.0956,0],"rot":[0.205105,-0.00650581,-0.0203052,0.978508,0.203935,-0.00659656,-0.0213876,0.978728,0.202766,-0.00668474,-0.0224702,0.978947,0.201596,-0.00677035,-0.023553,0.979162,0.200425,-0.00685339,-0.024636,0.979375,0.199255,-0.00693386,-0.0257192,0.979586,0.198084,-0.00701175,-0.0268026,0.979793,0.196913,-0.00708708,-0.0278862,0.979999,0.195742,-0.00715983,-0.02897,0.980201,0.19125,-0.00725249,-0.0329985,0.98096,0.186755,-0.00730851,-0.0370278,0.981681,0.183087,-0.00727539,-0.0403077,0.982243,0.179419,-0.00721794,-0.0435874,0.98278,0.176338,-0.00726686,-0.046426,0.983207,0.173256,-0.00729812,-0.0492649,0.983617,0.170159,-0.0074696,-0.0522467,0.984002,0.16706,-0.00762243,-0.0552297,0.984369],"scl":[1,1,1,1,1,1,1,1,1,1,1,1,1,1,1,1,1,1,1,1,1,1,1,1,1,1,1,1,1,1,1,1,1,1,1,1,1,1,1,1,1,1,1,1,1,1,1,1,1,1,1]},
{"i":4,"pos":[-7.88343,11.2331,-3.04084E-06,-7.88343,11.2331,-3.04084E-06,-7.88343,11.2331,-3.04084E-06,-7.88343,11.2331,-3.04084E-06,-7.88343,11.2331,-3.04084E-06,-7.88343,11.2331,-3.04084E-06,-7.88343,11.2331,-3.04084E-06,-7.88343,11.2331,-3.04084E-06,-7.88343,11.2331,-3.04084E-06,-7.88343,11.2331,-3.04084E-06,-7.88343,11.2331,-3.04084E-06,-7.88343,11.2331,-3.04084E-06,-7.88343,11.2331,-3.04084E-06,-7.88343,11.2331,-3.04084E-06,-7.88343,11.2331,-3.04084E-06,-7.88343,11.2331,-3.04084E-06,-7.88343,11.2331,-3.04084E-06],"rot":[-0.121035,-0.125751,0.152064,0.972838,-0.121037,-0.125758,0.152068,0.972836,-0.121039,-0.125764,0.152072,0.972835,-0.12104,-0.125771,0.152077,0.972833,-0.121042,-0.125777,0.152081,0.972831,-0.121044,-0.125784,0.152085,0.972829,-0.121046,-0.12579,0.152089,0.972828,-0.121047,-0.125797,0.152093,0.972826,-0.121049,-0.125803,0.152098,0.972824,-0.121056,-0.125828,0.152114,0.972818,-0.121062,-0.125853,0.15213,0.972811,-0.121069,-0.125876,0.152145,0.972805,-0.121075,-0.1259,0.152161,0.972799,-0.121081,-0.125923,0.152175,0.972793,-0.121087,-0.125945,0.15219,0.972787,-0.121093,-0.125966,0.152204,0.972781,-0.121098,-0.125988,0.152218,0.972775],"scl":[1,1,1,1,1,1,1,1,1,1,1,1,1,1,1,1,1,1,1,1,1,1,1,1,1,1,1,1,1,1,1,1,1,1,1,1,1,1,1,1,1,1,1,1,1,1,1,1,1,1,1]},
{"i":5,"pos":[-22.5,1.52588E-05,2.40205E-07,-22.5,1.52588E-05,2.40205E-07,-22.5,1.52588E-05,2.40205E-07,-22.5,1.52588E-05,2.40205E-07,-22.5,1.52588E-05,2.40205E-07,-22.5,1.52588E-05,2.40205E-07,-22.5,1.52588E-05,2.40205E-07,-22.5,1.52588E-05,2.40205E-07,-22.5,1.52588E-05,2.40205E-07,-22.5,1.52588E-05,2.40205E-07,-22.5,1.52588E-05,2.40205E-07,-22.5,1.52588E-05,2.40205E-07,-22.5,1.52588E-05,2.40205E-07,-22.5,1.52588E-05,2.40205E-07,-22.5,1.52588E-05,2.40205E-07,-22.5,1.52588E-05,2.40205E-07,-22.5,1.52588E-05,2.40205E-07],"rot":[-0.309397,0.612675,0.53643,0.491066,-0.305507,0.610382,0.533836,0.499118,-0.301822,0.608107,0.530992,0.507107,-0.298339,0.605859,0.527902,0.515023,-0.295053,0.603649,0.52457,0.522856,-0.291961,0.601484,0.521002,0.530597,-0.289056,0.599374,0.517204,0.538236,-0.286334,0.597327,0.51318,0.545765,-0.283788,0.595351,0.508938,0.553176,-0.249433,0.56943,0.499975,0.602958,-0.228223,0.536871,0.476968,0.657408,-0.190971,0.493093,0.465926,0.709437,-0.169348,0.439686,0.437753,0.765748,-0.133477,0.372235,0.42728,0.813054,-0.107861,0.297882,0.404465,0.857928,-0.0751428,0.197669,0.387478,0.897296,-0.0513537,0.0924977,0.3587,0.927438],"scl":[1,1,1,1,1,1,1,1,1,1,1,1,1,1,1,1,1,1,1,1,1,1,1,1,1,1,1,1,1,1,1,1,1,1,1,1,1,1,1,1,1,1,1,1,1,1,1,1,1,1,1]},
{"i":6,"pos":[-21.2439,1.52588E-05,-1.19371E-12,-21.2439,1.52588E-05,-1.19371E-12,-21.2439,1.52588E-05,-1.19371E-12,-21.2439,1.52588E-05,-1.19371E-12,-21.2439,1.52588E-05,-1.19371E-12,-21.2439,1.52588E-05,-1.19371E-12,-21.2439,1.52588E-05,-1.19371E-12,-21.2439,1.52588E-05,-1.19371E-12,-21.2439,1.52588E-05,-1.19371E-12,-21.2439,1.52588E-05,-1.19371E-12,-21.2439,1.52588E-05,-1.19371E-12,-21.2439,1.52588E-05,-1.19371E-12,-21.2439,1.52588E-05,-1.19371E-12,-21.2439,1.52588E-05,-1.19371E-12,-21.2439,1.52588E-05,-1.19371E-12,-21.2439,1.52588E-05,-1.19371E-12,-21.2439,1.52588E-05,-1.19371E-12],"rot":[0,0.230721,0,0.97302,0,0.239771,0,0.970829,0,0.248801,0,0.968555,0,0.257809,0,0.966196,0,0.266794,0,0.963753,0,0.275757,0,0.961227,0,0.284695,0,0.958618,0,0.293609,0,0.955926,0,0.302498,0,0.95315,0,0.384897,0,0.92296,0,0.464331,0,0.885661,0,0.54851,0,0.836144,0,0.627458,0,0.778651,0,0.701225,0,0.71294,-0,0.76815,-0,0.64027,-0,0.816676,-0,0.577096,-0,0.86002,-0,0.51026],"scl":[1,1,1,1,1,1,1,1,1,1,1,1,1,1,1,1,1,1,1,1,1,1,1,1,1,1,1,1,1,1,1,1,1,1,1,1,1,1,1,1,1,1,1,1,1,1,1,1,1,1,1]},
{"i":7,"pos":[-36.9624,-3.05176E-05,1.42109E-13,-36.9624,-3.05176E-05,1.42109E-13,-36.9624,-3.05176E-05,1.42109E-13,-36.9624,-3.05176E-05,1.42109E-13,-36.9624,-3.05176E-05,1.42109E-13,-36.9624,-3.05176E-05,1.42109E-13,-36.9624,-3.05176E-05,1.42109E-13,-36.9624,-3.05176E-05,1.42109E-13,-36.9624,-3.05176E-05,1.42109E-13,-36.9624,-3.05176E-05,1.42109E-13,-36.9624,-3.05176E-05,1.42109E-13,-36.9624,-3.05176E-05,1.42109E-13,-36.9624,-3.05176E-05,1.42109E-13,-36.9624,-3.05176E-05,1.42109E-13,-36.9624,-3.05176E-05,1.42109E-13,-36.9624,-3.05176E-05,1.42109E-13,-36.9624,-3.05176E-05,1.42109E-13],