{
"name":"pl0106mot_g3s24_m0",
"frameCount":17,"fps":60,"rotFormat":"quat_xyzw",
"bones":[
{"i":0,"pos":[-4.33431E-13,0,-8.68869E-15,-4.33431E-13,0,-8.68869E-15,-4.33431E-13,0,-8.68869E-15,-4.33431E-13,0,-8.68869E-15,-4.33431E-13,0,-8.68869E-15,-4.33431E-13,0,-8.68869E-15,-4.33431E-13,0,-8.68869E-15,-4.33431E-13,0,-8.68869E-15,-4.33431E-13,0,-8.68869E-15,-4.33431E-13,0,-8.68869E-15,-4.33431E-13,0,-8.68869E-15,-4.33431E-13,0,-8.68869E-15,-4.33431E-13,0,-8.68869E-15,-4.33431E-13,0,-8.68869E-15,-4.33431E-13,0,-8.68869E-15,-4.33431E-13,0,-8.68869E-15,-4.33431E-13,0,-8.68869E-15],"rot":[0,0,0,1,0,0,0,1,0,0,0,1,0,0,0,1,0,0,0,1,0,0,0,1,0,0,0,1,0,0,0,1,0,0,0,1,0,0,0,1,0,0,0,1,0,0,0,1,0,0,0,1,0,0,0,1,0,0,0,1,0,0,0,1,0,0,0,1],"scl":[1,1,1,1,1,1,1,1,1,1,1,1,1,1,1,1,1,1,1,1,1,1,1,1,1,1,1,1,1,1,1,1,1,1,1,1,1,1,1,1,1,1,1,1,1,1,1,1,1,1,1]},
{"i":1,"pos":[3.02515,97.6777,-6.27637,3.02515,97.6055,-6.27637,3.02515,97.5332,-6.27637,3.02515,97.4619,-6.27637,3.02515,97.3906,-6.27637,3.02515,97.3184,-6.27637,3.02515,97.2461,-6.27637,3.02515,97.1748,-6.27637,3.02515,97.1035,-6.27637,3.02515,96.8398,-6.27637,3.02515,96.5762,-6.27637,3.02515,96.3779,-6.27637,3.02515,96.1797,-6.27637,3.02515,96.0205,-6.27637,3.02515,95.8613,-6.27637,3.02515,95.6885,-6.27637,3.02515,95.5156,-6.27637],"rot":[0,0,0,1,0,0,0,1,0,0,0,1,0,0,0,1,0,0,0,1,0,0,0,1,0,0,0,1,0,0,0,1,0,0,0,1,0,0,0,1,0,0,0,1,0,0,0,1,0,0,0,1,0,0,0,1,0,0,0,1,0,0,0,1,0,0,0,1],"scl":[1,1,1,1,1,1,1,1,1,1,1,1,1,1,1,1,1,1,1,1,1,1,1,1,1,1,1,1,1,1,1,1,1,1,1,1,1,1,1,1,1,1,1,1,1,1,1,1,1,1,1]},
{"i":2,"pos":[0,0,0,0,0,0,0,0,0,0,0,0,0,0,0,0,0,0,0,0,0,0,0,0,0,0,0,0,0,0,0,0,0,0,0,0,0,0,0,0,0,0,0,0,0,0,0,0,0,0,0],"rot":[0.0691451,-0.173527,0.0400338,0.981583,0.0700449,-0.16479,0.0368922,0.983146,0.0709951,-0.156048,0.0337111,0.984618,0.0719954,-0.147301,0.0304914,0.985997,0.0730455,-0.138551,0.0272337,0.987282,0.0741452,-0.129814,0.0239399,0.988472,0.0752939,-0.121076,0.0206097,0.989569,0.0764914,-0.112322,0.0172428,0.990573,0.0777373,-0.103569,0.0138411,0.991483,0.0790328,-0.0948168,0.0104203,0.992298,0.0803757,-0.0860672,0.00696635,0.993017,0.0803899,-0.0934282,0.00756861,0.992346,0.0803997,-0.100784,0.00817147,0.991621,0.0804066,-0.108133,0.00879001,0.99084,0.0804091,-0.115476,0.00940905,0.990006,0.0804093,-0.122811,0.0100437,0.989116,0.0804053,-0.13014,0.0106786,0.988172],"scl":[1,1,1,1,1,1,1,1,1,1,1,1,1,1,1,1,1,1,1,1,1,1,1,1,1,1,1,1,1,1,1,1,1,1,1,1,1,1,1,1,1,1,1,1,1,1,1,1,1,1,1]},
{"i":3,"pos":[0,15.0956,0,0,15.0956,0,0,15.0956,0,0,15.0956,0,0,15.0956,0,0,15.0956,0,0,15.0956,0,0,15.0956,0,0,15.0956,0,0,15.0956,0,0,15.0956,0,0,15.0956,0,0,15.0956,0,0,15.0956,0,0,15.0956,0,0,15.0956,0,0,15.0956,0],"rot":[0.16135,-0.0134592,0.0737941,0.984042,0.162682,-0.0134586,0.068266,0.984222,0.164018,-0.0134734,0.0627357,0.984368,0.167726,-0.0124107,0.0494164,0.984516,0.171485,-0.0114516,0.0360786,0.984459,0.175853,-0.0102215,0.019956,0.984161,0.180294,-0.00913863,0.00381568,0.983563,0.18349,-0.00832591,-0.01004,0.982935,0.186736,-0.00760562,-0.0238994,0.98209,0.186741,-0.00745686,-0.0304643,0.981908,0.186755,-0.00730853,-0.0370278,0.981681,0.183582,-0.00747145,-0.0400075,0.982161,0.180408,-0.00761526,-0.0429883,0.982623,0.177233,-0.00773994,-0.04597,0.983064,0.174056,-0.00784551,-0.0489525,0.983487,0.170879,-0.00793195,-0.0519357,0.98389,0.167701,-0.00799928,-0.0549195,0.984274],"scl":[1,1,1,1,1,1,1,1,1,1,1,1,1,1,1,1,1,1,1,1,1,1,1,1,1,1,1,1,1,1,1,1,1,1,1,1,1,1,1,1,1,1,1,1,1,1,1,1,1,1,1]},
{"i":4,"pos":[-7.88343,11.2331,-3.04084E-06,-7.88343,11.2331,-3.04084E-06,-7.88343,11.2331,-3.04084E-06,-7.88343,11.2331,-3.04084E-06,-7.88343,11.2331,-3.04084E-06,-7.88343,11.2331,-3.04084E-06,-7.88343,11.2331,-3.04084E-06,-7.88343,11.2331,-3.04084E-06,-7.88343,11.2331,-3.04084E-06,-7.88343,11.2331,-3.04084E-06,-7.88343,11.2331,-3.04084E-06,-7.88343,11.2331,-3.04084E-06,-7.88343,11.2331,-3.04084E-06,-7.88343,11.2331,-3.04084E-06,-7.88343,11.2331,-3.04084E-06,-7.88343,11.2331,-3.04084E-06,-7.88343,11.2331,-3.04084E-06],"rot":[-0.368029,0.105328,0.00809978,0.923794,-0.358953,0.101589,0.00831716,0.927773,-0.349813,0.0978625,0.00861361,0.931654,-0.34061,0.094151,0.00898885,0.935436,-0.331345,0.0904557,0.00944257,0.939116,-0.32202,0.0867778,0.00997444,0.942695,-0.312636,0.0831188,0.0105841,0.94617,-0.303194,0.07948,0.0112712,0.949542,-0.293695,0.0758626,0.0120353,0.952808,-0.284141,0.0722682,0.012876,0.955968,-0.274533,0.0686978,0.0137929,0.959022,-0.264871,0.0651529,0.0147855,0.961967,-0.255159,0.0616348,0.0158533,0.964803,-0.245395,0.0581448,0.0169958,0.967528,-0.235584,0.0546841,0.0182125,0.970143,-0.225724,0.051254,0.0195029,0.972646,-0.215819,0.0478558,0.0208663,0.975037],"scl":[1,1,1,1,1,1,1,1,1,1,1,1,1,1,1,1,1,1,1,1,1,1,1,1,1,1,1,1,1,1,1,1,1,1,1,1,1,1,1,1,1,1,1,1,1,1,1,1,1,1,1]},
{"i":5,"pos":[-22.5,1.52588E-05,2.40205E-07,-22.5,1.52588E-05,2.40205E-07,-22.5,1.52588E-05,2.40205E-07,-22.5,1.52588E-05,2.40205E-07,-22.5,1.52588E-05,2.40205E-07,-22.5,1.52588E-05,2.40205E-07,-22.5,1.52588E-05,2.40205E-07,-22.5,1.52588E-05,2.40205E-07,-22.5,1.52588E-05,2.40205E-07,-22.5,1.52588E-05,2.40205E-07,-22.5,1.52588E-05,2.40205E-07,-22.5,1.52588E-05,2.40205E-07,-22.5,1.52588E-05,2.40205E-07,-22.5,1.52588E-05,2.40205E-07,-22.5,1.52588E-05,2.40205E-07,-22.5,1.52588E-05,2.40205E-07,-22.5,1.52588E-05,2.40205E-07],"rot":[-0.584486,-0.0660552,0.187776,0.786609,-0.56299,-0.0684997,0.189592,0.801501,-0.541044,-0.070879,0.191656,0.815791,-0.518665,-0.0731816,0.193965,0.829463,-0.49587,-0.0753957,0.196515,0.842503,-0.472678,-0.0775097,0.199303,0.854896,-0.449108,-0.0795124,0.202325,0.866628,-0.425179,-0.0813925,0.205576,0.877688,-0.400912,-0.0831389,0.209052,0.888063,-0.376326,-0.084741,0.212746,0.89774,-0.351443,-0.086188,0.216652,0.906709,-0.326283,-0.0874697,0.220766,0.914959,-0.300869,-0.088576,0.225079,0.922481,-0.275222,-0.089497,0.229584,0.929265,-0.249364,-0.0902232,0.234274,0.935304,-0.223319,-0.0907454,0.239142,0.940588,-0.197108,-0.0910547,0.244177,0.945111],"scl":[1,1,1,1,1,1,1,1,1,1,1,1,1,1,1,1,1,1,1,1,1,1,1,1,1,1,1,1,1,1,1,1,1,1,1,1,1,1,1,1,1,1,1,1,1,1,1,1,1,1,1]},
{"i":6,"pos":[-21.2439,1.52588E-05,-1.19371E-12,-21.2439,1.52588E-05,-1.19371E-12,-21.2439,1.52588E-05,-1.19371E-12,-21.2439,1.52588E-05,-1.19371E-12,-21.2439,1.52588E-05,-1.19371E-12,-21.2439,1.52588E-05,-1.19371E-12,-21.2439,1.52588E-05,-1.19371E-12,-21.2439,1.52588E-05,-1.19371E-12,-21.2439,1.52588E-05,-1.19371E-12,-21.2439,1.52588E-05,-1.19371E-12,-21.2439,1.52588E-05,-1.19371E-12,-21.2439,1.52588E-05,-1.19371E-12,-21.2439,1.52588E-05,-1.19371E-12,-21.2439,1.52588E-05,-1.19371E-12,-21.2439,1.52588E-05,-1.19371E-12,-21.2439,1.52588E-05,-1.19371E-12,-21.2439,1.52588E-05,-1.19371E-12],"rot":[0,0.364611,0,0.93116,0,0.361611,0,0.932329,0,0.358607,0,0.933489,0,0.3556,0,0.934638,0,0.352589,0,0.935778,0,0.349574,0,0.936909,0,0.346556,0,0.938029,0,0.343534,0,0.93914,0,0.340509,0,0.940241,0,0.33748,0,0.941333,0,0.334447,0,0.942414,0,0.331411,0,0.943486,0,0.328372,0,0.944548,0,0.325329,0,0.945601,0,0.322283,0,0.946643,0,0.319234,0,0.947676,0,0.316181,0,0.948699],"scl":[1,1,1,1,1,1,1,1,1,1,1,1,1,1,1,1,1,1,1,1,1,1,1,1,1,1,1,1,1,1,1,1,1,1,1,1,1,1,1,1,1,1,1,1,1,1,1,1,1,1,1]},
{"i":7,"pos":[-36.9624,-3.05176E-05,1.42109E-13,-36.9624,-3.05176E-05,1.42109E-13,-36.9624,-3.05176E-05,1.42109E-13,-36.9624,-3.05176E-05,1.42109E-13,-36.9624,-3.05176E-05,1.42109E-13,-36.9624,-3.05176E-05,1.42109E-13,-36.9624,-3.05176E-05,1.42109E-13,-36.9624,-3.05176E-05,1.42109E-13,-36.9624,-3.05176E-05,1.42109E-13,-36.9624,-3.05176E-05,1.42109E-13,-36.9624,-3.05176E-05,1.42109E-13,-36.9624,-3.05176E-05,1.42109E-13,-36.9624,-3.05176E-05,1.42109E-13,-36.9624,-3.05176E-05,1.42109E-13,-36.9624,-3.05176E-05,1.42109E-13,-36.9624,-3.05176E-05,1.42109E-13,-36.9624,-3.05176E-05,1.42109E-13],