{
"name":"pl080dmot_g3s16_m0",
"frameCount":16,"fps":60,"rotFormat":"quat_xyzw",
"bones":[
{"i":0,"pos":[0,0,0,0,0,0,0,0,0,0,0,0,0,0,0,0,0,0,0,0,0,0,0,0,0,0,0,0,0,0,0,0,0,0,0,0,0,0,0,0,0,0,0,0,0,0,0,0],"rot":[0,0,0,1,0,0,0,1,0,0,0,1,0,0,0,1,0,0,0,1,0,0,0,1,0,0,0,1,0,0,0,1,0,0,0,1,0,0,0,1,0,0,0,1,0,0,0,1,0,0,0,1,0,0,0,1,0,0,0,1,0,0,0,1],"scl":[1,1,1,1,1,1,1,1,1,1,1,1,1,1,1,1,1,1,1,1,1,1,1,1,1,1,1,1,1,1,1,1,1,1,1,1,1,1,1,1,1,1,1,1,1,1,1,1]},
{"i":1,"pos":[-0.196716,110,0.37735,-0.196716,110,0.37735,-0.196716,110,0.37735,-0.196716,110,0.37735,-0.196716,110,0.37735,-0.196716,110,0.37735,-0.196716,110,0.37735,-0.196716,110,0.37735,-0.196716,110,0.37735,-0.196716,110,0.37735,-0.196716,110,0.37735,-0.196716,110,0.37735,-0.196716,110,0.37735,-0.196716,110,0.37735,-0.196716,110,0.37735,-0.196716,110,0.37735],"rot":[0,0,0,1,0,0,0,1,0,0,0,1,0,0,0,1,0,0,0,1,0,0,0,1,0,0,0,1,0,0,0,1,0,0,0,1,0,0,0,1,0,0,0,1,0,0,0,1,0,0,0,1,0,0,0,1,0,0,0,1,0,0,0,1],"scl":[1,1,1,1,1,1,1,1,1,1,1,1,1,1,1,1,1,1,1,1,1,1,1,1,1,1,1,1,1,1,1,1,1,1,1,1,1,1,1,1,1,1,1,1,1,1,1,1]},
{"i":2,"pos":[0,0,0,0,0,0,0,0,0,0,0,0,0,0,0,0,0,0,0,0,0,0,0,0,0,0,0,0,0,0,0,0,0,0,0,0,0,0,0,0,0,0,0,0,0,0,0,0],"rot":[-0.0368965,-0.045386,-0.00852709,0.998251,-0.0407054,-0.0453531,-0.00870022,0.998103,-0.0436965,-0.0453269,-0.0088361,0.997977,-0.0459194,-0.0453071,-0.00893705,0.997877,-0.047424,-0.0452935,-0.00900535,0.997807,-0.0482598,-0.045286,-0.00904329,0.997767,-0.0484766,-0.045284,-0.00905313,0.997756,-0.0481237,-0.0452872,-0.00903711,0.997773,-0.0472508,-0.0452951,-0.00899749,0.997815,-0.0459072,-0.0453072,-0.00893649,0.997878,-0.0441425,-0.0453229,-0.00885635,0.997957,-0.0420059,-0.0453418,-0.00875931,0.99805,-0.0395471,-0.0453632,-0.00864758,0.99815,-0.0368154,-0.0453867,-0.0085234,0.998254,-0.0338603,-0.0454117,-0.00838902,0.998359,-0.0307313,-0.0454378,-0.00824666,0.99846],"scl":[1,1,1,1,1,1,1,1,1,1,1,1,1,1,1,1,1,1,1,1,1,1,1,1,1,1,1,1,1,1,1,1,1,1,1,1,1,1,1,1,1,1,1,1,1,1,1,1]},
{"i":3,"pos":[0,11.5691,0,0,11.5691,0,0,11.5691,0,0,11.5691,0,0,11.5691,0,0,11.5691,0,0,11.5691,0,0,11.5691,0,0,11.5691,0,0,11.5691,0,0,11.5691,0,0,11.5691,0,0,11.5691,0,0,11.5691,0,0,11.5691,0,0,11.5691,0],"rot":[0.0299721,0.0599219,-0.00120788,0.997752,0.030583,0.0599207,-0.00125697,0.997734,0.0308276,0.0599194,-0.00130532,0.997726,0.0307709,0.0599179,-0.00135152,0.997728,0.0304782,0.0599165,-0.00139416,0.997737,0.0300144,0.0599151,-0.00143185,0.997751,0.0294447,0.059914,-0.00146319,0.997768,0.0288343,0.0599132,-0.00148677,0.997786,0.0282482,0.0599126,-0.00150117,0.997803,0.0277515,0.0599124,-0.00150501,0.997817,0.0274095,0.0599126,-0.00149687,0.997826,0.0272871,0.0599132,-0.00147536,0.997829,0.0274496,0.0599142,-0.00143905,0.997825,0.0279621,0.0599158,-0.00138656,0.997811,0.0288896,0.0599181,-0.00131648,0.997784,0.0302972,0.0599215,-0.00122741,0.997742],"scl":[1,1,1,1,1,1,1,1,1,1,1,1,1,1,1,1,1,1,1,1,1,1,1,1,1,1,1,1,1,1,1,1,1,1,1,1,1,1,1,1,1,1,1,1,1,1,1,1]},
{"i":4,"pos":[-10.0879,13.0121,-2.12947E-07,-10.0879,13.0121,-2.12947E-07,-10.0879,13.0121,-2.12947E-07,-10.0879,13.0121,-2.12947E-07,-10.0879,13.0121,-2.12947E-07,-10.0879,13.0121,-2.12947E-07,-10.0879,13.0121,-2.12947E-07,-10.0879,13.0121,-2.12947E-07,-10.0879,13.0121,-2.12947E-07,-10.0879,13.0121,-2.12947E-07,-10.0879,13.0121,-2.12947E-07,-10.0879,13.0121,-2.12947E-07,-10.0879,13.0121,-2.12947E-07,-10.0879,13.0121,-2.12947E-07,-10.0879,13.0121,-2.12947E-07,-10.0879,13.0121,-2.12947E-07],"rot":[0,0,0,1,0,0,0,1,0,0,0,1,0,0,0,1,0,0,0,1,0,0,0,1,0,0,0,1,0,0,0,1,0,0,0,1,0,0,0,1,0,0,0,1,0,0,0,1,0,0,0,1,0,0,0,1,0,0,0,1,0,0,0,1],"scl":[1,1,1,1,1,1,1,1,1,1,1,1,1,1,1,1,1,1,1,1,1,1,1,1,1,1,1,1,1,1,1,1,1,1,1,1,1,1,1,1,1,1,1,1,1,1,1,1]},
{"i":5,"pos":[-9.88047,2.28882E-05,8.94937E-06,-9.88047,2.28882E-05,8.94937E-06,-9.88047,2.28882E-05,8.94937E-06,-9.88047,2.28882E-05,8.94937E-06,-9.88047,2.28882E-05,8.94937E-06,-9.88047,2.28882E-05,8.94937E-06,-9.88047,2.28882E-05,8.94937E-06,-9.88047,2.28882E-05,8.94937E-06,-9.88047,2.28882E-05,8.94937E-06,-9.88047,2.28882E-05,8.94937E-06,-9.88047,2.28882E-05,8.94937E-06,-9.88047,2.28882E-05,8.94937E-06,-9.88047,2.28882E-05,8.94937E-06,-9.88047,2.28882E-05,8.94937E-06,-9.88047,2.28882E-05,8.94937E-06,-9.88047,2.28882E-05,8.94937E-06],"rot":[-0.502399,0.497405,0.50714,0.492944,-0.494806,0.505434,0.514915,0.484321,-0.489455,0.511962,0.52039,0.476993,-0.485763,0.516752,0.524229,0.471365,-0.483338,0.519787,0.526856,0.467578,-0.481947,0.521181,0.528499,0.465603,-0.481474,0.521133,0.52924,0.465303,-0.48187,0.519889,0.529077,0.466471,-0.483106,0.517713,0.527967,0.468864,-0.48514,0.51487,0.525875,0.472233,-0.487893,0.511602,0.522796,0.476348,-0.491234,0.508108,0.518781,0.481022,-0.494972,0.504532,0.513938,0.486126,-0.498863,0.50095,0.508441,0.491602,0.503377,-0.496577,-0.500936,-0.499085,-0.505863,0.493781,0.496492,0.503766],"scl":[1,1,1,1,1,1,1,1,1,1,1,1,1,1,1,1,1,1,1,1,1,1,1,1,1,1,1,1,1,1,1,1,1,1,1,1,1,1,1,1,1,1,1,1,1,1,1,1]},
{"i":6,"pos":[-24.1815,7.62939E-06,8.79248E-06,-24.1815,7.62939E-06,8.79248E-06,-24.1815,7.62939E-06,8.79248E-06,-24.1815,7.62939E-06,8.79248E-06,-24.1815,7.62939E-06,8.79248E-06,-24.1815,7.62939E-06,8.79248E-06,-24.1815,7.62939E-06,8.79248E-06,-24.1815,7.62939E-06,8.79248E-06,-24.1815,7.62939E-06,8.79248E-06,-24.1815,7.62939E-06,8.79248E-06,-24.1815,7.62939E-06,8.79248E-06,-24.1815,7.62939E-06,8.79248E-06,-24.1815,7.62939E-06,8.79248E-06,-24.1815,7.62939E-06,8.79248E-06,-24.1815,7.62939E-06,8.79248E-06,-24.1815,7.62939E-06,8.79248E-06],"rot":[0,8.5716E-09,0,1,0,-0.0320656,0,0.999486,0,-0.0559012,0,0.998436,0,-0.072389,0,0.997377,0,-0.0824181,0,0.996598,0,-0.0868731,0,0.996219,0,-0.0866315,0,0.99624,0,-0.0825645,0,0.996586,0,-0.0755403,0,0.997143,0,-0.0664272,0,0.997791,0,-0.056095,0,0.998425,0,-0.0454161,0,0.998968,0,-0.0352653,0,0.999378,0,-0.0265186,0,0.999648,0,-0.0200522,0,0.999799,0,-0.0145137,0,0.999895],"scl":[1,1,1,1,1,1,1,1,1,1,1,1,1,1,1,1,1,1,1,1,1,1,1,1,1,1,1,1,1,1,1,1,1,1,1,1,1,1,1,1,1,1,1,1,1,1,1,1]},
{"i":7,"pos":[-76.95,0,1.52005E-05,-76.95,0,1.52005E-05,-76.95,0,1.52005E-05,-76.95,0,1.52005E-05,-76.95,0,1.52005E-05,-76.95,0,1.52005E-05,-76.95,0,1.52005E-05,-76.95,0,1.52005E-05,-76.95,0,1.52005E-05,-76.95,0,1.52005E-05,-76.95,0,1.52005E-05,-76.95,0,1.52005E-05,-76.95,0,1.52005E-05,-76.95,0,1.52005E-05,-76.95,0,1.52005E-05,-76.95,0,1.52005E-05],"rot":[0.703279,0,0,0.710914,0.700982,0,0,0.713179,0.700122,0,0,0.714023,0.700409,0,0,0.713741,0.701546,0,0,0.712624,0.703234,0,0,0.710958,0.705174,0,0,0.709034,0.707072,0,0,0.707142,0.708634,0,0,0.705577,0.70957,0,0,0.704635,0.709591,0,0,0.704614,0.708404,0,0,0.705808,0.705708,0,0,0.708503,0.701191,0,0,0.712974,0.693907,0,0,0.720065,0.685333,0,0,0.728229],"scl":[1,1,1,1,1,1,1,1,1,1,1,1,1,1,1,1,1,1,1,1,1,1,1,1,1,1,1,1,1,1,1,1,1,1,1,1,1,1,1,1,1,1,1,1,1,1,1,1]},
{"i":8,"pos":[0,0,0,0,0,0,0,0,0,0,0,0,0,0,0,0,0,0,0,0,0,0,0,0,0,0,0,0,0,0,0,0,0,0,0,0,0,0,0,0,0,0,0,0,0,0,0,0],"rot":[0,0,0,1,0,0,0,1,0,0,0,1,0,0,0,1,0,0,0,1,0,0,0,1,0,0,0,1,0,0,0,1,0,0,0,1,0,0,0,1,0,0,0,1,0,0,0,1,0,0,0,1,0,0,0,1,0,0,0,1,0,0,0,1],"scl":[1,1,1,1,1,1,1,1,1,1,1,1,1,1,1,1,1,1,1,1,1,1,1,1,1,1,1,1,1,1,1,1,1,1,1,1,1,1,1,1,1,1,1,1,1,1,1,1]},
{"i":9,"pos":[10.0879,13.0121,3.59039E-06,10.0879,13.0121,3.59039E-06,10.0879,13.0121,3.59039E-06,10.0879,13.0121,3.59039E-06,10.0879,13.0121,3.59039E-06,10.0879,13.0121,3.59039E-06,10.0879,13.0121,3.59039E-06,10.0879,13.0121,3.59039E-06,10.0879,13.0121,3.59039E-06,10.0879,13.0121,3.59039E-06,10.0879,13.0121,3.59039E-06,10.0879,13.0121,3.59039E-06,10.0879,13.0121,3.59039E-06,10.0879,13.0121,3.59039E-06,10.0879,13.0121,3.59039E-06,10.0879,13.0121,3.59039E-06],"rot":[0,0,0,1,0,0,0,1,0,0,0,1,0,0,0,1,0,0,0,1,0,0,0,1,0,0,0,1,0,0,0,1,0,0,0,1,0,0,0,1,0,0,0,1,0,0,0,1,0,0,0,1,0,0,0,1,0,0,0,1,0,0,0,1],"scl":[1,1,1,1,1,1,1,1,1,1,1,1,1,1,1,1,1,1,1,1,1,1,1,1,1,1,1,1,1,1,1,1,1,1,1,1,1,1,1,1,1,1,1,1,1,1,1,1]},
{"i":10,