{
"name":"pl0207mot_g0s6_m0",
"frameCount":14,"fps":60,"rotFormat":"quat_xyzw",
"bones":[
{"i":0,"pos":[0,0.00396729,0,0,0.00396729,0,0,0.00396729,0,0,0.00396729,0,0,0.00396729,0,0,0.00396729,0,0,0.00396729,0,0,0.00396729,0,0,0.00396729,0,0,0.00396729,0,0,0.00396729,0,0,0.00396729,0,0,0.00396729,0,0,0.00396729,0],"rot":[0,0,0,1,0,0,0,1,0,0,0,1,0,0,0,1,0,0,0,1,0,0,0,1,0,0,0,1,0,0,0,1,0,0,0,1,0,0,0,1,0,0,0,1,0,0,0,1,0,0,0,1,0,0,0,1],"scl":[1,1,1,1,1,1,1,1,1,1,1,1,1,1,1,1,1,1,1,1,1,1,1,1,1,1,1,1,1,1,1,1,1,1,1,1,1,1,1,1,1,1]},
{"i":1,"pos":[2.46741,79.4512,-3.59863,4.44256,71.0992,-3.88762,6.41779,62.7465,-4.17667,6.50598,61.9609,-3.86768,6.59412,61.1758,-3.55865,6.68225,60.3906,-3.24946,6.77039,59.6055,-2.94043,6.51984,61.0679,-2.22056,6.26926,62.531,-1.50063,5.28564,68.623,0.543945,4.30201,74.7148,2.58846,3.31835,80.8067,4.63298,2.48877,94.4902,2.0564,1.65918,108.174,-0.52002],"rot":[0,0,0,1,0,0,0,1,0,0,0,1,0,0,0,1,0,0,0,1,0,0,0,1,0,0,0,1,0,0,0,1,0,0,0,1,0,0,0,1,0,0,0,1,0,0,0,1,0,0,0,1,0,0,0,1],"scl":[1,1,1,1,1,1,1,1,1,1,1,1,1,1,1,1,1,1,1,1,1,1,1,1,1,1,1,1,1,1,1,1,1,1,1,1,1,1,1,1,1,1]},
{"i":2,"pos":[0,0,0,0,0,0,0,0,0,0,0,0,0,0,0,0,0,0,0,0,0,0,0,0,0,0,0,0,0,0,0,0,0,0,0,0,0,0,0,0,0,0],"rot":[0.0481212,-0.292214,0.0172127,0.954987,0.0952368,-0.324089,0.0376191,0.940468,0.141049,-0.3542,0.0610764,0.922452,0.135967,-0.34829,0.0589529,0.925598,0.130826,-0.34236,0.0569051,0.928674,0.125628,-0.336391,0.0549315,0.931687,0.120377,-0.330388,0.0530344,0.934634,0.115076,-0.32436,0.051216,0.93751,0.109729,-0.318314,0.0494785,0.940313,0.104342,-0.312256,0.0478236,0.943039,0.134347,-0.262915,0.0491349,0.954155,0.164945,-0.213157,0.0472223,0.961835,0.208655,-0.148829,0.0400565,0.965768,0.252382,-0.0850647,0.0270644,0.963501],"scl":[1,1,1,1,1,1,1,1,1,1,1,1,1,1,1,1,1,1,1,1,1,1,1,1,1,1,1,1,1,1,1,1,1,1,1,1,1,1,1,1,1,1]},
{"i":3,"pos":[0,20.1219,-1.75353E-06,0,20.1219,-1.75353E-06,0,20.1219,-1.75353E-06,0,20.1219,-1.75353E-06,0,20.1219,-1.75353E-06,0,20.1219,-1.75353E-06,0,20.1219,-1.75353E-06,0,20.1219,-1.75353E-06,0,20.1219,-1.75353E-06,0,20.1219,-1.75353E-06,0,20.1219,-1.75353E-06,0,20.1219,-1.75353E-06,0,20.1219,-1.75353E-06,0,20.1219,-1.75353E-06],"rot":[0.00684517,0.0400681,-0.00102208,0.999173,0.0136911,0.036513,-0.00199616,0.999237,0.020532,0.0329465,-0.00292188,0.999242,0.0198511,0.0282423,-0.00248599,0.999401,0.0191735,0.0235369,-0.00205624,0.999537,0.0184983,0.0188313,-0.00163264,0.99965,0.0178255,0.014125,-0.00121519,0.999741,0.0171553,0.00941789,-0.000803924,0.999808,0.0164877,0.00470964,-0.000398854,0.999853,0.0158227,0,0,0.999875,0.0256707,0.00342405,0.00311284,0.99966,0.0354936,0.00690636,0.00615781,0.999327,0.0452901,0.0104484,0.00913384,0.998877,0.0550589,0.0140517,0.0120398,0.998312],"scl":[1,1,1,1,1,1,1,1,1,1,1,1,1,1,1,1,1,1,1,1,1,1,1,1,1,1,1,1,1,1,1,1,1,1,1,1,1,1,1,1,1,1]},
{"i":4,"pos":[-10.809,13.3349,-4.57093E-06,-10.809,13.3349,-4.57093E-06,-10.809,13.3349,-4.57093E-06,-10.809,13.3349,-4.57093E-06,-10.809,13.3349,-4.57093E-06,-10.809,13.3349,-4.57093E-06,-10.809,13.3349,-4.57093E-06,-10.809,13.3349,-4.57093E-06,-10.809,13.3349,-4.57093E-06,-10.809,13.3349,-4.57093E-06,-10.809,13.3349,-4.57093E-06,-10.809,13.3349,-4.57093E-06,-10.809,13.3349,-4.57093E-06,-10.809,13.3349,-4.57093E-06],"rot":[0.0098261,0.0178188,0.190075,0.981559,0.00973823,0.019739,0.181837,0.983082,0.00968364,0.0216604,0.173569,0.984536,0.00966691,0.0228452,0.171813,0.984817,0.00965369,0.0240317,0.170074,0.985091,0.00964469,0.0252183,0.16833,0.985361,0.00963987,0.026405,0.166583,0.985627,0.0096392,0.0275917,0.164836,0.985888,0.00964265,0.0287784,0.163089,0.986144,0.00965016,0.0299651,0.161344,0.986396,0.00871646,0.0247453,0.134716,0.990537,0.00750788,0.0196017,0.107939,0.993936,0.0060277,0.0145445,0.0810523,0.996585,0.00427986,0.00958391,0.0540945,0.998481],"scl":[1,1,1,1,1,1,1,1,1,1,1,1,1,1,1,1,1,1,1,1,1,1,1,1,1,1,1,1,1,1,1,1,1,1,1,1,1,1,1,1,1,1]},
{"i":5,"pos":[-9.1119,8.52651E-14,-3.81402E-06,-9.1119,8.52651E-14,-3.81402E-06,-9.1119,8.52651E-14,-3.81402E-06,-9.1119,8.52651E-14,-3.81402E-06,-9.1119,8.52651E-14,-3.81402E-06,-9.1119,8.52651E-14,-3.81402E-06,-9.1119,8.52651E-14,-3.81402E-06,-9.1119,8.52651E-14,-3.81402E-06,-9.1119,8.52651E-14,-3.81402E-06,-9.1119,8.52651E-14,-3.81402E-06,-9.1119,8.52651E-14,-3.81402E-06,-9.1119,8.52651E-14,-3.81402E-06,-9.1119,8.52651E-14,-3.81402E-06,-9.1119,8.52651E-14,-3.81402E-06],"rot":[0.0281102,-0.0678944,0.32111,0.944187,0.0561449,-0.0230519,0.306292,0.950001,0.0857275,0.0207633,0.287781,0.953626,0.0873481,0.0092813,0.273981,0.957715,0.0886184,-0.00224775,0.260069,0.961512,0.0895485,-0.0138308,0.246044,0.965014,0.0901364,-0.0254501,0.231917,0.968216,0.0903813,-0.0370875,0.217695,0.971115,0.0902832,-0.0487252,0.203389,0.973708,0.0898431,-0.0603452,0.189008,0.975993,0.012857,-0.0349422,0.23141,0.972144,-0.0664947,-0.0169296,0.277481,0.958278,-0.146774,-0.00690945,0.325935,0.933904,-0.226459,-0.00526703,0.375398,0.898757],"scl":[1,1,1,1,1,1,1,1,1,1,1,1,1,1,1,1,1,1,1,1,1,1,1,1,1,1,1,1,1,1,1,1,1,1,1,1,1,1,1,1,1,1]},
{"i":6,"pos":[-25.2,1.52588E-05,4.30766E-06,-25.2,1.52588E-05,4.30766E-06,-25.2,1.52588E-05,4.30766E-06,-25.2,1.52588E-05,4.30766E-06,-25.2,1.52588E-05,4.30766E-06,-25.2,1.52588E-05,4.30766E-06,-25.2,1.52588E-05,4.30766E-06,-25.2,1.52588E-05,4.30766E-06,-25.2,1.52588E-05,4.30766E-06,-25.2,1.52588E-05,4.30766E-06,-25.2,1.52588E-05,4.30766E-06,-25.2,1.52588E-05,4.30766E-06,-25.2,1.52588E-05,4.30766E-06,-25.2,1.52588E-05,4.30766E-06],"rot":[0,0.272275,0,0.962219,0,0.270774,0,0.962643,0,0.269272,0,0.963064,0,0.301218,0,0.953555,0,0.332824,0,0.942989,0,0.364064,0,0.931374,0,0.394901,0,0.918724,0,0.425299,0,0.905053,0,0.455224,0,0.890377,0,0.484639,0,0.874714,0,0.440177,0,0.897911,0,0.394593,0,0.918856,0,0.348015,0,0.937489,0,0.300577,0,0.953757],"scl":[1,1,1,1,1,1,1,1,1,1,1,1,1,1,1,1,1,1,1,1,1,1,1,1,1,1,1,1,1,1,1,1,1,1,1,1,1,1,1,1,1,1]},
{"i":7,"pos":[-27.9792,-8.64423E-06,0,-27.9792,-8.64423E-06,0,-27.9792,-8.64423E-06,0,-27.9792,-8.64423E-06,0,-27.9792,-8.64423E-06,0,-27.9792,-8.64423E-06,0,-27.9792,-8.64423E-06,0,-27.9792,-8.64423E-06,0,-27.9792,-8.64423E-06,0,-27.9792,-8.64423E-06,0,-27.9792,-8.64423E-06,0,-27.9792,-8.64423E-06,0,-27.9792,-8.64423E-06,0,-27.9792,-8.64423E-06,0],"rot":[0.0632659,-0.0523729,-0.195549,0.977249,-0.0398267,0.0159701,-0.25958,0.964768,-0.133209,0.0960488,-0.308427,0.936965,-0.142007,0.0827204,-0.303438,0.938572,-0.150563,0.0692647,-0.298472,0.939919,-0.158896,0.0556859,-0.293531,0.941005,-0.166998,0.041991,-0.288624,0.941831,-0.17486,0.0281869,-0.283761,0.942396,-0.182474,0.0142813,-0.278951,0.942701,-0.189831,0.000281937,-0.274205,0.942749,-0.16458,-0.0807765,-0.275567,0.943637,-0.138094,-0.161584,-0.268903,0.939421,-0.11093,-0.241158,-0.254361,0.929966,-0.083667,-0.318546,-0.232205,0.91521],"scl":[1,1,1,1,1,1,1,1,1,1,1,1,1,1,1,1,1,1,1,1,1,1,1,1,1,1,1,1,1,1,1,1,1,1,1,1,1,1,1,1,1,1]},
{"i":8,"pos":[10.809,13.3349,-9.98606E-07,10.809,13.3349,-9.98606E-07,10.809,13.3349,-9.98606E-07,10.809,13.3349,-9.98606E-07,10.809,13.3349,-9.98606E-07,10.809,13.3349,-9.98606E-07,10.809,13.3349,-9.98606E-07,10.809,13.3349,-9.98606E-07,10.809,13.3349,-9.98606E-07,10.809,13.3349,-9.98606E-07,10.809,13.3349,-9.98606E-07,10.809,13.3349,-9.98606E-07,10.809,13.3349,-9.98606E-07,10.809,13.3349,-9.98606E-07],"rot":[0,0,0,1,0,0,0,1,0,0,0,1,0,0,0,1,0,0,0,1,0,0,0,1,0,0,0,1,0,0,0,1,0,0,0,1,0,0,0,1,0,0,0,1,0,0,0,1,0,0,0,1,0,0,0,1],"scl":[1,1,1,1,1,1,1,1,1,1,1,1,1,1,1,1,1,1,1,1,1,1,1,1,1,1,1,1,1,1,1,1,1,1,1,1,1,1,1,1,1,1]},
{"i":9,"pos":[9.1119,6.09367E-09,-7.26144E-06,9.1119,6.09367E-09,-7.26144E-06,9.1119,6.09367E-09,-7.26144E-06,9.1119,6.09367E-09,-7.26144E-06,9.1119,6.09367E-09,-7.26144E-06,9.1119,6.09367E-09,-7.26144E-06,9.1119,6.09367E-09,-7.26144E-06,9.1119,6.09367E-09,-7.26144E-06,9.1119,6.09367E-09,-7.26144E-06,9.1119,6.09367E-09,-7.26144E-06,9.1119,6.09367E-09,-7.26144E-06,9.1119,6.09367E-09,-7.26144E-06,9.1119,6.09367E-09,-7.26144E-06,9.1119,6.09367E-09,-7.26144E-06],