{
"name":"pl0201mot_g0s6_m0",
"frameCount":13,"fps":60,"rotFormat":"quat_xyzw",
"bones":[
{"i":0,"pos":[0,0,0,0,0,0,0,0,0,0,0,0,0,0,0,0,0,0,0,0,0,0,0,0,0,0,0,0,0,0,0,0,0,0,0,0,0,0,0],"rot":[0,0,0,1,0,0,0,1,0,0,0,1,0,0,0,1,0,0,0,1,0,0,0,1,0,0,0,1,0,0,0,1,0,0,0,1,0,0,0,1,0,0,0,1,0,0,0,1,0,0,0,1],"scl":[1,1,1,1,1,1,1,1,1,1,1,1,1,1,1,1,1,1,1,1,1,1,1,1,1,1,1,1,1,1,1,1,1,1,1,1,1,1,1]},
{"i":1,"pos":[2.46741,88.8965,-3.59863,4.44256,80.5443,-3.88762,6.41779,72.1917,-4.17667,6.50598,71.4062,-3.86768,6.59412,70.6211,-3.55865,6.68225,69.8359,-3.24946,6.77039,69.0508,-2.94043,6.51984,70.5134,-2.22056,6.26926,71.9762,-1.50063,5.28564,78.0684,0.543945,4.30203,84.1602,2.58851,3.31841,90.2519,4.63325,2.00806,98.2461,6.53442],"rot":[0,0,0,1,0,0,0,1,0,0,0,1,0,0,0,1,0,0,0,1,0,0,0,1,0,0,0,1,0,0,0,1,0,0,0,1,0,0,0,1,0,0,0,1,0,0,0,1,0,0,0,1],"scl":[1,1,1,1,1,1,1,1,1,1,1,1,1,1,1,1,1,1,1,1,1,1,1,1,1,1,1,1,1,1,1,1,1,1,1,1,1,1,1]},
{"i":2,"pos":[0,0,-3.58114E-13,0,0,-3.58114E-13,0,0,-3.58114E-13,0,0,-3.58114E-13,0,0,-3.58114E-13,0,0,-3.58114E-13,0,0,-3.58114E-13,0,0,-3.58114E-13,0,0,-3.58114E-13,0,0,-3.58114E-13,0,0,-3.58114E-13,0,0,-3.58114E-13,0,0,-3.58114E-13],"rot":[0.06055,-0.300884,0.0221719,0.951478,0.101306,-0.328211,0.0404834,0.938283,0.141061,-0.35418,0.0610781,0.922457,0.144449,-0.353011,0.0636572,0.922207,0.147821,-0.35182,0.0662244,0.921947,0.151196,-0.350609,0.0687872,0.921673,0.15456,-0.349391,0.0713429,0.921383,0.150332,-0.350542,0.0690715,0.921819,0.146093,-0.351694,0.0667916,0.92223,0.112624,-0.361869,0.0568099,0.923655,0.0792805,-0.371739,0.0461477,0.923794,0.0461025,-0.381278,0.034811,0.922654,0.0314877,-0.390929,0.0271561,0.919481],"scl":[1,1,1,1,1,1,1,1,1,1,1,1,1,1,1,1,1,1,1,1,1,1,1,1,1,1,1,1,1,1,1,1,1,1,1,1,1,1,1]},
{"i":3,"pos":[0,12.5894,-1.84121E-06,0,12.5894,-1.84121E-06,0,12.5894,-1.84121E-06,0,12.5894,-1.84121E-06,0,12.5894,-1.84121E-06,0,12.5894,-1.84121E-06,0,12.5894,-1.84121E-06,0,12.5894,-1.84121E-06,0,12.5894,-1.84121E-06,0,12.5894,-1.84121E-06,0,12.5894,-1.84121E-06,0,12.5894,-1.84121E-06,0,12.5894,-1.84121E-06],"rot":[0.00860604,0.0390582,-0.00128786,0.999199,0.0145696,0.0360073,-0.00212292,0.999243,0.0205308,0.0329491,-0.00292189,0.999242,0.021361,0.0339971,-0.00288829,0.999189,0.0221884,0.0350435,-0.0028563,0.999135,0.0230141,0.0360898,-0.00282576,0.99908,0.0238409,0.0371363,-0.00279651,0.999022,0.022425,0.0388975,-0.00269831,0.998988,0.02101,0.0406571,-0.00259412,0.998949,0.0158451,0.0431194,-0.00154245,0.998943,0.0106766,0.0455732,-0.00046578,0.998904,0.005506,0.0480164,0.000635795,0.998831,0.00343952,0.0535499,0.000456842,0.998559],"scl":[1,1,1,1,1,1,1,1,1,1,1,1,1,1,1,1,1,1,1,1,1,1,1,1,1,1,1,1,1,1,1,1,1,1,1,1,1,1,1]},
{"i":4,"pos":[-21.8494,18.2226,-4.35491E-06,-21.8494,18.2226,-4.35491E-06,-21.8494,18.2226,-4.35491E-06,-21.8494,18.2226,-4.35491E-06,-21.8494,18.2226,-4.35491E-06,-21.8494,18.2226,-4.35491E-06,-21.8494,18.2226,-4.35491E-06,-21.8494,18.2226,-4.35491E-06,-21.8494,18.2226,-4.35491E-06,-21.8494,18.2226,-4.35491E-06,-21.8494,18.2226,-4.35491E-06,-21.8494,18.2226,-4.35491E-06,-21.8494,18.2226,-4.35491E-06],"rot":[0.00993362,0.0158979,0.198325,0.979957,0.00990374,0.0160596,0.19812,0.979996,0.00990706,0.0160416,0.198143,0.979992,0.00992366,0.0159518,0.198257,0.97997,0.00993362,0.0158979,0.198325,0.979957,0.00993362,0.0158979,0.198325,0.979957,0.00993362,0.0158979,0.198325,0.979957,0.00993362,0.0158979,0.198325,0.979957,0.00993362,0.0158979,0.198325,0.979957,0.00993362,0.0158979,0.198325,0.979957,0.00993362,0.0158979,0.198325,0.979957,0.00993362,0.0158979,0.198325,0.979957,0.00993362,0.0158979,0.198325,0.979957],"scl":[1,1,1,1,1,1,1,1,1,1,1,1,1,1,1,1,1,1,1,1,1,1,1,1,1,1,1,1,1,1,1,1,1,1,1,1,1,1,1]},
{"i":5,"pos":[-12.6126,1.52588E-05,5.78784E-08,-12.6126,1.52588E-05,5.78784E-08,-12.6126,1.52588E-05,5.78784E-08,-12.6126,1.52588E-05,5.78784E-08,-12.6126,1.52588E-05,5.78784E-08,-12.6126,1.52588E-05,5.78784E-08,-12.6126,1.52588E-05,5.78784E-08,-12.6126,1.52588E-05,5.78784E-08,-12.6126,1.52588E-05,5.78784E-08,-12.6126,1.52588E-05,5.78784E-08,-12.6126,1.52588E-05,5.78784E-08,-12.6126,1.52588E-05,5.78784E-08,-12.6126,1.52588E-05,5.78784E-08],"rot":[-0.209044,-0.110667,0.156251,0.958978,-0.259925,-0.0601949,0.138617,0.95373,-0.359779,0.0601462,0.113637,0.924137,-0.439528,0.190995,0.113204,0.870357,-0.474488,0.266713,0.127364,0.829159,-0.487463,0.288909,0.135613,0.812724,-0.497565,0.298339,0.14159,0.802106,-0.505818,0.298301,0.145005,0.796328,-0.51249,0.291798,0.146213,0.794248,-0.517546,0.281692,0.145884,0.794678,-0.520946,0.270841,0.144784,0.796428,-0.522797,0.262154,0.143646,0.798326,-0.523351,0.258597,0.143127,0.799216],"scl":[1,1,1,1,1,1,1,1,1,1,1,1,1,1,1,1,1,1,1,1,1,1,1,1,1,1,1,1,1,1,1,1,1,1,1,1,1,1,1]},
{"i":6,"pos":[-21.461,8.89088E-07,-1.40257E-06,-21.461,8.89088E-07,-1.40257E-06,-21.461,8.89088E-07,-1.40257E-06,-21.461,8.89088E-07,-1.40257E-06,-21.461,8.89088E-07,-1.40257E-06,-21.461,8.89088E-07,-1.40257E-06,-21.461,8.89088E-07,-1.40257E-06,-21.461,8.89088E-07,-1.40257E-06,-21.461,8.89088E-07,-1.40257E-06,-21.461,8.89088E-07,-1.40257E-06,-21.461,8.89088E-07,-1.40257E-06,-21.461,8.89088E-07,-1.40257E-06,-21.461,8.89088E-07,-1.40257E-06],"rot":[-0,0.753676,-0,0.657246,-0,0.758639,-0,0.651511,-0,0.769923,-0,0.638137,-0,0.781729,-0,0.623618,-0,0.788681,-0,0.614802,-0,0.790834,-0,0.612031,-0,0.791841,-0,0.610727,-0,0.791972,-0,0.610557,-0,0.791491,-0,0.611181,-0,0.790659,-0,0.612257,-0,0.789737,-0,0.613446,-0,0.788989,-0,0.614407,-0,0.788681,-0,0.614802],"scl":[1,1,1,1,1,1,1,1,1,1,1,1,1,1,1,1,1,1,1,1,1,1,1,1,1,1,1,1,1,1,1,1,1,1,1,1,1,1,1]},
{"i":7,"pos":[-27.7609,-1.25979E-05,2.28218E-06,-27.7609,-1.25979E-05,2.28218E-06,-27.7609,-1.25979E-05,2.28218E-06,-27.7609,-1.25979E-05,2.28218E-06,-27.7609,-1.25979E-05,2.28218E-06,-27.7609,-1.25979E-05,2.28218E-06,-27.7609,-1.25979E-05,2.28218E-06,-27.7609,-1.25979E-05,2.28218E-06,-27.7609,-1.25979E-05,2.28218E-06,-27.7609,-1.25979E-05,2.28218E-06,-27.7609,-1.25979E-05,2.28218E-06,-27.7609,-1.25979E-05,2.28218E-06,-27.7609,-1.25979E-05,2.28218E-06],"rot":[-0.399436,0.111718,0.298878,0.859443,-0.402373,0.108717,0.272949,0.86705,-0.411832,0.102701,0.212699,0.880117,-0.427553,0.0978395,0.146838,0.886603,-0.44585,0.0954031,0.107423,0.883502,-0.46626,0.0934356,0.0965248,0.874388,-0.490302,0.0911659,0.0929277,0.861775,-0.515749,0.0884399,0.0948007,0.846873,-0.540524,0.0852155,0.100296,0.830971,-0.562718,0.0816773,0.107588,0.815538,-0.58058,0.0782719,0.1149,0.802246,-0.592479,0.0756657,0.120519,0.792917,-0.596814,0.0746306,0.122767,0.789412],"scl":[1,1,1,1,1,1,1,1,1,1,1,1,1,1,1,1,1,1,1,1,1,1,1,1,1,1,1,1,1,1,1,1,1,1,1,1,1,1,1]},
{"i":8,"pos":[21.8494,18.2226,2.05533E-06,21.8494,18.2226,2.05533E-06,21.8494,18.2226,2.05533E-06,21.8494,18.2226,2.05533E-06,21.8494,18.2226,2.05533E-06,21.8494,18.2226,2.05533E-06,21.8494,18.2226,2.05533E-06,21.8494,18.2226,2.05533E-06,21.8494,18.2226,2.05533E-06,21.8494,18.2226,2.05533E-06,21.8494,18.2226,2.05533E-06,21.8494,18.2226,2.05533E-06,21.8494,18.2226,2.05533E-06],"rot":[0.00586809,0.0372921,-0.21537,0.975802,0.00571042,0.0349,-0.203003,0.978539,0.00561343,0.0325073,-0.190576,0.981118,0.00575675,0.0308039,-0.190589,0.98117,0.00590214,0.029107,-0.19062,0.981215,0.00601737,0.0274188,-0.190655,0.981256,0.00619365,0.0257159,-0.190683,0.981295,0.00633066,0.0232663,-0.18853,0.981771,0.0064786,0.0208178,-0.186372,0.982237,0.00538029,0.0144967,-0.148888,0.988733,0.00478137,0.00813179,-0.111162,0.993757,0.00467021,0.00175367,-0.0732506,0.997301,0.00392873,-0.00393101,-0.044159,0.999009],"scl":[1,1,1,1,1,1,1,1,1,1,1,1,1,1,1,1,1,1,1,1,1,1,1,1,1,1,1,1,1,1,1,1,1,1,1,1,1,1,1]},
{"i":9,