{
"name":"pl0804mot_g0s7_m0",
"frameCount":12,"fps":60,"rotFormat":"quat_xyzw",
"bones":[
{"i":0,"pos":[0,0,0,0,0,0,0,0,0,0,0,0,0,0,0,0,0,0,0,0,0,0,0,0,0,0,0,0,0,0,0,0,0,0,0,0],"rot":[0,0,0,1,0,0,0,1,0,0,0,1,0,0,0,1,0,0,0,1,0,0,0,1,0,0,0,1,0,0,0,1,0,0,0,1,0,0,0,1,0,0,0,1,0,0,0,1],"scl":[1,1,1,1,1,1,1,1,1,1,1,1,1,1,1,1,1,1,1,1,1,1,1,1,1,1,1,1,1,1,1,1,1,1,1,1]},
{"i":1,"pos":[0,100,0,-0.0443645,100.734,-0.0966995,-0.0860589,101.446,-0.186961,-0.125155,102.135,-0.270954,-0.161726,102.801,-0.34885,-0.195844,103.444,-0.42082,-0.227581,104.064,-0.487034,-0.25701,104.66,-0.547662,-0.284203,105.231,-0.602875,-0.309232,105.779,-0.652844,-0.33217,106.302,-0.69774,-0.353088,106.801,-0.737732],"rot":[0,0,0,1,0,0,0,1,0,0,0,1,0,0,0,1,0,0,0,1,0,0,0,1,0,0,0,1,0,0,0,1,0,0,0,1,0,0,0,1,0,0,0,1,0,0,0,1],"scl":[1,1,1,1,1,1,1,1,1,1,1,1,1,1,1,1,1,1,1,1,1,1,1,1,1,1,1,1,1,1,1,1,1,1,1,1]},
{"i":2,"pos":[0,0,-3.41061E-13,0,0,-3.41061E-13,0,0,-3.41061E-13,0,0,-3.41061E-13,0,0,-3.41061E-13,0,0,-3.41061E-13,0,0,-3.41061E-13,0,0,-3.41061E-13,0,0,-3.41061E-13,0,0,-3.41061E-13,0,0,-3.41061E-13,0,0,-3.41061E-13],"rot":[-0.0649262,0,0,0.99789,-0.0718928,-0.00315064,-0.000434791,0.997407,-0.0784209,-0.00631516,-0.000898674,0.9969,-0.0845196,-0.00949303,-0.0013886,0.996376,-0.0901981,-0.0126837,-0.00190157,0.995841,-0.0954656,-0.0158868,-0.00243466,0.995303,-0.100332,-0.0191017,-0.002985,0.994766,-0.104805,-0.022328,-0.00354979,0.994236,-0.108896,-0.0255653,-0.00412632,0.993716,-0.112612,-0.0288131,-0.00471193,0.99321,-0.115965,-0.032071,-0.00530406,0.992721,-0.118963,-0.0353384,-0.00590023,0.992252],"scl":[1,1,1,1,1,1,1,1,1,1,1,1,1,1,1,1,1,1,1,1,1,1,1,1,1,1,1,1,1,1,1,1,1,1,1,1]},
{"i":3,"pos":[0,13.634,-1.75353E-06,0,13.634,-1.75353E-06,0,13.634,-1.75353E-06,0,13.634,-1.75353E-06,0,13.634,-1.75353E-06,0,13.634,-1.75353E-06,0,13.634,-1.75353E-06,0,13.634,-1.75353E-06,0,13.634,-1.75353E-06,0,13.634,-1.75353E-06,0,13.634,-1.75353E-06,0,13.634,-1.75353E-06],"rot":[-0.0499792,0,0,0.99875,-0.0525903,-0.000347156,0.000257885,0.998616,-0.0548114,-0.000709384,0.000528764,0.998496,-0.0566511,-0.0010857,0.000812154,0.998393,-0.0581178,-0.0014751,0.0011076,0.998308,-0.0592201,-0.00187656,0.00141468,0.998242,-0.0599663,-0.00228901,0.00173296,0.998196,-0.060365,-0.0027114,0.00206205,0.998171,-0.0604244,-0.00314266,0.00240156,0.998165,-0.0601531,-0.00358168,0.00275109,0.998179,-0.0595594,-0.00402738,0.00311026,0.998212,-0.0586516,-0.00447866,0.00347869,0.998262],"scl":[1,1,1,1,1,1,1,1,1,1,1,1,1,1,1,1,1,1,1,1,1,1,1,1,1,1,1,1,1,1,1,1,1,1,1,1]},
{"i":4,"pos":[-10.9535,17.3535,1.91246E-06,-10.9535,17.3535,1.91246E-06,-10.9535,17.3535,1.91246E-06,-10.9535,17.3535,1.91246E-06,-10.9535,17.3535,1.91246E-06,-10.9535,17.3535,1.91246E-06,-10.9535,17.3535,1.91246E-06,-10.9535,17.3535,1.91246E-06,-10.9535,17.3535,1.91246E-06,-10.9535,17.3535,1.91246E-06,-10.9535,17.3535,1.91246E-06,-10.9535,17.3535,1.91246E-06],"rot":[-6.79426E-09,0,0,1,0.000609313,-0.0012288,-0.00376123,0.999992,0.00121571,-0.00247268,-0.00752641,0.999968,0.00181792,-0.00372995,-0.0112954,0.999928,0.00241469,-0.00499888,-0.0150682,0.999871,0.00300481,-0.00627776,-0.0188446,0.999798,0.00358709,-0.00756483,-0.0226245,0.999709,0.00416035,-0.00885833,-0.0264079,0.999603,0.00472345,-0.0101565,-0.0301946,0.999481,0.00527529,-0.0114575,-0.0339847,0.999343,0.00581478,-0.0127595,-0.0377781,0.999188,0.00634086,-0.0140607,-0.0415746,0.999016],"scl":[1,1,1,1,1,1,1,1,1,1,1,1,1,1,1,1,1,1,1,1,1,1,1,1,1,1,1,1,1,1,1,1,1,1,1,1]},
{"i":5,"pos":[-11.008,0,-1.65374E-08,-11.008,0,-1.65374E-08,-11.008,0,-1.65374E-08,-11.008,0,-1.65374E-08,-11.008,0,-1.65374E-08,-11.008,0,-1.65374E-08,-11.008,0,-1.65374E-08,-11.008,0,-1.65374E-08,-11.008,0,-1.65374E-08,-11.008,0,-1.65374E-08,-11.008,0,-1.65374E-08,-11.008,0,-1.65374E-08],"rot":[0.166447,-0.427741,0.597663,0.657367,0.162366,-0.43071,0.592542,0.661075,0.157794,-0.433309,0.587326,0.665126,0.152746,-0.435539,0.582014,0.669503,0.14724,-0.437396,0.576601,0.674193,0.141295,-0.438879,0.571084,0.679179,0.134929,-0.439981,0.565457,0.684448,0.128164,-0.440699,0.559714,0.689985,0.121021,-0.441026,0.553846,0.695776,0.113525,-0.440955,0.547846,0.701809,0.105698,-0.440479,0.541705,0.708069,0.097566,-0.439591,0.535414,0.714543],"scl":[1,1,1,1,1,1,1,1,1,1,1,1,1,1,1,1,1,1,1,1,1,1,1,1,1,1,1,1,1,1,1,1,1,1,1,1]},
{"i":6,"pos":[-24.244,6.54648E-07,-3.64014E-08,-24.244,6.54648E-07,-3.64014E-08,-24.244,6.54648E-07,-3.64014E-08,-24.244,6.54648E-07,-3.64014E-08,-24.244,6.54648E-07,-3.64014E-08,-24.244,6.54648E-07,-3.64014E-08,-24.244,6.54648E-07,-3.64014E-08,-24.244,6.54648E-07,-3.64014E-08,-24.244,6.54648E-07,-3.64014E-08,-24.244,6.54648E-07,-3.64014E-08,-24.244,6.54648E-07,-3.64014E-08,-24.244,6.54648E-07,-3.64014E-08],"rot":[-0,0.757315,-0,0.65305,-0,0.754191,-0,0.656655,-0,0.750565,-0,0.660797,-0,0.746441,-0,0.665451,-0,0.741824,-0,0.670595,-0,0.736714,-0,0.676204,-0,0.731116,-0,0.682253,-0,0.725032,-0,0.688716,-0,0.718462,-0,0.695566,-0,0.71141,-0,0.702777,0,0.703877,0,0.710322,0,0.695864,0,0.718173],"scl":[1,1,1,1,1,1,1,1,1,1,1,1,1,1,1,1,1,1,1,1,1,1,1,1,1,1,1,1,1,1,1,1,1,1,1,1]},
{"i":7,"pos":[-23.4396,-3.24127E-05,6.73273E-06,-23.4396,-3.24127E-05,6.73273E-06,-23.4396,-3.24127E-05,6.73273E-06,-23.4396,-3.24127E-05,6.73273E-06,-23.4396,-3.24127E-05,6.73273E-06,-23.4396,-3.24127E-05,6.73273E-06,-23.4396,-3.24127E-05,6.73273E-06,-23.4396,-3.24127E-05,6.73273E-06,-23.4396,-3.24127E-05,6.73273E-06,-23.4396,-3.24127E-05,6.73273E-06,-23.4396,-3.24127E-05,6.73273E-06,-23.4396,-3.24127E-05,6.73273E-06],"rot":[-0.685742,0.117062,0.246317,0.674821,-0.677675,0.123768,0.247383,0.681351,-0.669254,0.130392,0.247553,0.688342,-0.660471,0.13691,0.246848,0.695772,-0.65132,0.1433,0.245292,0.703619,-0.641793,0.149536,0.242906,0.711855,-0.631884,0.155594,0.239713,0.720452,-0.621585,0.161448,0.235735,0.72938,-0.610891,0.167073,0.230996,0.738607,-0.599796,0.172441,0.22552,0.748098,-0.588294,0.177527,0.219332,0.757818,-0.576384,0.182304,0.212457,0.76773],"scl":[1,1,1,1,1,1,1,1,1,1,1,1,1,1,1,1,1,1,1,1,1,1,1,1,1,1,1,1,1,1,1,1,1,1,1,1]},
{"i":8,"pos":[10.9535,17.3535,1.91246E-06,10.9535,17.3535,1.91246E-06,10.9535,17.3535,1.91246E-06,10.9535,17.3535,1.91246E-06,10.9535,17.3535,1.91246E-06,10.9535,17.3535,1.91246E-06,10.9535,17.3535,1.91246E-06,10.9535,17.3535,1.91246E-06,10.9535,17.3535,1.91246E-06,10.9535,17.3535,1.91246E-06,10.9535,17.3535,1.91246E-06,10.9535,17.3535,1.91246E-06],"rot":[-6.79426E-09,0,0,1,0.00011878,0.00111609,0.00348207,0.999993,0.000443437,0.00223758,0.00696961,0.999973,0.00092641,0.00336548,0.0104618,0.999939,0.00152015,0.00450014,0.0139581,0.999891,0.0021771,0.00564127,0.0174581,0.999829,0.00284974,0.00678789,0.0209617,0.999753,0.00349056,0.00793837,0.0244688,0.999663,0.00405209,0.0090904,0.0279798,0.999559,0.00448686,0.010241,0.0314952,0.999441,0.00474749,0.0113866,0.0350156,0.999311,0.00478662,0.0125228,0.038542,0.999167],"scl":[1,1,1,1,1,1,1,1,1,1,1,1,1,1,1,1,1,1,1,1,1,1,1,1,1,1,1,1,1,1,1,1,1,1,1,1]},
{"i":9,"pos":[11.008,0,-5.68434E-14,11.008,0,-5.68434E-14,11.008,0,-5.68434E-14,11.008,0,-5.68434E-14,11.008,0,-5.68434E-14,11.008,0,-5.68434E-14,11.008,0,-5.68434E-14,11.008,0,-5.68434E-14,11.008,0,-5.68434E-14,11.008,0,-5.68434E-14,11.008,0,-5.68434E-14,11.008,0,-5.68434E-14],"rot":[0.255515,0.268863,-0.639745,0.673165,0.255887,0.274677,-0.635281,0.674901,0.255791,0.280317,-0.630548,0.677054,0.255233,0.285784,-0.625554,0.679607,0.254223,0.29108,-0.620305,0.682543,0.25277,0.296203,-0.614807,0.685845,0.250883,0.301154,-0.609066,0.689495,0.248574,0.305931,-0.603084,0.693475,0.245853,0.310531,-0.596865,0.697767,0.242733,0.314952,-0.590413,0.702353,0.239225,0.319189,-0.583728,0.707214,0.235342,0.323239,-0.576814,0.712331],"scl":[1,1,1,1,1,1,1,1,1,1,1,1,1,1,1,1,1,1,1,1,1,1,1,1,1,1,1,1,1,1,1,1,1,1,1,1]},
{"i":10,