{
"name":"pl0104mot_g3s13_m0",
"frameCount":16,"fps":60,"rotFormat":"quat_xyzw",
"bones":[
{"i":0,"pos":[0,-2.86102E-06,0,0,-2.86102E-06,0,0,-2.86102E-06,0,0,-2.86102E-06,0,0,-2.86102E-06,0,0,-2.86102E-06,0,0,-2.86102E-06,0,0,-2.86102E-06,0,0,-2.86102E-06,0,0,-2.86102E-06,0,0,-2.86102E-06,0,0,-2.86102E-06,0,0,-2.86102E-06,0,0,-2.86102E-06,0,0,-2.86102E-06,0,0,-2.86102E-06,0],"rot":[0,0,0,1,0,0,0,1,0,0,0,1,0,0,0,1,0,0,0,1,0,0,0,1,0,0,0,1,0,0,0,1,0,0,0,1,0,0,0,1,0,0,0,1,0,0,0,1,0,0,0,1,0,0,0,1,0,0,0,1,0,0,0,1],"scl":[1,1,1,1,1,1,1,1,1,1,1,1,1,1,1,1,1,1,1,1,1,1,1,1,1,1,1,1,1,1,1,1,1,1,1,1,1,1,1,1,1,1,1,1,1,1,1,1]},
{"i":1,"pos":[3.02515,98.7961,-6.27637,3.02515,98.5191,-6.27637,3.02515,98.4021,-6.27637,3.02515,98.315,-6.27637,3.02515,98.2266,-6.27637,3.02515,98.2063,-6.27637,3.02515,98.2652,-6.27637,3.02515,98.3242,-6.27637,3.02515,98.3832,-6.27637,3.02515,98.4422,-6.27637,3.02515,98.5012,-6.27637,3.02515,98.5601,-6.27637,3.02515,98.6191,-6.27637,3.02515,98.6781,-6.27637,3.02515,98.7371,-6.27637,3.02515,98.7961,-6.27637],"rot":[0,0,0,1,0,0,0,1,0,0,0,1,0,0,0,1,0,0,0,1,0,0,0,1,0,0,0,1,0,0,0,1,0,0,0,1,0,0,0,1,0,0,0,1,0,0,0,1,0,0,0,1,0,0,0,1,0,0,0,1,0,0,0,1],"scl":[1,1,1,1,1,1,1,1,1,1,1,1,1,1,1,1,1,1,1,1,1,1,1,1,1,1,1,1,1,1,1,1,1,1,1,1,1,1,1,1,1,1,1,1,1,1,1,1]},
{"i":2,"pos":[0,0,0,0,0,0,0,0,0,0,0,0,0,0,0,0,0,0,0,0,0,0,0,0,0,0,0,0,0,0,0,0,0,0,0,0,0,0,0,0,0,0,0,0,0,0,0,0],"rot":[0.0691521,-0.173551,0.0400543,0.981577,0.0693067,-0.173188,0.038989,0.981673,0.0695975,-0.175139,0.0387673,0.981315,0.0700357,-0.175417,0.038283,0.981253,0.0704734,-0.175696,0.037799,0.981191,0.0709108,-0.175974,0.0373154,0.981128,0.0707358,-0.175732,0.0375886,0.981174,0.0705605,-0.175489,0.0378621,0.981219,0.0703851,-0.175246,0.0381356,0.981265,0.0702095,-0.175004,0.0384093,0.98131,0.0700337,-0.174761,0.0386831,0.981355,0.0698578,-0.174519,0.0389571,0.9814,0.0696816,-0.174277,0.0392312,0.981444,0.0695053,-0.174035,0.0395054,0.981489,0.0693288,-0.173793,0.0397798,0.981533,0.0691521,-0.173551,0.0400543,0.981577],"scl":[1,1,1,1,1,1,1,1,1,1,1,1,1,1,1,1,1,1,1,1,1,1,1,1,1,1,1,1,1,1,1,1,1,1,1,1,1,1,1,1,1,1,1,1,1,1,1,1]},
{"i":3,"pos":[0,15.0956,0,0,15.0956,0,0,15.0956,0,0,15.0956,0,0,15.0956,0,0,15.0956,0,0,15.0956,0,0,15.0956,0,0,15.0956,0,0,15.0956,0,0,15.0956,0,0,15.0956,0,0,15.0956,0,0,15.0956,0,0,15.0956,0,0,15.0956,0],"rot":[0.161349,-0.0134395,0.0738203,0.984041,0.172045,0.00742533,0.0702547,0.982553,0.173344,0.0107798,0.0677868,0.982467,0.174583,0.0127198,0.0651084,0.982405,0.175844,0.0146839,0.0624184,0.982327,0.177114,0.0166409,0.0597222,0.982236,0.175521,0.0136546,0.0611832,0.982478,0.173932,0.0106633,0.0626329,0.982706,0.172347,0.007667,0.0640714,0.98292,0.170765,0.00466586,0.0654985,0.983121,0.169186,0.00165993,0.0669142,0.983309,0.167611,-0.00135075,0.0683185,0.983482,0.16604,-0.0043661,0.0697112,0.983642,0.164473,-0.00738605,0.0710925,0.983789,0.162909,-0.0104105,0.0724622,0.983922,0.161349,-0.0134395,0.0738203,0.984041],"scl":[1,1,1,1,1,1,1,1,1,1,1,1,1,1,1,1,1,1,1,1,1,1,1,1,1,1,1,1,1,1,1,1,1,1,1,1,1,1,1,1,1,1,1,1,1,1,1,1]},
{"i":4,"pos":[-8.88342,11.2331,-3.04084E-06,-8.88342,11.2331,-3.04084E-06,-8.88342,11.2331,-3.04084E-06,-8.88342,11.2331,-3.04084E-06,-8.88342,11.2331,-3.04084E-06,-8.88342,11.2331,-3.04084E-06,-8.88342,11.2331,-3.04084E-06,-8.88342,11.2331,-3.04084E-06,-8.88342,11.2331,-3.04084E-06,-8.88342,11.2331,-3.04084E-06,-8.88342,11.2331,-3.04084E-06,-8.88342,11.2331,-3.04084E-06,-8.88342,11.2331,-3.04084E-06,-8.88342,11.2331,-3.04084E-06,-8.88342,11.2331,-3.04084E-06,-8.88342,11.2331,-3.04084E-06],"rot":[-0.368029,0.105328,0.00809978,0.923794,-0.368029,0.105328,0.00809978,0.923794,-0.368029,0.105328,0.00809978,0.923794,-0.368029,0.105328,0.00809978,0.923794,-0.368029,0.105328,0.00809978,0.923794,-0.368029,0.105328,0.00809978,0.923794,-0.368029,0.105328,0.00809978,0.923794,-0.368029,0.105328,0.00809978,0.923794,-0.368029,0.105328,0.00809978,0.923794,-0.368029,0.105328,0.00809978,0.923794,-0.368029,0.105328,0.00809978,0.923794,-0.368029,0.105328,0.00809978,0.923794,-0.368029,0.105328,0.00809978,0.923794,-0.368029,0.105328,0.00809978,0.923794,-0.368029,0.105328,0.00809978,0.923794,-0.368029,0.105328,0.00809978,0.923794],"scl":[1,1,1,1,1,1,1,1,1,1,1,1,1,1,1,1,1,1,1,1,1,1,1,1,1,1,1,1,1,1,1,1,1,1,1,1,1,1,1,1,1,1,1,1,1,1,1,1]},
{"i":5,"pos":[-11.1362,4.33856E-05,-4.75834E-08,-11.1362,4.33856E-05,-4.75834E-08,-11.1362,4.33856E-05,-4.75834E-08,-11.1362,4.33856E-05,-4.75834E-08,-11.1362,4.33856E-05,-4.75834E-08,-11.1362,4.33856E-05,-4.75834E-08,-11.1362,4.33856E-05,-4.75834E-08,-11.1362,4.33856E-05,-4.75834E-08,-11.1362,4.33856E-05,-4.75834E-08,-11.1362,4.33856E-05,-4.75834E-08,-11.1362,4.33856E-05,-4.75834E-08,-11.1362,4.33856E-05,-4.75834E-08,-11.1362,4.33856E-05,-4.75834E-08,-11.1362,4.33856E-05,-4.75834E-08,-11.1362,4.33856E-05,-4.75834E-08,-11.1362,4.33856E-05,-4.75834E-08],"rot":[-0.572801,-0.0666237,0.18431,0.795921,-0.581368,-0.153418,0.212751,0.770202,-0.605799,-0.174556,0.251163,0.734476,-0.608683,-0.122646,0.210221,0.755162,-0.612869,-0.0759153,0.170684,0.767786,-0.614584,-0.0628811,0.154356,0.771042,-0.610463,-0.0633876,0.157321,0.773671,-0.606328,-0.0638648,0.160294,0.776269,-0.60218,-0.0643128,0.163274,0.778835,-0.59802,-0.0647314,0.16626,0.781371,-0.593846,-0.0651205,0.169253,0.783874,-0.589661,-0.0654803,0.172253,0.786347,-0.585463,-0.0658105,0.175259,0.788788,-0.581254,-0.0661112,0.17827,0.791197,-0.577033,-0.0663822,0.181287,0.793575,-0.572801,-0.0666237,0.18431,0.795921],"scl":[1,1,1,1,1,1,1,1,1,1,1,1,1,1,1,1,1,1,1,1,1,1,1,1,1,1,1,1,1,1,1,1,1,1,1,1,1,1,1,1,1,1,1,1,1,1,1,1]},
{"i":6,"pos":[-24.7866,1.29239E-05,2.49705E-06,-24.7866,1.29239E-05,2.49705E-06,-24.7866,1.29239E-05,2.49705E-06,-24.7866,1.29239E-05,2.49705E-06,-24.7866,1.29239E-05,2.49705E-06,-24.7866,1.29239E-05,2.49705E-06,-24.7866,1.29239E-05,2.49705E-06,-24.7866,1.29239E-05,2.49705E-06,-24.7866,1.29239E-05,2.49705E-06,-24.7866,1.29239E-05,2.49705E-06,-24.7866,1.29239E-05,2.49705E-06,-24.7866,1.29239E-05,2.49705E-06,-24.7866,1.29239E-05,2.49705E-06,-24.7866,1.29239E-05,2.49705E-06,-24.7866,1.29239E-05,2.49705E-06,-24.7866,1.29239E-05,2.49705E-06],"rot":[0,0.364597,0,0.931166,0,0.47242,0,0.881373,0,0.620087,0,0.784533,0,0.623028,0,0.7822,0,0.609884,0,0.792491,0,0.599286,0,0.800535,0,0.577504,0,0.816388,0,0.555303,0,0.831648,0,0.532698,0,0.846305,0,0.509708,0,0.860348,0,0.486347,0,0.873766,0,0.462633,0,0.88655,0,0.438584,0,0.89869,0,0.414216,0,0.910179,0,0.389548,0,0.921006,0,0.364597,0,0.931166],"scl":[1,1,1,1,1,1,1,1,1,1,1,1,1,1,1,1,1,1,1,1,1,1,1,1,1,1,1,1,1,1,1,1,1,1,1,1,1,1,1,1,1,1,1,1,1,1,1,1]},
{"i":7,"pos":[-24.7866,-3.47629E-05,-1.47971E-06,-24.7866,-3.47629E-05,-1.47971E-06,-24.7866,-3.47629E-05,-1.47971E-06,-24.7866,-3.47629E-05,-1.47971E-06,-24.7866,-3.47629E-05,-1.47971E-06,-24.7866,-3.47629E-05,-1.47971E-06,-24.7866,-3.47629E-05,-1.47971E-06,-24.7866,-3.47629E-05,-1.47971E-06,-24.7866,-3.47629E-05,-1.47971E-06,-24.7866,-3.47629E-05,-1.47971E-06,-24.7866,-3.47629E-05,-1.47971E-06,-24.7866,-3.47629E-05,-1.47971E-06,-24.7866,-3.47629E-05,-1.47971E-06,-24.7866,-3.47629E-05,-1.47971E-06,-24.7866,-3.47629E-05,-1.47971E-06,-24.7866,-3.47629E-05,-1.47971E-06],"rot":[0.0379809,-0.102982,0.00713556,0.993932,0.0410811,-0.00792508,0.0309371,0.998645,0.0696607,0.0177318,0.0645596,0.995322,0.0579052,-0.000115261,0.0544072,0.996838,0.0493822,-0.0378455,0.0464844,0.99698,0.0414943,-0.0615924,0.0439188,0.996271,0.0412858,-0.0657424,0.040238,0.99617,0.0410455,-0.0698905,0.0365572,0.996039,0.0407734,-0.0740367,0.0328765,0.995879,0.0404696,-0.0781806,0.0291961,0.99569,0.040134,-0.082322,0.0255165,0.99547,0.0397667,-0.0864606,0.0218376,0.995222,0.0393677,-0.0905961,0.0181599,0.994944,0.0389371,-0.0947284,0.0144835,0.994636,0.0384748,-0.0988572,0.0108086,0.994299,0.0379809,-0.102982,0.00713556,0.993932],"scl":[1,1,1,1,1,1,1,1,1,1,1,1,1,1,1,1,1,1,1,1,1,1,1,1,1,1,1,1,1,1,1,1,1,1,1,1,1,1,1,1,1,1,1,1,1,1,1,1]},
{"i":8,