{
"name":"pl0104mot_g3s11_m0",
"frameCount":16,"fps":60,"rotFormat":"quat_xyzw",
"bones":[
{"i":0,"pos":[0,-2.86102E-06,0,0,-2.86102E-06,0,0,-2.86102E-06,0,0,-2.86102E-06,0,0,-2.86102E-06,0,0,-2.86102E-06,0,0,-2.86102E-06,0,0,-2.86102E-06,0,0,-2.86102E-06,0,0,-2.86102E-06,0,0,-2.86102E-06,0,0,-2.86102E-06,0,0,-2.86102E-06,0,0,-2.86102E-06,0,0,-2.86102E-06,0,0,-2.86102E-06,0],"rot":[0,0,0,1,0,0,0,1,0,0,0,1,0,0,0,1,0,0,0,1,0,0,0,1,0,0,0,1,0,0,0,1,0,0,0,1,0,0,0,1,0,0,0,1,0,0,0,1,0,0,0,1,0,0,0,1,0,0,0,1,0,0,0,1],"scl":[1,1,1,1,1,1,1,1,1,1,1,1,1,1,1,1,1,1,1,1,1,1,1,1,1,1,1,1,1,1,1,1,1,1,1,1,1,1,1,1,1,1,1,1,1,1,1,1]},
{"i":1,"pos":[3.02515,98.7961,-6.27637,3.02515,98.5191,-6.27637,3.02515,98.4021,-6.27637,3.02515,98.315,-6.27637,3.02515,98.2266,-6.27637,3.02515,98.2063,-6.27637,3.02515,98.2652,-6.27637,3.02515,98.3242,-6.27637,3.02515,98.3832,-6.27637,3.02515,98.4422,-6.27637,3.02515,98.5012,-6.27637,3.02515,98.5601,-6.27637,3.02515,98.6191,-6.27637,3.02515,98.6781,-6.27637,3.02515,98.7371,-6.27637,3.02515,98.7961,-6.27637],"rot":[0,0,0,1,0,0,0,1,0,0,0,1,0,0,0,1,0,0,0,1,0,0,0,1,0,0,0,1,0,0,0,1,0,0,0,1,0,0,0,1,0,0,0,1,0,0,0,1,0,0,0,1,0,0,0,1,0,0,0,1,0,0,0,1],"scl":[1,1,1,1,1,1,1,1,1,1,1,1,1,1,1,1,1,1,1,1,1,1,1,1,1,1,1,1,1,1,1,1,1,1,1,1,1,1,1,1,1,1,1,1,1,1,1,1]},
{"i":2,"pos":[0,0,0,0,0,0,0,0,0,0,0,0,0,0,0,0,0,0,0,0,0,0,0,0,0,0,0,0,0,0,0,0,0,0,0,0,0,0,0,0,0,0,0,0,0,0,0,0],"rot":[0.0786942,0.173549,0.013914,0.981577,0.0782728,0.159172,0.0140368,0.984043,0.0784046,0.152294,0.0141234,0.985119,0.0785251,0.145393,0.0142062,0.986151,0.0786329,0.1385,0.0142827,0.987133,0.0789146,0.131703,0.0139057,0.988045,0.0789152,0.1359,0.0139177,0.987476,0.0789108,0.140095,0.0139273,0.98689,0.0789014,0.144287,0.0139344,0.986287,0.078887,0.148476,0.013939,0.985666,0.0788675,0.152662,0.0139411,0.985028,0.0788429,0.156845,0.0139408,0.984372,0.0788134,0.161026,0.0139379,0.9837,0.0787787,0.165203,0.0139325,0.983009,0.078739,0.169378,0.0139245,0.982302,0.0786942,0.173549,0.013914,0.981577],"scl":[1,1,1,1,1,1,1,1,1,1,1,1,1,1,1,1,1,1,1,1,1,1,1,1,1,1,1,1,1,1,1,1,1,1,1,1,1,1,1,1,1,1,1,1,1,1,1,1]},
{"i":3,"pos":[0,15.0956,0,0,15.0956,0,0,15.0956,0,0,15.0956,0,0,15.0956,0,0,15.0956,0,0,15.0956,0,0,15.0956,0,0,15.0956,0,0,15.0956,0,0,15.0956,0,0,15.0956,0,0,15.0956,0,0,15.0956,0,0,15.0956,0,0,15.0956,0],"rot":[0.161349,-0.0134395,0.0738204,0.984041,0.172045,0.00742533,0.0702547,0.982553,0.173344,0.0107798,0.0677868,0.982467,0.174654,0.0141273,0.0653075,0.98236,0.175974,0.0174678,0.0628167,0.982233,0.177114,0.0166409,0.0597222,0.982236,0.175521,0.0136546,0.0611832,0.982478,0.173932,0.0106633,0.062633,0.982706,0.172347,0.007667,0.0640714,0.98292,0.170765,0.00466587,0.0654985,0.983121,0.169186,0.00165993,0.0669142,0.983309,0.167611,-0.00135074,0.0683185,0.983482,0.16604,-0.00436609,0.0697113,0.983642,0.164473,-0.00738604,0.0710926,0.983789,0.162909,-0.0104105,0.0724623,0.983922,0.161349,-0.0134395,0.0738204,0.984041],"scl":[1,1,1,1,1,1,1,1,1,1,1,1,1,1,1,1,1,1,1,1,1,1,1,1,1,1,1,1,1,1,1,1,1,1,1,1,1,1,1,1,1,1,1,1,1,1,1,1]},
{"i":4,"pos":[-8.88342,11.2331,-3.04084E-06,-8.88342,11.2331,-3.04084E-06,-8.88342,11.2331,-3.04084E-06,-8.88342,11.2331,-3.04084E-06,-8.88342,11.2331,-3.04084E-06,-8.88342,11.2331,-3.04084E-06,-8.88342,11.2331,-3.04084E-06,-8.88342,11.2331,-3.04084E-06,-8.88342,11.2331,-3.04084E-06,-8.88342,11.2331,-3.04084E-06,-8.88342,11.2331,-3.04084E-06,-8.88342,11.2331,-3.04084E-06,-8.88342,11.2331,-3.04084E-06,-8.88342,11.2331,-3.04084E-06,-8.88342,11.2331,-3.04084E-06,-8.88342,11.2331,-3.04084E-06],"rot":[-0.12052,-0.123849,0.150824,0.973339,-0.120534,-0.123899,0.150857,0.973326,-0.120548,-0.123951,0.15089,0.973312,-0.120563,-0.124004,0.150925,0.973298,-0.120578,-0.12406,0.150962,0.973284,-0.120595,-0.124122,0.151003,0.973267,-0.120587,-0.124095,0.150985,0.973274,-0.12058,-0.124068,0.150967,0.973281,-0.120572,-0.12404,0.150949,0.973289,-0.120565,-0.124013,0.150931,0.973296,-0.120558,-0.123986,0.150913,0.973303,-0.12055,-0.123959,0.150896,0.97331,-0.120543,-0.123931,0.150878,0.973317,-0.120535,-0.123904,0.15086,0.973324,-0.120528,-0.123877,0.150842,0.973332,-0.12052,-0.123849,0.150824,0.973339],"scl":[1,1,1,1,1,1,1,1,1,1,1,1,1,1,1,1,1,1,1,1,1,1,1,1,1,1,1,1,1,1,1,1,1,1,1,1,1,1,1,1,1,1,1,1,1,1,1,1]},
{"i":5,"pos":[-11.1362,4.33856E-05,-4.75834E-08,-11.1362,4.33856E-05,-4.75834E-08,-11.1362,4.33856E-05,-4.75834E-08,-11.1362,4.33856E-05,-4.75834E-08,-11.1362,4.33856E-05,-4.75834E-08,-11.1362,4.33856E-05,-4.75834E-08,-11.1362,4.33856E-05,-4.75834E-08,-11.1362,4.33856E-05,-4.75834E-08,-11.1362,4.33856E-05,-4.75834E-08,-11.1362,4.33856E-05,-4.75834E-08,-11.1362,4.33856E-05,-4.75834E-08,-11.1362,4.33856E-05,-4.75834E-08,-11.1362,4.33856E-05,-4.75834E-08,-11.1362,4.33856E-05,-4.75834E-08,-11.1362,4.33856E-05,-4.75834E-08,-11.1362,4.33856E-05,-4.75834E-08],"rot":[-0.422962,0.579126,0.377025,0.586147,-0.380257,0.491102,0.431077,0.654519,-0.370681,0.456706,0.476844,0.653173,-0.405206,0.518579,0.449177,0.604255,-0.41344,0.55355,0.406801,0.597631,-0.414065,0.558763,0.40797,0.591519,-0.409896,0.563312,0.410065,0.588652,-0.407227,0.568291,0.41063,0.585316,-0.406087,0.573262,0.409636,0.581947,-0.406397,0.577798,0.407163,0.578972,-0.407972,0.581508,0.403396,0.576782,-0.410537,0.58406,0.398612,0.57571,-0.413738,0.585202,0.393162,0.576006,-0.417169,0.584775,0.387454,0.577829,-0.420392,0.58273,0.381927,0.58123,-0.422962,0.579126,0.377025,0.586147],"scl":[1,1,1,1,1,1,1,1,1,1,1,1,1,1,1,1,1,1,1,1,1,1,1,1,1,1,1,1,1,1,1,1,1,1,1,1,1,1,1,1,1,1,1,1,1,1,1,1]},
{"i":6,"pos":[-24.7866,1.29239E-05,2.49705E-06,-24.7866,1.29239E-05,2.49705E-06,-24.7866,1.29239E-05,2.49705E-06,-24.7866,1.29239E-05,2.49705E-06,-24.7866,1.29239E-05,2.49705E-06,-24.7866,1.29239E-05,2.49705E-06,-24.7866,1.29239E-05,2.49705E-06,-24.7866,1.29239E-05,2.49705E-06,-24.7866,1.29239E-05,2.49705E-06,-24.7866,1.29239E-05,2.49705E-06,-24.7866,1.29239E-05,2.49705E-06,-24.7866,1.29239E-05,2.49705E-06,-24.7866,1.29239E-05,2.49705E-06,-24.7866,1.29239E-05,2.49705E-06,-24.7866,1.29239E-05,2.49705E-06,-24.7866,1.29239E-05,2.49705E-06],"rot":[0,0.159051,0,0.98727,0,0.364142,0,0.931343,0,0.547962,0,0.836503,0,0.542154,0,0.840279,0,0.526211,0,0.850354,0,0.516079,0,0.856541,0,0.482943,0,0.875652,0,0.449101,0,0.893481,0,0.414602,0,0.910003,0,0.379496,0,0.925193,0,0.343835,0,0.93903,0,0.307671,0,0.951493,0,0.271056,0,0.962563,0,0.234045,0,0.972226,0,0.196692,0,0.980465,0,0.159051,0,0.98727],"scl":[1,1,1,1,1,1,1,1,1,1,1,1,1,1,1,1,1,1,1,1,1,1,1,1,1,1,1,1,1,1,1,1,1,1,1,1,1,1,1,1,1,1,1,1,1,1,1,1]},
{"i":7,"pos":[-24.7866,-3.47629E-05,-1.47971E-06,-24.7866,-3.47629E-05,-1.47971E-06,-24.7866,-3.47629E-05,-1.47971E-06,-24.7866,-3.47629E-05,-1.47971E-06,-24.7866,-3.47629E-05,-1.47971E-06,-24.7866,-3.47629E-05,-1.47971E-06,-24.7866,-3.47629E-05,-1.47971E-06,-24.7866,-3.47629E-05,-1.47971E-06,-24.7866,-3.47629E-05,-1.47971E-06,-24.7866,-3.47629E-05,-1.47971E-06,-24.7866,-3.47629E-05,-1.47971E-06,-24.7866,-3.47629E-05,-1.47971E-06,-24.7866,-3.47629E-05,-1.47971E-06,-24.7866,-3.47629E-05,-1.47971E-06,-24.7866,-3.47629E-05,-1.47971E-06,-24.7866,-3.47629E-05,-1.47971E-06],"rot":[0.000442968,-0.0161081,0.013292,0.999782,0.00293424,0.0555126,0.0174392,0.998301,0.0275126,0.0316756,0.038688,0.99837,0.0297986,0.00571113,0.0378153,0.998824,0.00117805,-0.0216177,0.0178038,0.999607,0.00127734,-0.0213414,0.0176839,0.999615,0.00119185,-0.0208184,0.0172445,0.999634,0.00110681,-0.0202954,0.0168051,0.999652,0.00102223,-0.0197722,0.0163658,0.99967,0.000938108,-0.019249,0.0159265,0.999687,0.000854442,-0.0187257,0.0154873,0.999704,0.000771233,-0.0182023,0.0150481,0.999721,0.000688481,-0.0176789,0.014609,0.999737,0.000606186,-0.0171554,0.0141699,0.999752,0.000524348,-0.0166318,0.0137309,0.999767,0.000442968,-0.0161081,0.013292,0.999782],"scl":[1,1,1,1,1,1,1,1,1,1,1,1,1,1,1,1,1,1,1,1,1,1,1,1,1,1,1,1,1,1,1,1,1,1,1,1,1,1,1,1,1,1,1,1,1,1,1,1]},
{"i":8,