{
"name":"pl0104mot_g3s12_m0",
"frameCount":16,"fps":60,"rotFormat":"quat_xyzw",
"bones":[
{"i":0,"pos":[0,-2.86102E-06,0,0,-2.86102E-06,0,0,-2.86102E-06,0,0,-2.86102E-06,0,0,-2.86102E-06,0,0,-2.86102E-06,0,0,-2.86102E-06,0,0,-2.86102E-06,0,0,-2.86102E-06,0,0,-2.86102E-06,0,0,-2.86102E-06,0,0,-2.86102E-06,0,0,-2.86102E-06,0,0,-2.86102E-06,0,0,-2.86102E-06,0,0,-2.86102E-06,0],"rot":[0,0,0,1,0,0,0,1,0,0,0,1,0,0,0,1,0,0,0,1,0,0,0,1,0,0,0,1,0,0,0,1,0,0,0,1,0,0,0,1,0,0,0,1,0,0,0,1,0,0,0,1,0,0,0,1,0,0,0,1,0,0,0,1],"scl":[1,1,1,1,1,1,1,1,1,1,1,1,1,1,1,1,1,1,1,1,1,1,1,1,1,1,1,1,1,1,1,1,1,1,1,1,1,1,1,1,1,1,1,1,1,1,1,1]},
{"i":1,"pos":[3.02515,98.7961,-6.27637,3.02515,98.5191,-6.27637,3.02515,98.4021,-6.27637,3.02515,98.315,-6.27637,3.02515,98.2266,-6.27637,3.02515,98.2063,-6.27637,3.02515,98.2652,-6.27637,3.02515,98.3242,-6.27637,3.02515,98.3832,-6.27637,3.02515,98.4422,-6.27637,3.02515,98.5012,-6.27637,3.02515,98.5601,-6.27637,3.02515,98.6191,-6.27637,3.02515,98.6781,-6.27637,3.02515,98.7371,-6.27637,3.02515,98.7961,-6.27637],"rot":[0,0,0,1,0,0,0,1,0,0,0,1,0,0,0,1,0,0,0,1,0,0,0,1,0,0,0,1,0,0,0,1,0,0,0,1,0,0,0,1,0,0,0,1,0,0,0,1,0,0,0,1,0,0,0,1,0,0,0,1,0,0,0,1],"scl":[1,1,1,1,1,1,1,1,1,1,1,1,1,1,1,1,1,1,1,1,1,1,1,1,1,1,1,1,1,1,1,1,1,1,1,1,1,1,1,1,1,1,1,1,1,1,1,1]},
{"i":2,"pos":[0,0,0,0,0,0,0,0,0,0,0,0,0,0,0,0,0,0,0,0,0,0,0,0,0,0,0,0,0,0,0,0,0,0,0,0,0,0,0,0,0,0,0,0,0,0,0,0],"rot":[0.193427,0.344032,0.20462,0.895745,0.190043,0.344999,0.207042,0.895541,0.188925,0.342432,0.208296,0.896471,0.1878,0.339858,0.209538,0.897397,0.186669,0.337277,0.210767,0.898318,0.185532,0.33469,0.211983,0.899235,0.186325,0.335631,0.211256,0.898891,0.187116,0.33657,0.210527,0.898547,0.187907,0.337508,0.209796,0.898201,0.188698,0.338445,0.209062,0.897854,0.189487,0.33938,0.208327,0.897505,0.190276,0.340313,0.20759,0.897156,0.191065,0.341245,0.20685,0.896805,0.191853,0.342175,0.206109,0.896453,0.19264,0.343104,0.205365,0.8961,0.193427,0.344032,0.20462,0.895745],"scl":[1,1,1,1,1,1,1,1,1,1,1,1,1,1,1,1,1,1,1,1,1,1,1,1,1,1,1,1,1,1,1,1,1,1,1,1,1,1,1,1,1,1,1,1,1,1,1,1]},
{"i":3,"pos":[0,15.0956,0,0,15.0956,0,0,15.0956,0,0,15.0956,0,0,15.0956,0,0,15.0956,0,0,15.0956,0,0,15.0956,0,0,15.0956,0,0,15.0956,0,0,15.0956,0,0,15.0956,0,0,15.0956,0,0,15.0956,0,0,15.0956,0,0,15.0956,0],"rot":[0.00881664,0.140868,0.00663899,0.989967,0.00857769,0.14415,0.00664561,0.989496,0.00856638,0.142764,0.0065987,0.989698,0.00855484,0.141378,0.00655165,0.989897,0.00854309,0.139991,0.00650447,0.990094,0.00853112,0.138605,0.00645714,0.99029,0.00855974,0.138831,0.00647541,0.990258,0.00858834,0.139057,0.00649365,0.990226,0.00861693,0.139284,0.00651188,0.990194,0.0086455,0.13951,0.00653009,0.990161,0.00867406,0.139736,0.00654829,0.990129,0.0087026,0.139963,0.00656646,0.990097,0.00873113,0.140189,0.00658462,0.990064,0.00875965,0.140415,0.00660276,0.990032,0.00878815,0.140642,0.00662088,0.989999,0.00881664,0.140868,0.00663899,0.989967],"scl":[1,1,1,1,1,1,1,1,1,1,1,1,1,1,1,1,1,1,1,1,1,1,1,1,1,1,1,1,1,1,1,1,1,1,1,1,1,1,1,1,1,1,1,1,1,1,1,1]},
{"i":4,"pos":[-8.88342,11.2331,-3.04084E-06,-8.88342,11.2331,-3.04084E-06,-8.88342,11.2331,-3.04084E-06,-8.88342,11.2331,-3.04084E-06,-8.88342,11.2331,-3.04084E-06,-8.88342,11.2331,-3.04084E-06,-8.88342,11.2331,-3.04084E-06,-8.88342,11.2331,-3.04084E-06,-8.88342,11.2331,-3.04084E-06,-8.88342,11.2331,-3.04084E-06,-8.88342,11.2331,-3.04084E-06,-8.88342,11.2331,-3.04084E-06,-8.88342,11.2331,-3.04084E-06,-8.88342,11.2331,-3.04084E-06,-8.88342,11.2331,-3.04084E-06,-8.88342,11.2331,-3.04084E-06],"rot":[0.0190838,0.113502,0.228787,0.966649,0.0188459,0.110579,0.229069,0.966925,0.0189117,0.111263,0.229325,0.966785,0.0189769,0.111947,0.22958,0.966644,0.0190417,0.112631,0.229835,0.966503,0.019106,0.113315,0.230089,0.966361,0.0191037,0.113333,0.229959,0.96639,0.0191015,0.113352,0.229829,0.966419,0.0190993,0.113371,0.229699,0.966448,0.0190971,0.11339,0.229568,0.966476,0.0190948,0.113408,0.229438,0.966505,0.0190926,0.113427,0.229308,0.966534,0.0190904,0.113446,0.229177,0.966563,0.0190882,0.113465,0.229047,0.966591,0.019086,0.113483,0.228917,0.96662,0.0190838,0.113502,0.228787,0.966649],"scl":[1,1,1,1,1,1,1,1,1,1,1,1,1,1,1,1,1,1,1,1,1,1,1,1,1,1,1,1,1,1,1,1,1,1,1,1,1,1,1,1,1,1,1,1,1,1,1,1]},
{"i":5,"pos":[-11.1362,4.33856E-05,-4.75834E-08,-11.1362,4.33856E-05,-4.75834E-08,-11.1362,4.33856E-05,-4.75834E-08,-11.1362,4.33856E-05,-4.75834E-08,-11.1362,4.33856E-05,-4.75834E-08,-11.1362,4.33856E-05,-4.75834E-08,-11.1362,4.33856E-05,-4.75834E-08,-11.1362,4.33856E-05,-4.75834E-08,-11.1362,4.33856E-05,-4.75834E-08,-11.1362,4.33856E-05,-4.75834E-08,-11.1362,4.33856E-05,-4.75834E-08,-11.1362,4.33856E-05,-4.75834E-08,-11.1362,4.33856E-05,-4.75834E-08,-11.1362,4.33856E-05,-4.75834E-08,-11.1362,4.33856E-05,-4.75834E-08,-11.1362,4.33856E-05,-4.75834E-08],"rot":[0.0781155,0.402775,0.41287,0.813147,0.0882484,0.405455,0.402712,0.815868,0.0873215,0.403616,0.410569,0.812959,0.0864282,0.401784,0.418401,0.809963,0.0855683,0.399958,0.426206,0.806883,0.0847417,0.398139,0.433984,0.803718,0.0840676,0.398579,0.431879,0.804703,0.083396,0.399025,0.429773,0.80568,0.0827268,0.399475,0.427665,0.806646,0.0820603,0.399931,0.425556,0.807603,0.0813962,0.400392,0.423445,0.808551,0.0807348,0.400859,0.421333,0.809489,0.0800759,0.40133,0.419219,0.810418,0.0794198,0.401807,0.417104,0.811337,0.0787663,0.402288,0.414987,0.812247,0.0781155,0.402775,0.41287,0.813147],"scl":[1,1,1,1,1,1,1,1,1,1,1,1,1,1,1,1,1,1,1,1,1,1,1,1,1,1,1,1,1,1,1,1,1,1,1,1,1,1,1,1,1,1,1,1,1,1,1,1]},
{"i":6,"pos":[-24.7866,1.29239E-05,2.49705E-06,-24.7866,1.29239E-05,2.49705E-06,-24.7866,1.29239E-05,2.49705E-06,-24.7866,1.29239E-05,2.49705E-06,-24.7866,1.29239E-05,2.49705E-06,-24.7866,1.29239E-05,2.49705E-06,-24.7866,1.29239E-05,2.49705E-06,-24.7866,1.29239E-05,2.49705E-06,-24.7866,1.29239E-05,2.49705E-06,-24.7866,1.29239E-05,2.49705E-06,-24.7866,1.29239E-05,2.49705E-06,-24.7866,1.29239E-05,2.49705E-06,-24.7866,1.29239E-05,2.49705E-06,-24.7866,1.29239E-05,2.49705E-06,-24.7866,1.29239E-05,2.49705E-06,-24.7866,1.29239E-05,2.49705E-06],"rot":[0,0.474275,0,0.880377,0,0.477228,0,0.87878,0,0.492269,0,0.870443,0,0.507164,0,0.86185,0,0.521909,0,0.853001,0,0.5365,0,0.8439,0,0.530398,0,0.847749,0,0.524268,0,0.851553,0,0.518111,0,0.855313,0,0.511927,0,0.859029,0,0.505717,0,0.8627,0,0.49948,0,0.866326,0,0.493217,0,0.869906,0,0.486928,0,0.873442,0,0.480614,0,0.876932,0,0.474275,0,0.880377],"scl":[1,1,1,1,1,1,1,1,1,1,1,1,1,1,1,1,1,1,1,1,1,1,1,1,1,1,1,1,1,1,1,1,1,1,1,1,1,1,1,1,1,1,1,1,1,1,1,1]},
{"i":7,"pos":[-24.7866,-3.47629E-05,-1.47971E-06,-24.7866,-3.47629E-05,-1.47971E-06,-24.7866,-3.47629E-05,-1.47971E-06,-24.7866,-3.47629E-05,-1.47971E-06,-24.7866,-3.47629E-05,-1.47971E-06,-24.7866,-3.47629E-05,-1.47971E-06,-24.7866,-3.47629E-05,-1.47971E-06,-24.7866,-3.47629E-05,-1.47971E-06,-24.7866,-3.47629E-05,-1.47971E-06,-24.7866,-3.47629E-05,-1.47971E-06,-24.7866,-3.47629E-05,-1.47971E-06,-24.7866,-3.47629E-05,-1.47971E-06,-24.7866,-3.47629E-05,-1.47971E-06,-24.7866,-3.47629E-05,-1.47971E-06,-24.7866,-3.47629E-05,-1.47971E-06,-24.7866,-3.47629E-05,-1.47971E-06],"rot":[0.0913678,-0.144662,-0.0623264,0.98328,0.0844721,-0.0946373,-0.0662203,0.989709,0.0933094,-0.0659793,-0.0538935,0.991986,0.101257,-0.0370655,-0.0417938,0.993291,0.108296,-0.00794105,-0.0299574,0.993635,0.114407,0.0213483,-0.01842,0.993034,0.113135,0.00461321,-0.0227226,0.993309,0.11163,-0.0121097,-0.0270567,0.993308,0.109894,-0.0288138,-0.0314178,0.993029,0.107927,-0.0454923,-0.0358014,0.992472,0.10573,-0.0621389,-0.0402032,0.991637,0.103306,-0.0787468,-0.0446185,0.990523,0.100656,-0.0953095,-0.049043,0.98913,0.097782,-0.111821,-0.0534722,0.987459,0.0946852,-0.128274,-0.0579015,0.985509,0.0913678,-0.144662,-0.0623264,0.98328],"scl":[1,1,1,1,1,1,1,1,1,1,1,1,1,1,1,1,1,1,1,1,1,1,1,1,1,1,1,1,1,1,1,1,1,1,1,1,1,1,1,1,1,1,1,1,1,1,1,1]},
{"i":8,