{
"name":"pl030dmot_g0s9_m0",
"frameCount":16,"fps":60,"rotFormat":"quat_xyzw",
"bones":[
{"i":0,"pos":[0,0,0,0,0,0,0,0,0,0,0,0,0,0,0,0,0,0,0,0,0,0,0,0,0,0,0,0,0,0,0,0,0,0,0,0,0,0,0,0,0,0,0,0,0,0,0,0],"rot":[0,0,0,1,0,0,0,1,0,0,0,1,0,0,0,1,0,0,0,1,0,0,0,1,0,0,0,1,0,0,0,1,0,0,0,1,0,0,0,1,0,0,0,1,0,0,0,1,0,0,0,1,0,0,0,1,0,0,0,1,0,0,0,1],"scl":[1,1,1,1,1,1,1,1,1,1,1,1,1,1,1,1,1,1,1,1,1,1,1,1,1,1,1,1,1,1,1,1,1,1,1,1,1,1,1,1,1,1,1,1,1,1,1,1]},
{"i":1,"pos":[0.31311,80.3574,3.80176,0.31517,67.6326,4.46369,0.275482,58.4172,5.05916,0.185852,53.4454,5.57274,0.0380859,53.4512,5.98901,-0.145527,54.9359,6.42872,-0.356726,57.6424,6.88201,-0.587206,61.313,7.33901,-0.828667,65.6904,7.78983,-1.0728,70.517,8.22461,-1.31132,75.5354,8.63345,-1.5359,80.4881,9.0065,-1.73826,85.1176,9.33387,-1.91008,89.1664,9.60567,-2.04306,92.3771,9.81205,-2.12891,94.4922,9.94312],"rot":[0,0,0,1,0,0,0,1,0,0,0,1,0,0,0,1,0,0,0,1,0,0,0,1,0,0,0,1,0,0,0,1,0,0,0,1,0,0,0,1,0,0,0,1,0,0,0,1,0,0,0,1,0,0,0,1,0,0,0,1,0,0,0,1],"scl":[1,1,1,1,1,1,1,1,1,1,1,1,1,1,1,1,1,1,1,1,1,1,1,1,1,1,1,1,1,1,1,1,1,1,1,1,1,1,1,1,1,1,1,1,1,1,1,1]},
{"i":2,"pos":[0,0,0,0,0,0,0,0,0,0,0,0,0,0,0,0,0,0,0,0,0,0,0,0,0,0,0,0,0,0,0,0,0,0,0,0,0,0,0,0,0,0,0,0,0,0,0,0],"rot":[0.0892231,-0.162247,0.028462,0.982296,0.126025,-0.187709,0.0268292,0.973737,0.151381,-0.208268,0.0272587,0.965901,0.16367,-0.222397,0.0284259,0.9607,0.161173,-0.228747,0.0292675,0.959605,0.154258,-0.23207,0.0297063,0.95993,0.143719,-0.232839,0.0298141,0.961375,0.130316,-0.23151,0.0297149,0.963607,0.114802,-0.228533,0.0295508,0.966292,0.0979425,-0.224353,0.0294496,0.969126,0.0805297,-0.219408,0.0295022,0.971856,0.0633856,-0.214128,0.0297489,0.974293,0.0473636,-0.20893,0.0301745,0.976317,0.033342,-0.204217,0.0307113,0.977875,0.0222166,-0.200381,0.0312516,0.978967,0.0148903,-0.197803,0.0316658,0.979617],"scl":[1,1,1,1,1,1,1,1,1,1,1,1,1,1,1,1,1,1,1,1,1,1,1,1,1,1,1,1,1,1,1,1,1,1,1,1,1,1,1,1,1,1,1,1,1,1,1,1]},
{"i":3,"pos":[0,8.44126,0,0,8.44126,0,0,8.44126,0,0,8.44126,0,0,8.44126,0,0,8.44126,0,0,8.44126,0,0,8.44126,0,0,8.44126,0,0,8.44126,0,0,8.44126,0,0,8.44126,0,0,8.44126,0,0,8.44126,0,0,8.44126,0,0,8.44126,0],"rot":[0.0303717,-0.0858429,-0.0145931,0.995739,0.136201,-0.0254993,-0.0195615,0.99016,0.232305,0.0269652,-0.035159,0.971633,0.300531,0.0662714,-0.0535671,0.949958,0.325399,0.0900401,-0.0642457,0.939085,0.314313,0.0939796,-0.0618496,0.942629,0.286415,0.0854493,-0.0523635,0.95285,0.244585,0.0658973,-0.0385455,0.966618,0.191805,0.0368422,-0.0236026,0.980457,0.131468,0.000273841,-0.0105854,0.991264,0.0674325,-0.0411928,-0.00184871,0.996871,0.00383032,-0.0844253,0.00136776,0.996422,-0.0552644,-0.12607,-0.000840242,0.99048,-0.106159,-0.162901,-0.00707879,0.980889,-0.145719,-0.192078,-0.0149529,0.970386,-0.171296,-0.21119,-0.0215779,0.962076],"scl":[1,1,1,1,1,1,1,1,1,1,1,1,1,1,1,1,1,1,1,1,1,1,1,1,1,1,1,1,1,1,1,1,1,1,1,1,1,1,1,1,1,1,1,1,1,1,1,1]},
{"i":4,"pos":[-6.30787,12.718,6.43406E-08,-6.30787,12.718,6.43406E-08,-6.30787,12.718,6.43406E-08,-6.30787,12.718,6.43406E-08,-6.30787,12.718,6.43406E-08,-6.30787,12.718,6.43406E-08,-6.30787,12.718,6.43406E-08,-6.30787,12.718,6.43406E-08,-6.30787,12.718,6.43406E-08,-6.30787,12.718,6.43406E-08,-6.30787,12.718,6.43406E-08,-6.30787,12.718,6.43406E-08,-6.30787,12.718,6.43406E-08,-6.30787,12.718,6.43406E-08,-6.30787,12.718,6.43406E-08,-6.30787,12.718,6.43406E-08],"rot":[0.109519,0.152483,-0.108413,0.976218,0.0898163,0.152167,-0.113368,0.977715,0.0692885,0.150827,-0.116858,0.979181,0.0496781,0.14743,-0.117043,0.980866,0.0327903,0.140773,-0.112083,0.98313,0.0206157,0.12962,-0.100031,0.98629,0.0128101,0.11312,-0.082428,0.990073,0.00756472,0.0907039,-0.0626671,0.993875,0.00496485,0.061667,-0.0413893,0.997226,0.0051948,0.0290251,-0.0192574,0.99938,0.00808669,-0.00520658,0.00297057,0.999949,0.0131768,-0.0390398,0.0244396,0.998852,0.0197211,-0.0705567,0.0442163,0.996332,0.0267489,-0.0979443,0.0613202,0.992941,0.0331451,-0.1195,0.0747555,0.989461,0.0377542,-0.133604,0.0835322,0.986786],"scl":[1,1,1,1,1,1,1,1,1,1,1,1,1,1,1,1,1,1,1,1,1,1,1,1,1,1,1,1,1,1,1,1,1,1,1,1,1,1,1,1,1,1,1,1,1,1,1,1]},
{"i":5,"pos":[-6.73048,1.87418E-05,-1.19758E-06,-6.73048,1.87418E-05,-1.19758E-06,-6.73048,1.87418E-05,-1.19758E-06,-6.73048,1.87418E-05,-1.19758E-06,-6.73048,1.87418E-05,-1.19758E-06,-6.73048,1.87418E-05,-1.19758E-06,-6.73048,1.87418E-05,-1.19758E-06,-6.73048,1.87418E-05,-1.19758E-06,-6.73048,1.87418E-05,-1.19758E-06,-6.73048,1.87418E-05,-1.19758E-06,-6.73048,1.87418E-05,-1.19758E-06,-6.73048,1.87418E-05,-1.19758E-06,-6.73048,1.87418E-05,-1.19758E-06,-6.73048,1.87418E-05,-1.19758E-06,-6.73048,1.87418E-05,-1.19758E-06,-6.73048,1.87418E-05,-1.19758E-06],"rot":[-0.430893,0.137552,0.426617,0.783204,-0.465115,0.153237,0.383762,0.782888,-0.496281,0.162913,0.339606,0.782197,-0.519734,0.164377,0.298932,0.78326,-0.529952,0.153091,0.267049,0.790189,-0.518642,0.123594,0.25175,0.807686,-0.486123,0.0702505,0.248937,0.834733,-0.431051,-0.00804737,0.246734,0.867901,-0.34593,-0.0925178,0.241146,0.90201,-0.233391,-0.168337,0.225799,0.930702,-0.107063,-0.210049,0.213809,0.947999,-0.00277435,-0.215883,0.219335,0.951461,0.0607054,-0.199149,0.241285,0.947859,0.0934663,-0.167437,0.270464,0.94344,0.104019,-0.131896,0.296782,0.940055,0.103294,-0.103462,0.31481,0.937827],"scl":[1,1,1,1,1,1,1,1,1,1,1,1,1,1,1,1,1,1,1,1,1,1,1,1,1,1,1,1,1,1,1,1,1,1,1,1,1,1,1,1,1,1,1,1,1,1,1,1]},
{"i":6,"pos":[-23.1341,1.68615E-06,2.10824E-06,-23.1341,1.68615E-06,2.10824E-06,-23.1341,1.68615E-06,2.10824E-06,-23.1341,1.68615E-06,2.10824E-06,-23.1341,1.68615E-06,2.10824E-06,-23.1341,1.68615E-06,2.10824E-06,-23.1341,1.68615E-06,2.10824E-06,-23.1341,1.68615E-06,2.10824E-06,-23.1341,1.68615E-06,2.10824E-06,-23.1341,1.68615E-06,2.10824E-06,-23.1341,1.68615E-06,2.10824E-06,-23.1341,1.68615E-06,2.10824E-06,-23.1341,1.68615E-06,2.10824E-06,-23.1341,1.68615E-06,2.10824E-06,-23.1341,1.68615E-06,2.10824E-06,-23.1341,1.68615E-06,2.10824E-06],"rot":[-0,0.81376,-0,0.581201,-5.49208E-08,0.809899,9.34433E-08,0.586569,1.9579E-07,0.801762,-3.22803E-07,0.597644,5.90215E-07,0.792854,-9.30631E-07,0.609411,9.31429E-07,0.786933,-1.441E-06,0.617038,9.86987E-07,0.788227,-1.59619E-06,0.615384,5.49524E-07,0.79817,-1.11775E-06,0.602433,-4.9157E-07,0.811109,3.54474E-07,0.584896,8.05058E-07,0.818301,-1.14612E-06,0.57479,7.76768E-08,0.810659,2.76157E-07,0.585518,-5.09907E-07,0.787565,1.21924E-06,0.616232,-0,0.746961,-0,0.664868,-1.11365E-06,0.685648,-9.76013E-07,0.727933,-8.84237E-07,0.609927,-9.94581E-07,0.792458,0,0.529292,0,0.848439,0,0.461464,0,0.887159],"scl":[1,1,1,1,1,1,1,1,1,1,1,1,1,1,1,1,1,1,1,1,1,1,1,1,1,1,1,1,1,1,1,1,1,1,1,1,1,1,1,1,1,1,1,1,1,1,1,1]},
{"i":7,"pos":[-23.1341,-1.88962E-05,-1.41725E-06,-23.1341,-1.88962E-05,-1.41725E-06,-23.1341,-1.88962E-05,-1.41725E-06,-23.1341,-1.88962E-05,-1.41725E-06,-23.1341,-1.88962E-05,-1.41725E-06,-23.1341,-1.88962E-05,-1.41725E-06,-23.1341,-1.88962E-05,-1.41725E-06,-23.1341,-1.88962E-05,-1.41725E-06,-23.1341,-1.88962E-05,-1.41725E-06,-23.1341,-1.88962E-05,-1.41725E-06,-23.1341,-1.88962E-05,-1.41725E-06,-23.1341,-1.88962E-05,-1.41725E-06,-23.1341,-1.88962E-05,-1.41725E-06,-23.1341,-1.88962E-05,-1.41725E-06,-23.1341,-1.88962E-05,-1.41725E-06,-23.1341,-1.88962E-05,-1.41725E-06],"rot":[-0.396212,0.0562645,-0.0904589,0.911958,-0.401232,0.0741879,-0.128163,0.903926,-0.406473,0.0898047,-0.162778,0.894549,-0.411435,0.100792,-0.191565,0.885361,-0.415788,0.104629,-0.211991,0.878199,-0.419063,0.0986735,-0.221566,0.874962,-0.409479,0.0776233,-0.218521,0.882355,-0.377292,0.0420478,-0.207297,0.901616,-0.324743,-0.0027444,-0.186086,0.927311,-0.254682,-0.0508453,-0.153781,0.953364,-0.17146,-0.0963827,-0.111007,0.974161,-0.0811719,-0.134504,-0.0605398,0.985725,0.00876946,-0.162313,-0.00701963,0.986675,0.0905017,-0.179378,0.0438593,0.978626,0.156595,-0.187572,0.0862894,0.965841,0.200512,-0.190201,0.115016,0.954144],"scl":[1,1,1,1,1,1,1,1,1,1,1,1,1,1,1,1,1,1,1,1,1,1,1,1,1,1,1,1,1,1,1,1,1,1,1,1,1,1,1,1,1,1,1,1,1,1,1,1]},
{"i":8,