{
"name":"pl010amot_g3s7_m0",
"frameCount":12,"fps":60,"rotFormat":"quat_xyzw",
"bones":[
{"i":0,"pos":[-2.64677E-13,-3.8147E-06,-4.81013E-14,-2.64677E-13,-3.8147E-06,-4.81013E-14,-2.64677E-13,-3.8147E-06,-4.81013E-14,-2.64677E-13,-3.8147E-06,-4.81013E-14,-2.64677E-13,-3.8147E-06,-4.81013E-14,-2.64677E-13,-3.8147E-06,-4.81013E-14,-2.64677E-13,-3.8147E-06,-4.81013E-14,-2.64677E-13,-3.8147E-06,-4.81013E-14,-2.64677E-13,-3.8147E-06,-4.81013E-14,-2.64677E-13,-3.8147E-06,-4.81013E-14,-2.64677E-13,-3.8147E-06,-4.81013E-14,-2.64677E-13,-3.8147E-06,-4.81013E-14],"rot":[0,0,0,1,0,0,0,1,0,0,0,1,0,0,0,1,0,0,0,1,0,0,0,1,0,0,0,1,0,0,0,1,0,0,0,1,0,0,0,1,0,0,0,1,0,0,0,1],"scl":[1,1,1,1,1,1,1,1,1,1,1,1,1,1,1,1,1,1,1,1,1,1,1,1,1,1,1,1,1,1,1,1,1,1,1,1]},
{"i":1,"pos":[0,109.797,0,0,109.797,0,0,109.797,0,0,109.797,0,0,109.797,0,0,109.797,0,0,109.797,0,0,109.797,0,0,109.797,0,0,109.797,0,0,109.797,0,0,109.797,0],"rot":[0,0,0,1,0,0,0,1,0,0,0,1,0,0,0,1,0,0,0,1,0,0,0,1,0,0,0,1,0,0,0,1,0,0,0,1,0,0,0,1,0,0,0,1,0,0,0,1],"scl":[1,1,1,1,1,1,1,1,1,1,1,1,1,1,1,1,1,1,1,1,1,1,1,1,1,1,1,1,1,1,1,1,1,1,1,1]},
{"i":2,"pos":[0,0,0,0,0,0,0,0,0,0,0,0,0,0,0,0,0,0,0,0,0,0,0,0,0,0,0,0,0,0,0,0,0,0,0,0],"rot":[0.218071,0.00483348,-0.00551771,0.975905,0.217942,0.00322279,-0.00367812,0.97595,0.217816,0.00161163,-0.00183887,0.975987,0.217695,0,0,0.976017,0.217486,-8.57783E-05,3.59917E-05,0.976063,0.217278,-0.000171572,7.19468E-05,0.97611,0.185707,-0.0254768,0.00680802,0.982251,0.15396,-0.0511726,0.0119001,0.986679,0.122137,-0.0771613,0.0153253,0.989391,0.0903365,-0.103344,0.0170665,0.990388,0.0586583,-0.129621,0.0171124,0.989679,0.0272006,-0.155892,0.0154575,0.987279],"scl":[1,1,1,1,1,1,1,1,1,1,1,1,1,1,1,1,1,1,1,1,1,1,1,1,1,1,1,1,1,1,1,1,1,1,1,1]},
{"i":3,"pos":[0,15.0956,0,0,15.0956,0,0,15.0956,0,0,15.0956,0,0,15.0956,0,0,15.0956,0,0,15.0956,0,0,15.0956,0,0,15.0956,0,0,15.0956,0,0,15.0956,0,0,15.0956,0],"rot":[0.000950546,0.0303902,-0.00072265,0.999537,0.00107429,0.0202614,-0.000817756,0.999794,0.00119591,0.0101306,-0.000910216,0.999948,0.00131537,-1.31537E-06,-0.000999999,0.999999,0.00152959,-0.00010824,-0.000933547,0.999998,0.00174382,-0.000215135,-0.000867049,0.999998,0.0014832,-0.0252517,-0.000706264,0.99968,0.00122812,-0.0502725,-0.000557282,0.998735,0.00097902,-0.0752619,-0.000420339,0.997163,0.00073636,-0.100204,-0.000295656,0.994967,0.000500577,-0.125084,-0.000183438,0.992146,0.000272103,-0.149885,-8.38741E-05,0.988703],"scl":[1,1,1,1,1,1,1,1,1,1,1,1,1,1,1,1,1,1,1,1,1,1,1,1,1,1,1,1,1,1,1,1,1,1,1,1]},
{"i":4,"pos":[-19,11.2331,-3.04084E-06,-19,11.2331,-3.04084E-06,-19,11.2331,-3.04084E-06,-19,11.2331,-3.04084E-06,-19,11.2331,-3.04084E-06,-19,11.2331,-3.04084E-06,-19,11.2331,-3.04084E-06,-19,11.2331,-3.04084E-06,-19,11.2331,-3.04084E-06,-19,11.2331,-3.04084E-06,-19,11.2331,-3.04084E-06,-19,11.2331,-3.04084E-06],"rot":[-0.0167043,-0.13573,0.0782272,0.987511,-0.0263448,-0.165301,0.0562536,0.984285,-0.0370311,-0.19435,0.0338664,0.979648,-0.0487193,-0.222818,0.011137,0.973578,-0.0491875,-0.177666,-0.0176017,0.982703,-0.0464919,-0.132394,-0.0474591,0.988968,-0.0177615,-0.0982839,-0.0318844,0.994489,0.0103751,-0.0633009,-0.0180281,0.997778,0.0377785,-0.0275712,-0.00597338,0.998888,0.0643144,0.00877248,0.00420469,0.997882,0.0898546,0.0455917,0.0124403,0.994833,0.114278,0.082743,0.0186771,0.989821],"scl":[1,1,1,1,1,1,1,1,1,1,1,1,1,1,1,1,1,1,1,1,1,1,1,1,1,1,1,1,1,1,1,1,1,1,1,1]},
{"i":5,"pos":[-6.81966,0,1.79821E-07,-6.81966,0,1.79821E-07,-6.81966,0,1.79821E-07,-6.81966,0,1.79821E-07,-6.81966,0,1.79821E-07,-6.81966,0,1.79821E-07,-6.81966,0,1.79821E-07,-6.81966,0,1.79821E-07,-6.81966,0,1.79821E-07,-6.81966,0,1.79821E-07,-6.81966,0,1.79821E-07,-6.81966,0,1.79821E-07],"rot":[0.407407,-0.121824,0.157304,0.89131,0.460614,-0.146088,0.185645,0.855587,0.510446,-0.16705,0.216967,0.815147,0.55644,-0.184426,0.250903,0.770331,0.505461,-0.209571,0.275024,0.790539,0.455147,-0.238656,0.295548,0.805318,0.294238,-0.209388,0.223017,0.905452,0.112822,-0.162248,0.169632,0.96549,-0.0782548,-0.10373,0.139548,0.981653,-0.267602,-0.0412585,0.134979,0.953136,-0.44409,0.0173708,0.155992,0.882128,-0.597625,0.0645864,0.200474,0.773616],"scl":[1,1,1,1,1,1,1,1,1,1,1,1,1,1,1,1,1,1,1,1,1,1,1,1,1,1,1,1,1,1,1,1,1,1,1,1]},
{"i":6,"pos":[-24.7866,1.52588E-05,5.3205E-08,-24.7866,1.52588E-05,5.3205E-08,-24.7866,1.52588E-05,5.3205E-08,-24.7866,1.52588E-05,5.3205E-08,-24.7866,1.52588E-05,5.3205E-08,-24.7866,1.52588E-05,5.3205E-08,-24.7866,1.52588E-05,5.3205E-08,-24.7866,1.52588E-05,5.3205E-08,-24.7866,1.52588E-05,5.3205E-08,-24.7866,1.52588E-05,5.3205E-08,-24.7866,1.52588E-05,5.3205E-08,-24.7866,1.52588E-05,5.3205E-08],"rot":[0,0.580137,0,0.814519,0,0.585089,0,0.810969,0,0.59002,0,0.807389,0,0.594928,0,0.803779,0,0.477483,0,0.878641,0,0.350775,0,0.93646,0,0.329496,0,0.944157,0,0.308048,0,0.951371,0,0.286443,0,0.958097,0,0.264691,0,0.964333,0,0.242803,0,0.970076,0,0.220791,0,0.975321],"scl":[1,1,1,1,1,1,1,1,1,1,1,1,1,1,1,1,1,1,1,1,1,1,1,1,1,1,1,1,1,1,1,1,1,1,1,1]},
{"i":7,"pos":[-24.7866,-3.05176E-05,-1.10641E-06,-24.7866,-3.05176E-05,-1.10641E-06,-24.7866,-3.05176E-05,-1.10641E-06,-24.7866,-3.05176E-05,-1.10641E-06,-24.7866,-3.05176E-05,-1.10641E-06,-24.7866,-3.05176E-05,-1.10641E-06,-24.7866,-3.05176E-05,-1.10641E-06,-24.7866,-3.05176E-05,-1.10641E-06,-24.7866,-3.05176E-05,-1.10641E-06,-24.7866,-3.05176E-05,-1.10641E-06,-24.7866,-3.05176E-05,-1.10641E-06,-24.7866,-3.05176E-05,-1.10641E-06],"rot":[-0.279511,0.311146,-0.0499813,0.906953,-0.288639,0.340292,-0.0230852,0.894626,-0.297591,0.368331,0.00461228,0.880767,-0.306295,0.395212,0.0330227,0.86539,-0.304707,0.389208,0.225398,0.839563,-0.325136,0.399899,0.390382,0.762869,-0.26812,0.361859,0.339404,0.825817,-0.212702,0.316648,0.284595,0.879487,-0.160088,0.264571,0.227284,0.923426,-0.111449,0.206117,0.168831,0.957388,-0.0678921,0.141953,0.110592,0.98133,-0.0304331,0.0729123,0.0538892,0.995416],"scl":[1,1,1,1,1,1,1,1,1,1,1,1,1,1,1,1,1,1,1,1,1,1,1,1,1,1,1,1,1,1,1,1,1,1,1,1]},
{"i":8,"pos":[19,11.2331,2.70593E-06,19,11.2331,2.70593E-06,19,11.2331,2.70593E-06,19,11.2331,2.70593E-06,19,11.2331,2.70593E-06,19,11.2331,2.70593E-06,19,11.2331,2.70593E-06,19,11.2331,2.70593E-06,19,11.2331,2.70593E-06,19,11.2331,2.70593E-06,19,11.2331,2.70593E-06,19,11.2331,2.70593E-06],"rot":[0,0,0,1,0,0,0,1,0,0,0,1,0,0,0,1,0,0,0,1,0,0,0,1,0,0,0,1,0,0,0,1,0,0,0,1,0,0,0,1,0,0,0,1,0,0,0,1],"scl":[1,1,1,1,1,1,1,1,1,1,1,1,1,1,1,1,1,1,1,1,1,1,1,1,1,1,1,1,1,1,1,1,1,1,1,1]},
{"i":9,"pos":[6.8197,-1.52588E-05,-1.13595E-06,6.8197,-1.52588E-05,-1.13595E-06,6.8197,-1.52588E-05,-1.13595E-06,6.8197,-1.52588E-05,-1.13595E-06,6.8197,-1.52588E-05,-1.13595E-06,6.8197,-1.52588E-05,-1.13595E-06,6.8197,-1.52588E-05,-1.13595E-06,6.8197,-1.52588E-05,-1.13595E-06,6.8197,-1.52588E-05,-1.13595E-06,6.8197,-1.52588E-05,-1.13595E-06,6.8197,-1.52588E-05,-1.13595E-06,6.8197,-1.52588E-05,-1.13595E-06],"rot":[0,0,0,1,0,0,0,1,0,0,0,1,0,0,0,1,0,0,0,1,0,0,0,1,0,0,0,1,0,0,0,1,0,0,0,1,0,0,0,1,0,0,0,1,0,0,0,1],"scl":[1,1,1,1,1,1,1,1,1,1,1,1,1,1,1,1,1,1,1,1,1,1,1,1,1,1,1,1,1,1,1,1,1,1,1,1]},
{"i":10,"pos":[24.7866,3.05176E-05,-5.37585E-06,24.7866,3.05176E-05,-5.37585E-06,24.7866,3.05176E-05,-5.37585E-06,24.7866,3.05176E-05,-5.37585E-06,24.7866,3.05176E-05,-5.37585E-06,24.7866,3.05176E-05,-5.37585E-06,24.7866,3.05176E-05,-5.37585E-06,24.7866,3.05176E-05,-5.37585E-06,24.7866,3.05176E-05,-5.37585E-06,24.7866,3.05176E-05,-5.37585E-06,24.7866,3.05176E-05,-5.37585E-06,24.7866,3.05176E-05,-5.37585E-06],"rot":[0,0,0,1,0,0,0,1,0,0,0,1,0,0,0,1,0,0,0,1,0,0,0,1,0,0,0,1,0,0,0,1,0,0,0,1,0,0,0,1,0,0,0,1,0,0,0,1],"scl":[1,1,1,1,1,1,1,1,1,1,1,1,1,1,1,1,1,1,1,1,1,1,1,1,1,1,1,1,1,1,1,1,1,1,1,1]},
{"i":11,