{
"name":"pl020cmot_g0s6_m0",
"frameCount":13,"fps":60,"rotFormat":"quat_xyzw",
"bones":[
{"i":0,"pos":[0,-2.86102E-06,0,0,-2.86102E-06,0,0,-2.86102E-06,0,0,-2.86102E-06,0,0,-2.86102E-06,0,0,-2.86102E-06,0,0,-2.86102E-06,0,0,-2.86102E-06,0,0,-2.86102E-06,0,0,-2.86102E-06,0,0,-2.86102E-06,0,0,-2.86102E-06,0,0,-2.86102E-06,0],"rot":[0,0,0,1,0,0,0,1,0,0,0,1,0,0,0,1,0,0,0,1,0,0,0,1,0,0,0,1,0,0,0,1,0,0,0,1,0,0,0,1,0,0,0,1,0,0,0,1,0,0,0,1],"scl":[1,1,1,1,1,1,1,1,1,1,1,1,1,1,1,1,1,1,1,1,1,1,1,1,1,1,1,1,1,1,1,1,1,1,1,1,1,1,1]},
{"i":1,"pos":[2.46741,79.4512,-3.59863,4.44256,71.099,-3.88762,6.41779,62.7464,-4.17667,6.50598,61.9609,-3.86768,6.59412,61.1758,-3.55865,6.68225,60.3906,-3.24946,6.77039,59.6055,-2.94043,6.51984,61.068,-2.22056,6.26926,62.5309,-1.50063,5.28564,68.623,0.543945,4.30203,74.7154,2.58851,3.31841,80.8081,4.63325,2.00806,88.8027,6.53442],"rot":[0,0,0,1,0,0,0,1,0,0,0,1,0,0,0,1,0,0,0,1,0,0,0,1,0,0,0,1,0,0,0,1,0,0,0,1,0,0,0,1,0,0,0,1,0,0,0,1,0,0,0,1],"scl":[1,1,1,1,1,1,1,1,1,1,1,1,1,1,1,1,1,1,1,1,1,1,1,1,1,1,1,1,1,1,1,1,1,1,1,1,1,1,1]},
{"i":2,"pos":[0,0,-3.41061E-13,0,0,-3.41061E-13,0,0,-3.41061E-13,0,0,-3.41061E-13,0,0,-3.41061E-13,0,0,-3.41061E-13,0,0,-3.41061E-13,0,0,-3.41061E-13,0,0,-3.41061E-13,0,0,-3.41061E-13,0,0,-3.41061E-13,0,0,-3.41061E-13,0,0,-3.41061E-13],"rot":[0.0605475,-0.300885,0.0221639,0.951478,0.0917048,-0.320996,0.0361701,0.941936,0.12235,-0.340331,0.0514529,0.930891,0.144446,-0.353012,0.0636496,0.922207,0.155027,-0.35508,0.0698873,0.919239,0.157684,-0.351324,0.0718138,0.920081,0.154557,-0.349392,0.0713332,0.921384,0.145913,-0.351734,0.0686485,0.922106,0.131476,-0.355842,0.0634493,0.923074,0.11262,-0.361879,0.0568004,0.923653,0.0822082,-0.37044,0.0471107,0.924011,0.0475512,-0.380645,0.0353246,0.922822,0.0314822,-0.39093,0.0271431,0.919482],"scl":[1,1,1,1,1,1,1,1,1,1,1,1,1,1,1,1,1,1,1,1,1,1,1,1,1,1,1,1,1,1,1,1,1,1,1,1,1,1,1]},
{"i":3,"pos":[0,10.8819,-1.75353E-06,0,10.8819,-1.75353E-06,0,10.8819,-1.75353E-06,0,10.8819,-1.75353E-06,0,10.8819,-1.75353E-06,0,10.8819,-1.75353E-06,0,10.8819,-1.75353E-06,0,10.8819,-1.75353E-06,0,10.8819,-1.75353E-06,0,10.8819,-1.75353E-06,0,10.8819,-1.75353E-06,0,10.8819,-1.75353E-06,0,10.8819,-1.75353E-06],"rot":[0.00860604,0.0390582,-0.00128787,0.999199,0.0132388,0.0370709,-0.00189985,0.999223,0.017871,0.0350801,-0.0024936,0.999222,0.021361,0.0339971,-0.00288829,0.999189,0.0233364,0.0343282,-0.00301754,0.999134,0.0241704,0.0355733,-0.00296816,0.99907,0.0238409,0.0371363,-0.00279651,0.999022,0.0221155,0.0387559,-0.00249353,0.999001,0.0192256,0.0406896,-0.00205508,0.998985,0.0158451,0.0431194,-0.00154245,0.998943,0.0110146,0.0452392,-0.000779162,0.998915,0.0056948,0.0478481,7.46572E-05,0.998838,0.00343952,0.0535499,0.000456847,0.998559],"scl":[1,1,1,1,1,1,1,1,1,1,1,1,1,1,1,1,1,1,1,1,1,1,1,1,1,1,1,1,1,1,1,1,1,1,1,1,1,1,1]},
{"i":4,"pos":[-10.9535,17.3535,1.91246E-06,-10.9535,17.3535,1.91246E-06,-10.9535,17.3535,1.91246E-06,-10.9535,17.3535,1.91246E-06,-10.9535,17.3535,1.91246E-06,-10.9535,17.3535,1.91246E-06,-10.9535,17.3535,1.91246E-06,-10.9535,17.3535,1.91246E-06,-10.9535,17.3535,1.91246E-06,-10.9535,17.3535,1.91246E-06,-10.9535,17.3535,1.91246E-06,-10.9535,17.3535,1.91246E-06,-10.9535,17.3535,1.91246E-06],"rot":[0.00977762,0.018256,0.187476,0.982051,0.00973097,0.0191668,0.182448,0.98298,0.00950506,0.0190765,0.17343,0.984616,0.00915726,0.018406,0.162057,0.986567,0.00865844,0.0171456,0.148225,0.988767,0.00798084,0.0153227,0.132011,0.991098,0.00721454,0.0134036,0.115343,0.993209,0.00638522,0.0115088,0.0986297,0.995037,0.00545723,0.00952503,0.081469,0.996615,0.00446925,0.00755244,0.0645986,0.997873,0.00329701,0.00536577,0.0461046,0.998917,0.00194883,0.00304047,0.0263699,0.999646,0.00072811,0.00109041,0.00959682,0.999953],"scl":[1,1,1,1,1,1,1,1,1,1,1,1,1,1,1,1,1,1,1,1,1,1,1,1,1,1,1,1,1,1,1,1,1,1,1,1,1,1,1]},
{"i":5,"pos":[-11.008,0,-1.65374E-08,-11.008,0,-1.65374E-08,-11.008,0,-1.65374E-08,-11.008,0,-1.65374E-08,-11.008,0,-1.65374E-08,-11.008,0,-1.65374E-08,-11.008,0,-1.65374E-08,-11.008,0,-1.65374E-08,-11.008,0,-1.65374E-08,-11.008,0,-1.65374E-08,-11.008,0,-1.65374E-08,-11.008,0,-1.65374E-08,-11.008,0,-1.65374E-08],"rot":[0.0415054,-0.0602994,0.318213,0.945189,0.0595849,-0.0426321,0.303435,0.950031,0.0707467,-0.0295453,0.287087,0.954831,0.0778261,-0.0191996,0.269763,0.959584,0.080567,-0.0114154,0.251803,0.964352,0.078998,-0.00587825,0.233495,0.969126,0.0765458,-0.000862493,0.215038,0.973601,0.0742503,0.00419876,0.196576,0.977664,0.0710126,0.00881519,0.178175,0.981394,0.0671255,0.0129599,0.160557,0.984656,0.0619735,0.0170794,0.141819,0.987803,0.0559293,0.0213044,0.122222,0.990697,0.0506588,0.0249404,0.105733,0.99279],"scl":[1,1,1,1,1,1,1,1,1,1,1,1,1,1,1,1,1,1,1,1,1,1,1,1,1,1,1,1,1,1,1,1,1,1,1,1,1,1,1]},
{"i":6,"pos":[-24.244,6.54648E-07,-3.64014E-08,-24.244,6.54648E-07,-3.64014E-08,-24.244,6.54648E-07,-3.64014E-08,-24.244,6.54648E-07,-3.64014E-08,-24.244,6.54648E-07,-3.64014E-08,-24.244,6.54648E-07,-3.64014E-08,-24.244,6.54648E-07,-3.64014E-08,-24.244,6.54648E-07,-3.64014E-08,-24.244,6.54648E-07,-3.64014E-08,-24.244,6.54648E-07,-3.64014E-08,-24.244,6.54648E-07,-3.64014E-08,-24.244,6.54648E-07,-3.64014E-08,-24.244,6.54648E-07,-3.64014E-08],"rot":[0,0.280385,0,0.959888,0,0.290661,0,0.956826,0,0.288176,0,0.957577,0,0.278128,0,0.960544,0,0.260172,0,0.965562,0,0.234449,0,0.972128,0,0.206959,0,0.97835,0,0.179248,0,0.983804,0,0.149734,0,0.988726,0,0.119874,0,0.992789,0,0.0861448,0,0.996283,0,0.049455,0,0.998776,0,0.0180044,0,0.999838],"scl":[1,1,1,1,1,1,1,1,1,1,1,1,1,1,1,1,1,1,1,1,1,1,1,1,1,1,1,1,1,1,1,1,1,1,1,1,1,1,1]},
{"i":7,"pos":[-23.4396,-3.24127E-05,6.73273E-06,-23.4396,-3.24127E-05,6.73273E-06,-23.4396,-3.24127E-05,6.73273E-06,-23.4396,-3.24127E-05,6.73273E-06,-23.4396,-3.24127E-05,6.73273E-06,-23.4396,-3.24127E-05,6.73273E-06,-23.4396,-3.24127E-05,6.73273E-06,-23.4396,-3.24127E-05,6.73273E-06,-23.4396,-3.24127E-05,6.73273E-06,-23.4396,-3.24127E-05,6.73273E-06,-23.4396,-3.24127E-05,6.73273E-06,-23.4396,-3.24127E-05,6.73273E-06,-23.4396,-3.24127E-05,6.73273E-06],"rot":[-0.0109783,-0.16663,-0.155999,0.973539,-0.0600367,-0.0932215,-0.202613,0.972961,-0.0929658,-0.0333334,-0.208051,0.973119,-0.118087,0.0139976,-0.191209,0.97432,-0.137849,0.0477188,-0.153344,0.977346,-0.152906,0.0672619,-0.0974528,0.981121,-0.163471,0.0782026,-0.0431573,0.982496,-0.174776,0.0875601,0.0107898,0.980648,-0.180046,0.0897198,0.0622142,0.97758,-0.158529,0.0745058,0.0874534,0.980647,-0.0925472,0.0315505,0.0795636,0.992023,-0.000872504,-0.0316801,0.0620768,0.997568,0.0825987,-0.0944433,0.0513756,0.990767],"scl":[1,1,1,1,1,1,1,1,1,1,1,1,1,1,1,1,1,1,1,1,1,1,1,1,1,1,1,1,1,1,1,1,1,1,1,1,1,1,1]},
{"i":8,"pos":[10.9535,17.3535,1.91246E-06,10.9535,17.3535,1.91246E-06,10.9535,17.3535,1.91246E-06,10.9535,17.3535,1.91246E-06,10.9535,17.3535,1.91246E-06,10.9535,17.3535,1.91246E-06,10.9535,17.3535,1.91246E-06,10.9535,17.3535,1.91246E-06,10.9535,17.3535,1.91246E-06,10.9535,17.3535,1.91246E-06,10.9535,17.3535,1.91246E-06,10.9535,17.3535,1.91246E-06,10.9535,17.3535,1.91246E-06],"rot":[0,0,0,1,0,0,0,1,0,0,0,1,0,0,0,1,0,0,0,1,0,0,0,1,0,0,0,1,0,0,0,1,0,0,0,1,0,0,0,1,0,0,0,1,0,0,0,1,0,0,0,1],"scl":[1,1,1,1,1,1,1,1,1,1,1,1,1,1,1,1,1,1,1,1,1,1,1,1,1,1,1,1,1,1,1,1,1,1,1,1,1,1,1]},
{"i":9,"pos":[11.008,0,-5.68434E-14,11.008,0,-5.68434E-14,11.008,0,-5.68434E-14,11.008,0,-5.68434E-14,11.008,0,-5.68434E-14,11.008,0,-5.68434E-14,11.008,0,-5.68434E-14,11.008,0,-5.68434E-14,11.008,0,-5.68434E-14,11.008,0,-5.68434E-14,11.008,0,-5.68434E-14,11.008,0,-5.68434E-14,11.008,0,-5.68434E-14],"rot":[0,0,0,1,0,0,0,1,0,0,0,1,0,0,0,1,0,0,0,1,0,0,0,1,0,0,0,1,0,0,0,1,0,0,0,1,0,0,0,1,0,0,0,1,0,0,0,1,0,0,0,1],"scl":[1,1,1,1,1,1,1,1,1,1,1,1,1,1,1,1,1,1,1,1,1,1,1,1,1,1,1,1,1,1,1,1,1,1,1,1,1,1,1]},
{"i":10,"pos":[24.244,0,2.0222E-11,24.244,0,2.0222E-11,24.244,0,2.0222E-11,24.244,0,2.0222E-11,24.244,0,2.0222E-11,24.244,0,2.0222E-11,24.244,0,2.0222E-11,24.244,0,2.0222E-11,24.244,0,2.0222E-11,24.244,0,2.0222E-11,24.244,0,2.0222E-11,24.244,0,2.0222E-11,24.244,0,2.0222E-11],