{
"name":"pl0103mot_g6s1_m0",
"frameCount":14,"fps":60,"rotFormat":"quat_xyzw",
"bones":[
{"i":0,"pos":[-4.33431E-13,0,-8.68869E-15,-4.33431E-13,0,-8.68869E-15,-4.33431E-13,0,-8.68869E-15,-4.33431E-13,0,-8.68869E-15,-4.33431E-13,0,-8.68869E-15,-4.33431E-13,0,-8.68869E-15,-4.33431E-13,0,-8.68869E-15,-4.33431E-13,0,-8.68869E-15,-4.33431E-13,0,-8.68869E-15,-4.33431E-13,0,-8.68869E-15,-4.33431E-13,0,-8.68869E-15,-4.33431E-13,0,-8.68869E-15,-4.33431E-13,0,-8.68869E-15,-4.33431E-13,0,-8.68869E-15],"rot":[0,0,0,1,0,0,0,1,0,0,0,1,0,0,0,1,0,0,0,1,0,0,0,1,0,0,0,1,0,0,0,1,0,0,0,1,0,0,0,1,0,0,0,1,0,0,0,1,0,0,0,1,0,0,0,1],"scl":[1,1,1,1,1,1,1,1,1,1,1,1,1,1,1,1,1,1,1,1,1,1,1,1,1,1,1,1,1,1,1,1,1,1,1,1,1,1,1,1,1,1]},
{"i":1,"pos":[3.21631,99.4316,-6.07617,3.2163,99.4319,-6.07616,3.21632,99.4322,-6.0761,3.61182,98.8496,-5.45264,4.0073,98.0795,-4.51349,4.4028,97.2413,-3.57435,4.79831,96.4544,-2.63522,5.19383,95.8379,-1.69609,5.58936,96.4827,-0.756958,5.98488,96.6968,0.182172,6.3804,97.0098,1.1213,6.77591,97.037,2.06044,7.17141,96.369,2.99958,7.56689,95.5781,3.93872],"rot":[0,0,0,1,0,0,0,1,0,0,0,1,0,0,0,1,0,0,0,1,0,0,0,1,0,0,0,1,0,0,0,1,0,0,0,1,0,0,0,1,0,0,0,1,0,0,0,1,0,0,0,1,0,0,0,1],"scl":[1,1,1,1,1,1,1,1,1,1,1,1,1,1,1,1,1,1,1,1,1,1,1,1,1,1,1,1,1,1,1,1,1,1,1,1,1,1,1,1,1,1]},
{"i":2,"pos":[0,0,0,0,0,0,0,0,0,0,0,0,0,0,0,0,0,0,0,0,0,0,0,0,0,0,0,0,0,0,0,0,0,0,0,0,0,0,0,0,0,0],"rot":[0.0575204,-0.144629,0.00842207,0.987777,0.0284835,-0.202075,0.00589659,0.978938,-5.06506E-06,-0.258789,1.89115E-05,0.965934,0.00373775,-0.306332,-0.0152566,0.951795,0.00534947,-0.353286,-0.0289423,0.935052,0.00481018,-0.39946,-0.0409446,0.915823,0.0020957,-0.444652,-0.0511493,0.894239,-0.00279797,-0.488658,-0.0594602,0.870442,-0.0107837,-0.555453,-0.0426095,0.830386,-0.0215544,-0.577798,-0.0329799,0.815228,-0.057644,-0.614495,-0.00791714,0.786772,-0.101483,-0.643409,0.0113451,0.758681,-0.139557,-0.650746,0.00979245,0.746296,-0.175599,-0.662922,0.00645218,0.727776],"scl":[1,1,1,1,1,1,1,1,1,1,1,1,1,1,1,1,1,1,1,1,1,1,1,1,1,1,1,1,1,1,1,1,1,1,1,1,1,1,1,1,1,1]},
{"i":3,"pos":[0,15.0956,0,0,15.0956,0,0,15.0956,0,0,15.0956,0,0,15.0956,0,0,15.0956,0,0,15.0956,0,0,15.0956,0,0,15.0956,0,0,15.0956,0,0,15.0956,0,0,15.0956,0,0,15.0956,0,0,15.0956,0],"rot":[0.14022,-0.0394612,-0.0100922,0.989282,0.142076,-0.0789019,-0.0198016,0.986507,0.142508,-0.118248,-0.0290948,0.982274,0.121105,-0.112585,-0.029349,0.985798,0.0929139,-0.0941697,-0.02617,0.990865,0.0609718,-0.069557,-0.0197531,0.995517,0.0288764,-0.0451793,-0.0113211,0.998497,0.000854629,-0.0271298,-0.00333003,0.999626,0.000863537,-0.0356277,-0.00223224,0.999362,0.000565353,-0.033809,-0.00133263,0.999427,1.62709E-05,-0.0205064,0.00079329,0.999789,-0.000515136,-0.0157061,0.0027386,0.999873,-0.00144984,-0.0258935,0.00409736,0.999655,-0.00241303,-0.0387916,0.00529573,0.99923],"scl":[1,1,1,1,1,1,1,1,1,1,1,1,1,1,1,1,1,1,1,1,1,1,1,1,1,1,1,1,1,1,1,1,1,1,1,1,1,1,1,1,1,1]},
{"i":4,"pos":[-7.88343,11.2331,-3.04084E-06,-7.88343,11.2331,-3.04084E-06,-7.88343,11.2331,-3.04084E-06,-7.88343,11.2331,-3.04084E-06,-7.88343,11.2331,-3.04084E-06,-7.88343,11.2331,-3.04084E-06,-7.88343,11.2331,-3.04084E-06,-7.88343,11.2331,-3.04084E-06,-7.88343,11.2331,-3.04084E-06,-7.88343,11.2331,-3.04084E-06,-7.88343,11.2331,-3.04084E-06,-7.88343,11.2331,-3.04084E-06,-7.88343,11.2331,-3.04084E-06,-7.88343,11.2331,-3.04084E-06],"rot":[-0.0230312,-0.145173,0.157565,0.976508,0.207796,-0.0567823,0.121453,0.96894,0.405395,-0.00174936,0.0600777,0.912164,0.388231,0.00750506,0.0357229,0.920839,0.31467,0.0124062,0.0221839,0.948861,0.207935,0.0152042,0.0159578,0.977894,0.0947196,0.0168419,0.0129207,0.995278,0.00446269,0.0190225,0.00912638,0.999767,0.00280489,-0.00240618,0.0142613,0.999891,0.00237572,-0.0110892,0.0246233,0.999632,0.00316777,-0.0294895,0.101651,0.994378,0.00863128,-0.004602,0.213056,0.976991,0.0112205,0.0200807,0.234697,0.971796,0.0135647,0.0444263,0.239133,0.969875],"scl":[1,1,1,1,1,1,1,1,1,1,1,1,1,1,1,1,1,1,1,1,1,1,1,1,1,1,1,1,1,1,1,1,1,1,1,1,1,1,1,1,1,1]},
{"i":5,"pos":[-22.5,1.52588E-05,2.40205E-07,-22.5,1.52588E-05,2.40205E-07,-22.5,1.52588E-05,2.40205E-07,-22.5,1.52588E-05,2.40205E-07,-22.5,1.52588E-05,2.40205E-07,-22.5,1.52588E-05,2.40205E-07,-22.5,1.52588E-05,2.40205E-07,-22.5,1.52588E-05,2.40205E-07,-22.5,1.52588E-05,2.40205E-07,-22.5,1.52588E-05,2.40205E-07,-22.5,1.52588E-05,2.40205E-07,-22.5,1.52588E-05,2.40205E-07,-22.5,1.52588E-05,2.40205E-07,-22.5,1.52588E-05,2.40205E-07],"rot":[0.330604,-0.164953,0.286442,0.883992,0.538455,0.01989,0.193019,0.820008,0.542425,0.155489,0.17598,0.806616,0.489942,0.0983765,0.216887,0.838593,0.407771,0.0635101,0.314023,0.855031,0.308371,-0.00280516,0.41518,0.855877,0.222681,-0.0880235,0.490917,0.837655,0.168371,-0.167261,0.531966,0.812827,0.191183,-0.173056,0.483048,0.836759,0.175529,-0.16471,0.501181,0.83119,0.184006,-0.0736745,0.452377,0.869522,0.135338,0.0117428,0.386412,0.912267,0.100385,0.0864788,0.387048,0.91249,0.0567431,0.150198,0.408486,0.898532],"scl":[1,1,1,1,1,1,1,1,1,1,1,1,1,1,1,1,1,1,1,1,1,1,1,1,1,1,1,1,1,1,1,1,1,1,1,1,1,1,1,1,1,1]},
{"i":6,"pos":[-21.2439,1.52588E-05,5.3205E-08,-21.2439,1.52588E-05,5.3205E-08,-21.2439,1.52588E-05,5.3205E-08,-21.2439,1.52588E-05,5.3205E-08,-21.2439,1.52588E-05,5.3205E-08,-21.2439,1.52588E-05,5.3205E-08,-21.2439,1.52588E-05,5.3205E-08,-21.2439,1.52588E-05,5.3205E-08,-21.2439,1.52588E-05,5.3205E-08,-21.2439,1.52588E-05,5.3205E-08,-21.2439,1.52588E-05,5.3205E-08,-21.2439,1.52588E-05,5.3205E-08,-21.2439,1.52588E-05,5.3205E-08,-21.2439,1.52588E-05,5.3205E-08],"rot":[0,0.562479,0,0.826811,0,0.654463,0,0.756094,0,0.668475,0,0.743735,-0,0.78167,-0,0.623692,-0,0.788148,-0,0.615486,-0,0.783027,-0,0.621987,-0,0.777734,-0,0.628594,-0,0.784468,-0,0.62017,-0,0.849401,-0,0.527748,-0,0.853171,-0,0.521632,-0,0.830141,-0,0.557553,-0,0.776561,-0,0.630042,0,0.700082,0,0.714062,0,0.611455,0,0.791279],"scl":[1,1,1,1,1,1,1,1,1,1,1,1,1,1,1,1,1,1,1,1,1,1,1,1,1,1,1,1,1,1,1,1,1,1,1,1,1,1,1,1,1,1]},
{"i":7,"pos":[-36.9624,-3.05176E-05,-1.10641E-06,-36.9624,-3.05176E-05,-1.10641E-06,-36.9624,-3.05176E-05,-1.10641E-06,-36.9624,-3.05176E-05,-1.10641E-06,-36.9624,-3.05176E-05,-1.10641E-06,-36.9624,-3.05176E-05,-1.10641E-06,-36.9624,-3.05176E-05,-1.10641E-06,-36.9624,-3.05176E-05,-1.10641E-06,-36.9624,-3.05176E-05,-1.10641E-06,-36.9624,-3.05176E-05,-1.10641E-06,-36.9624,-3.05176E-05,-1.10641E-06,-36.9624,-3.05176E-05,-1.10641E-06,-36.9624,-3.05176E-05,-1.10641E-06,-36.9624,-3.05176E-05,-1.10641E-06],"rot":[-0.129726,-0.0120338,-0.402306,0.906188,-0.416451,0.0642716,-0.574438,0.701754,-0.48053,0.234416,-0.575579,0.618748,-0.425559,0.0535768,-0.531984,0.730084,-0.31565,-0.0873697,-0.421292,0.845721,-0.12967,-0.203317,-0.25023,0.937674,0.0831227,-0.25207,-0.0586661,0.962346,0.256343,-0.242715,0.0948719,0.930794,0.227673,-0.245484,-0.0117472,0.942213,0.152902,-0.226943,-0.0659498,0.959567,-0.0261494,-0.134336,-0.179783,0.97414,0.070568,-0.0944999,-0.213626,0.96977,0.0600222,-0.0918357,-0.194945,0.974659,0.0329787,-0.093945,-0.15682,0.982596],"scl":[1,1,1,1,1,1,1,1,1,1,1,1,1,1,1,1,1,1,1,1,1,1,1,1,1,1,1,1,1,1,1,1,1,1,1,1,1,1,1,1,1,1]},
{"i":8,"pos":[7.88343,11.2331,2.70593E-06,7.88343,11.2331,2.70593E-06,7.88343,11.2331,2.70593E-06,7.88343,11.2331,2.70593E-06,7.88343,11.2331,2.70593E-06,7.88343,11.2331,2.70593E-06,7.88343,11.2331,2.70593E-06,7.88343,11.2331,2.70593E-06,7.88343,11.2331,2.70593E-06,7.88343,11.2331,2.70593E-06,7.88343,11.2331,2.70593E-06,7.88343,11.2331,2.70593E-06,7.88343,11.2331,2.70593E-06,7.88343,11.2331,2.70593E-06],"rot":[0,0,0,1,0,0,0,1,0,0,0,1,0,0,0,1,0,0,0,1,0,0,0,1,0,0,0,1,0,0,0,1,0,0,0,1,0,0,0,1,0,0,0,1,0,0,0,1,0,0,0,1,0,0,0,1],"scl":[1,1,1,1,1,1,1,1,1,1,1,1,1,1,1,1,1,1,1,1,1,1,1,1,1,1,1,1,1,1,1,1,1,1,1,1,1,1,1,1,1,1]},
{"i":9,