{
"name":"pl0802mot_g0s9_m0",
"frameCount":16,"fps":60,"rotFormat":"quat_xyzw",
"bones":[
{"i":0,"pos":[0,0,0,0,0,0,0,0,0,0,0,0,0,0,0,0,0,0,0,0,0,0,0,0,0,0,0,0,0,0,0,0,0,0,0,0,0,0,0,0,0,0,0,0,0,0,0,0],"rot":[0,0,0,1,0,0,0,1,0,0,0,1,0,0,0,1,0,0,0,1,0,0,0,1,0,0,0,1,0,0,0,1,0,0,0,1,0,0,0,1,0,0,0,1,0,0,0,1,0,0,0,1,0,0,0,1,0,0,0,1,0,0,0,1],"scl":[1,1,1,1,1,1,1,1,1,1,1,1,1,1,1,1,1,1,1,1,1,1,1,1,1,1,1,1,1,1,1,1,1,1,1,1,1,1,1,1,1,1,1,1,1,1,1,1]},
{"i":1,"pos":[-0.196716,101.15,5.30823,-0.196716,75.5119,5.03515,-0.196716,60.9907,4.7272,-0.196716,60.3633,4.38942,-0.196716,60.9065,4.02686,-0.196716,62.4396,3.64454,-0.196716,64.7828,3.2475,-0.196716,67.7564,2.84079,-0.196716,71.1804,2.42944,-0.196716,74.875,2.02938,-0.196716,78.6605,1.65051,-0.196716,82.3569,1.30274,-0.196716,85.7845,0.995982,-0.196716,88.7635,0.740147,-0.196716,91.114,0.545148,-0.196716,92.6562,0.420898],"rot":[0,0,0,1,0,0,0,1,0,0,0,1,0,0,0,1,0,0,0,1,0,0,0,1,0,0,0,1,0,0,0,1,0,0,0,1,0,0,0,1,0,0,0,1,0,0,0,1,0,0,0,1,0,0,0,1,0,0,0,1,0,0,0,1],"scl":[1,1,1,1,1,1,1,1,1,1,1,1,1,1,1,1,1,1,1,1,1,1,1,1,1,1,1,1,1,1,1,1,1,1,1,1,1,1,1,1,1,1,1,1,1,1,1,1]},
{"i":2,"pos":[0,0,0,0,0,0,0,0,0,0,0,0,0,0,0,0,0,0,0,0,0,0,0,0,0,0,0,0,0,0,0,0,0,0,0,0,0,0,0,0,0,0,0,0,0,0,0,0],"rot":[-0.0109587,-0.00404992,-0.000835277,0.999931,0.0621953,-0.0137625,-0.00161471,0.997968,0.103568,-0.0247547,-0.00138882,0.994313,0.105465,-0.0367548,-0.00142937,0.993743,0.104022,-0.0496316,-0.00144373,0.993335,0.0997432,-0.0632064,-0.00162464,0.993002,0.093124,-0.0772976,-0.00214808,0.992647,0.0846747,-0.0917045,-0.0029961,0.992175,0.0749078,-0.106232,-0.00418116,0.991507,0.0643481,-0.120318,-0.0057064,0.990631,0.0535196,-0.13361,-0.00751184,0.989559,0.042946,-0.14576,-0.00949514,0.988342,0.0331486,-0.156429,-0.0115167,0.987066,0.0246439,-0.165289,-0.0134077,0.985846,0.0179439,-0.172016,-0.0149821,0.984817,0.0135566,-0.176289,-0.0160506,0.984114],"scl":[1,1,1,1,1,1,1,1,1,1,1,1,1,1,1,1,1,1,1,1,1,1,1,1,1,1,1,1,1,1,1,1,1,1,1,1,1,1,1,1,1,1,1,1,1,1,1,1]},
{"i":3,"pos":[0,15,0,0,15,0,0,15,0,0,15,0,0,15,0,0,15,0,0,15,0,0,15,0,0,15,0,0,15,0,0,15,0,0,15,0,0,15,0,0,15,0,0,15,0,0,15,0],"rot":[0.356918,-0.00371373,-0.000570832,0.934128,0.367719,-0.0123436,-0.000909654,0.929854,0.372892,-0.0216744,0.000571018,0.927621,0.367338,-0.0313795,0.00382119,0.92955,0.354453,-0.0419505,0.00704715,0.934106,0.335364,-0.05326,0.00995443,0.940529,0.311211,-0.0651514,0.0122913,0.948025,0.283171,-0.0774324,0.0138672,0.955838,0.252467,-0.0898778,0.0145689,0.963312,0.220374,-0.102236,0.0143709,0.969936,0.188215,-0.11401,0.013296,0.975397,0.157338,-0.124842,0.0115121,0.979554,0.129097,-0.134385,0.00927805,0.98244,0.10484,-0.142315,0.00692221,0.984229,0.0859001,-0.14833,0.00481227,0.985188,0.0735915,-0.152147,0.00331748,0.985609],"scl":[1,1,1,1,1,1,1,1,1,1,1,1,1,1,1,1,1,1,1,1,1,1,1,1,1,1,1,1,1,1,1,1,1,1,1,1,1,1,1,1,1,1,1,1,1,1,1,1]},
{"i":4,"pos":[-10,12,-2.12947E-07,-10,12,-2.12947E-07,-10,12,-2.12947E-07,-10,12,-2.12947E-07,-10,12,-2.12947E-07,-10,12,-2.12947E-07,-10,12,-2.12947E-07,-10,12,-2.12947E-07,-10,12,-2.12947E-07,-10,12,-2.12947E-07,-10,12,-2.12947E-07,-10,12,-2.12947E-07,-10,12,-2.12947E-07,-10,12,-2.12947E-07,-10,12,-2.12947E-07,-10,12,-2.12947E-07],"rot":[0.00803475,-0.157064,-0.15038,0.976039,0.0122066,-0.140118,-0.149441,0.978716,0.0127411,-0.126781,-0.143667,0.981389,0.0100518,-0.119413,-0.134109,0.983694,0.00596255,-0.111688,-0.122315,0.986169,0.00126783,-0.103918,-0.109505,0.988538,-0.00408105,-0.0962526,-0.0956808,0.990739,-0.00993138,-0.0888626,-0.0812159,0.992678,-0.0161093,-0.0819,-0.0664996,0.994289,-0.0224199,-0.0754948,-0.0519346,0.99554,-0.0286504,-0.0697535,-0.0379351,0.996431,-0.0345735,-0.0647601,-0.0249231,0.99699,-0.0399525,-0.0605779,-0.0133253,0.997275,-0.0445458,-0.0572549,-0.00356967,0.997359,-0.0481123,-0.0548301,0.00391734,0.997328,-0.0504162,-0.0533433,0.00871368,0.997265],"scl":[1,1,1,1,1,1,1,1,1,1,1,1,1,1,1,1,1,1,1,1,1,1,1,1,1,1,1,1,1,1,1,1,1,1,1,1,1,1,1,1,1,1,1,1,1,1,1,1]},
{"i":5,"pos":[-10,2.28882E-05,8.94937E-06,-10,2.28882E-05,8.94937E-06,-10,2.28882E-05,8.94937E-06,-10,2.28882E-05,8.94937E-06,-10,2.28882E-05,8.94937E-06,-10,2.28882E-05,8.94937E-06,-10,2.28882E-05,8.94937E-06,-10,2.28882E-05,8.94937E-06,-10,2.28882E-05,8.94937E-06,-10,2.28882E-05,8.94937E-06,-10,2.28882E-05,8.94937E-06,-10,2.28882E-05,8.94937E-06,-10,2.28882E-05,8.94937E-06,-10,2.28882E-05,8.94937E-06,-10,2.28882E-05,8.94937E-06,-10,2.28882E-05,8.94937E-06],"rot":[0.173451,-0.25585,0.0814944,0.947531,0.0606465,-0.226186,0.120444,0.964705,-0.113947,-0.207804,0.197369,0.951251,-0.176121,-0.224873,0.24031,0.92772,-0.19444,-0.239789,0.274802,0.910592,-0.186708,-0.253291,0.303867,0.899249,-0.162375,-0.264335,0.328302,0.892177,-0.130605,-0.273674,0.34841,0.886936,-0.0953468,-0.280987,0.365595,0.882211,-0.0604853,-0.286134,0.380993,0.877105,-0.0271365,-0.289377,0.395802,0.871129,0.00314672,-0.290882,0.409598,0.864643,0.0292296,-0.291322,0.422172,0.857932,0.049815,-0.291425,0.432682,0.85169,0.0650005,-0.291272,0.440787,0.846547,0.0745069,-0.2911,0.446051,0.843059],"scl":[1,1,1,1,1,1,1,1,1,1,1,1,1,1,1,1,1,1,1,1,1,1,1,1,1,1,1,1,1,1,1,1,1,1,1,1,1,1,1,1,1,1,1,1,1,1,1,1]},
{"i":6,"pos":[-24,7.62939E-06,8.79248E-06,-24,7.62939E-06,8.79248E-06,-24,7.62939E-06,8.79248E-06,-24,7.62939E-06,8.79248E-06,-24,7.62939E-06,8.79248E-06,-24,7.62939E-06,8.79248E-06,-24,7.62939E-06,8.79248E-06,-24,7.62939E-06,8.79248E-06,-24,7.62939E-06,8.79248E-06,-24,7.62939E-06,8.79248E-06,-24,7.62939E-06,8.79248E-06,-24,7.62939E-06,8.79248E-06,-24,7.62939E-06,8.79248E-06,-24,7.62939E-06,8.79248E-06,-24,7.62939E-06,8.79248E-06,-24,7.62939E-06,8.79248E-06],"rot":[0,0.33311,0,0.942888,-3.84341E-07,0.427269,2.3069E-07,0.904125,-6.41155E-07,0.459096,4.055E-07,0.888387,-7.76659E-07,0.495069,5.2178E-07,0.868854,-8.00372E-07,0.530671,5.71321E-07,0.847578,-7.23288E-07,0.564074,5.47118E-07,0.825724,-5.56728E-07,0.594876,4.449E-07,0.803818,-3.12053E-07,0.622729,2.6251E-07,0.782437,0,0.647342,0,0.762199,-7.82235E-07,0.668468,-8.19014E-07,0.743741,-3.7938E-06,0.68589,2.56232E-06,0.727705,0,0.699406,0,0.714724,-6.44766E-06,0.709799,7.48863E-06,0.704404,7.7174E-07,0.717395,-2.52629E-07,0.696666,-0,0.722551,-0,0.691317,-0,0.725589,-0,0.688129],"scl":[1,1,1,1,1,1,1,1,1,1,1,1,1,1,1,1,1,1,1,1,1,1,1,1,1,1,1,1,1,1,1,1,1,1,1,1,1,1,1,1,1,1,1,1,1,1,1,1]},
{"i":7,"pos":[-24,0,0,-24,0,0,-24,0,0,-24,0,0,-24,0,0,-24,0,0,-24,0,0,-24,0,0,-24,0,0,-24,0,0,-24,0,0,-24,0,0,-24,0,0,-24,0,0,-24,0,0,-24,0,0],"rot":[-0.595324,0.0146384,0.0893516,0.798368,-0.574086,-0.0357198,0.0189719,0.817796,-0.560933,-0.0612788,-0.0158931,0.825437,-0.559222,-0.0534154,-0.0104417,0.827229,-0.558318,-0.0407308,-0.00199832,0.828624,-0.557961,-0.0240625,0.00886271,0.829471,-0.557898,-0.00428467,0.0216084,0.829617,-0.557905,0.0177144,0.0357088,0.828947,-0.557804,0.0410379,0.0506313,0.82741,-0.557475,0.0647887,0.0658387,0.825039,-0.556868,0.0880776,0.0807887,0.821957,-0.555999,0.110032,0.0949359,0.818379,-0.55495,0.129802,0.107734,0.814601,-0.553853,0.146562,0.118637,0.810982,-0.552873,0.159506,0.127101,0.80792,-0.552183,0.167842,0.132583,0.805819],"scl":[1,1,1,1,1,1,1,1,1,1,1,1,1,1,1,1,1,1,1,1,1,1,1,1,1,1,1,1,1,1,1,1,1,1,1,1,1,1,1,1,1,1,1,1,1,1,1,1]},
{"i":8,"pos":[10,12,3.59039E-06,10,12,3.59039E-06,10,12,3.59039E-06,10,12,3.59039E-06,10,12,3.59039E-06,10,12,3.59039E-06,10,12,3.59039E-06,10,12,3.59039E-06,10,12,3.59039E-06,10,12,3.59039E-06,10,12,3.59039E-06,10,12,3.59039E-06,10,12,3.59039E-06,10,12,3.59039E-06,10,12,3.59039E-06,10,12,3.59039E-06],"rot":[0,0,0,1,0,0,0,1,0,0,0,1,0,0,0,1,0,0,0,1,0,0,0,1,0,0,0,1,0,0,0,1,0,0,0,1,0,0,0,1,0,0,0,1,0,0,0,1,0,0,0,1,0,0,0,1,0,0,0,1,0,0,0,1],"scl":[1,1,1,1,1,1,1,1,1,1,1,1,1,1,1,1,1,1,1,1,1,1,1,1,1,1,1,1,1,1,1,1,1,1,1,1,1,1,1,1,1,1,1,1,1,1,1,1]},
{"i":9,