{
"name":"pl0806mot_g0s9_m0",
"frameCount":16,"fps":60,"rotFormat":"quat_xyzw",
"bones":[
{"i":0,"pos":[0,0,0,0,0,0,0,0,0,0,0,0,0,0,0,0,0,0,0,0,0,0,0,0,0,0,0,0,0,0,0,0,0,0,0,0,0,0,0,0,0,0,0,0,0,0,0,0],"rot":[0,0,0,1,0,0,0,1,0,0,0,1,0,0,0,1,0,0,0,1,0,0,0,1,0,0,0,1,0,0,0,1,0,0,0,1,0,0,0,1,0,0,0,1,0,0,0,1,0,0,0,1,0,0,0,1,0,0,0,1,0,0,0,1],"scl":[1,1,1,1,1,1,1,1,1,1,1,1,1,1,1,1,1,1,1,1,1,1,1,1,1,1,1,1,1,1,1,1,1,1,1,1,1,1,1,1,1,1,1,1,1,1,1,1]},
{"i":1,"pos":[-0.20459,87.3613,5.2738,-0.206047,77.3142,5.06946,-0.203658,69.8987,4.84068,-0.196668,66.9609,4.58599,-0.184326,67.3091,4.30392,-0.168848,68.4278,3.99297,-0.15095,70.1783,3.65168,-0.13135,72.4215,3.27856,-0.110765,75.0185,2.89428,-0.0899127,77.8303,2.5107,-0.0695116,80.718,2.13972,-0.0502791,83.5427,1.79321,-0.0329329,86.1653,1.48307,-0.0181908,88.447,1.22117,-0.00677047,90.2487,1.0194,0.000610352,91.4316,0.889648],"rot":[0,0,0,1,0,0,0,1,0,0,0,1,0,0,0,1,0,0,0,1,0,0,0,1,0,0,0,1,0,0,0,1,0,0,0,1,0,0,0,1,0,0,0,1,0,0,0,1,0,0,0,1,0,0,0,1,0,0,0,1,0,0,0,1],"scl":[1,1,1,1,1,1,1,1,1,1,1,1,1,1,1,1,1,1,1,1,1,1,1,1,1,1,1,1,1,1,1,1,1,1,1,1,1,1,1,1,1,1,1,1,1,1,1,1]},
{"i":2,"pos":[0,0,0,0,0,0,0,0,0,0,0,0,0,0,0,0,0,0,0,0,0,0,0,0,0,0,0,0,0,0,0,0,0,0,0,0,0,0,0,0,0,0,0,0,0,0,0,0],"rot":[0.036461,-0.0399802,0.00372457,0.998528,0.0810498,-0.0448027,0.00525424,0.995689,0.112911,-0.0501208,0.00663702,0.992318,0.128308,-0.0556773,0.00753364,0.990142,0.123533,-0.0595938,0.0072711,0.990523,0.110804,-0.0603719,0.00631451,0.991987,0.0915298,-0.0584784,0.00486057,0.994072,0.0671296,-0.0543783,0.00318889,0.996256,0.0390379,-0.0485507,0.00158711,0.998056,0.00871667,-0.0414945,0.00029996,0.999101,-0.0223481,-0.0337273,-0.000507729,0.999181,-0.0526575,-0.0257766,-0.000772957,0.99828,-0.0807156,-0.018167,-0.000540945,0.996571,-0.105044,-0.0114101,4.41778E-05,0.994402,-0.124187,-0.0059982,0.000763818,0.99224,-0.136712,-0.00240628,0.00136357,0.990607],"scl":[1,1,1,1,1,1,1,1,1,1,1,1,1,1,1,1,1,1,1,1,1,1,1,1,1,1,1,1,1,1,1,1,1,1,1,1,1,1,1,1,1,1,1,1,1,1,1,1]},
{"i":3,"pos":[0,5.04826,0,0,5.04826,0,0,5.04826,0,0,5.04826,0,0,5.04826,0,0,5.04826,0,0,5.04826,0,0,5.04826,0,0,5.04826,0,0,5.04826,0,0,5.04826,0,0,5.04826,0,0,5.04826,0,0,5.04826,0,0,5.04826,0,0,5.04826,0],"rot":[0.388185,0.0223991,-0.00318866,0.921304,0.379252,0.0148186,0.00143807,0.925174,0.370023,0.00570832,0.00620172,0.928985,0.360899,-0.0039598,0.0103512,0.932539,0.352293,-0.0131777,0.0131917,0.935704,0.341715,-0.0207426,0.014599,0.939461,0.327009,-0.0253787,0.0146488,0.944567,0.309092,-0.0275427,0.0136418,0.950535,0.28888,-0.0276093,0.0118836,0.956893,0.267312,-0.0259679,0.00968082,0.963212,0.245346,-0.0230301,0.00731312,0.969134,0.22397,-0.0192331,0.00501409,0.974393,0.20419,-0.0150376,0.00296066,0.978811,0.187025,-0.0109223,0.00127173,0.982294,0.173501,-0.00737665,1.67503E-05,0.984806,0.164643,-0.00489254,-0.000765722,0.986341],"scl":[1,1,1,1,1,1,1,1,1,1,1,1,1,1,1,1,1,1,1,1,1,1,1,1,1,1,1,1,1,1,1,1,1,1,1,1,1,1,1,1,1,1,1,1,1,1,1,1]},
{"i":4,"pos":[-14.2415,17.0749,-1.55006E-07,-14.2415,17.0749,-1.55006E-07,-14.2415,17.0749,-1.55006E-07,-14.2415,17.0749,-1.55006E-07,-14.2415,17.0749,-1.55006E-07,-14.2415,17.0749,-1.55006E-07,-14.2415,17.0749,-1.55006E-07,-14.2415,17.0749,-1.55006E-07,-14.2415,17.0749,-1.55006E-07,-14.2415,17.0749,-1.55006E-07,-14.2415,17.0749,-1.55006E-07,-14.2415,17.0749,-1.55006E-07,-14.2415,17.0749,-1.55006E-07,-14.2415,17.0749,-1.55006E-07,-14.2415,17.0749,-1.55006E-07,-14.2415,17.0749,-1.55006E-07],"rot":[0.0696399,-0.12257,-0.10241,0.984703,0.0679325,-0.0406727,-0.0862089,0.993126,0.0613725,0.050109,-0.066112,0.994662,0.050801,0.133469,-0.0455414,0.988702,0.039913,0.193822,-0.0292353,0.979788,0.0336144,0.216787,-0.0222003,0.975387,0.0304467,0.206894,-0.0190646,0.977704,0.0263826,0.180356,-0.011942,0.983175,0.0221403,0.140623,-0.00177867,0.989814,0.0184777,0.0912432,0.0104687,0.995602,0.0160142,0.0359575,0.0238034,0.998941,0.0150949,-0.0213188,0.0372146,0.998966,0.0157117,-0.0765959,0.0497416,0.995697,0.0174944,-0.125942,0.0605428,0.990034,0.0197746,-0.165587,0.068932,0.983584,0.0217175,-0.191937,0.0743543,0.978346],"scl":[1,1,1,1,1,1,1,1,1,1,1,1,1,1,1,1,1,1,1,1,1,1,1,1,1,1,1,1,1,1,1,1,1,1,1,1,1,1,1,1,1,1,1,1,1,1,1,1]},
{"i":5,"pos":[-13.8992,5.1656,1.80454E-06,-13.8992,5.1656,1.80454E-06,-13.8992,5.1656,1.80454E-06,-13.8992,5.1656,1.80454E-06,-13.8992,5.1656,1.80454E-06,-13.8992,5.1656,1.80454E-06,-13.8992,5.1656,1.80454E-06,-13.8992,5.1656,1.80454E-06,-13.8992,5.1656,1.80454E-06,-13.8992,5.1656,1.80454E-06,-13.8992,5.1656,1.80454E-06,-13.8992,5.1656,1.80454E-06,-13.8992,5.1656,1.80454E-06,-13.8992,5.1656,1.80454E-06,-13.8992,5.1656,1.80454E-06,-13.8992,5.1656,1.80454E-06],"rot":[-0.203931,-0.317559,0.159968,0.912128,-0.283739,-0.31856,0.19694,0.882738,-0.401733,-0.319165,0.254564,0.81972,-0.510639,-0.313595,0.320507,0.733608,-0.554881,-0.303749,0.377513,0.67626,-0.528708,-0.296531,0.411525,0.680576,-0.459969,-0.289631,0.425871,0.72331,-0.358387,-0.280682,0.427519,0.781028,-0.239232,-0.2685,0.421017,0.832719,-0.124161,-0.249791,0.40868,0.869005,-0.0307414,-0.217875,0.408572,0.885807,0.0299355,-0.183864,0.422226,0.887143,0.0622449,-0.151538,0.442678,0.881588,0.0733951,-0.122093,0.465477,0.87352,0.0715983,-0.0974185,0.486064,0.86552,0.0659339,-0.0787284,0.499482,0.860216],"scl":[1,1,1,1,1,1,1,1,1,1,1,1,1,1,1,1,1,1,1,1,1,1,1,1,1,1,1,1,1,1,1,1,1,1,1,1,1,1,1,1,1,1,1,1,1,1,1,1]},
{"i":6,"pos":[-26.3546,0,-1.08153E-07,-26.3546,0,-1.08153E-07,-26.3546,0,-1.08153E-07,-26.3546,0,-1.08153E-07,-26.3546,0,-1.08153E-07,-26.3546,0,-1.08153E-07,-26.3546,0,-1.08153E-07,-26.3546,0,-1.08153E-07,-26.3546,0,-1.08153E-07,-26.3546,0,-1.08153E-07,-26.3546,0,-1.08153E-07,-26.3546,0,-1.08153E-07,-26.3546,0,-1.08153E-07,-26.3546,0,-1.08153E-07,-26.3546,0,-1.08153E-07,-26.3546,0,-1.08153E-07],"rot":[0,0.447001,0,0.894534,0,0.493972,0,0.869478,0,0.543797,0,0.839217,0,0.591225,0,0.806507,0,0.631724,0,0.775193,0,0.661494,0,0.749951,0,0.680772,0,0.732495,0,0.690644,0,0.723195,0,0.690784,0,0.723061,0,0.680522,0,0.732727,0,0.658754,0,0.752359,0,0.623887,0,0.781515,0,0.577382,0,0.816474,0,0.521844,0,0.853041,0,0.465984,0,0.884793,0,0.419858,0,0.90759],"scl":[1,1,1,1,1,1,1,1,1,1,1,1,1,1,1,1,1,1,1,1,1,1,1,1,1,1,1,1,1,1,1,1,1,1,1,1,1,1,1,1,1,1,1,1,1,1,1,1]},
{"i":7,"pos":[-21.9902,0,1.65367E-05,-21.9902,0,1.65367E-05,-21.9902,0,1.65367E-05,-21.9902,0,1.65367E-05,-21.9902,0,1.65367E-05,-21.9902,0,1.65367E-05,-21.9902,0,1.65367E-05,-21.9902,0,1.65367E-05,-21.9902,0,1.65367E-05,-21.9902,0,1.65367E-05,-21.9902,0,1.65367E-05,-21.9902,0,1.65367E-05,-21.9902,0,1.65367E-05,-21.9902,0,1.65367E-05,-21.9902,0,1.65367E-05,-21.9902,0,1.65367E-05],"rot":[-0.156195,0.0214931,0.105771,0.981811,-0.173294,0.0268051,0.106294,0.97875,-0.19636,0.0341593,0.105955,0.974192,-0.224235,0.0432998,0.105186,0.967874,-0.255737,0.053957,0.104411,0.959576,-0.28968,0.0658297,0.104009,0.949175,-0.324903,0.078577,0.104286,0.93669,-0.360295,0.091822,0.105449,0.9223,-0.394823,0.105162,0.10759,0.906355,-0.427563,0.118187,0.110674,0.889367,-0.457705,0.130494,0.114543,0.871985,-0.484565,0.141711,0.118927,0.854969,-0.507572,0.1515,0.123464,0.839151,-0.526245,0.159565,0.127732,0.825403,-0.540154,0.165642,0.131278,0.814593,-0.548871,0.169482,0.133669,0.807558],"scl":[1,1,1,1,1,1,1,1,1,1,1,1,1,1,1,1,1,1,1,1,1,1,1,1,1,1,1,1,1,1,1,1,1,1,1,1,1,1,1,1,1,1,1,1,1,1,1,1]},
{"i":8,"pos":[14.2415,17.0749,-1.55006E-07,14.2415,17.0749,-1.55006E-07,14.2415,17.0749,-1.55006E-07,14.2415,17.0749,-1.55006E-07,14.2415,17.0749,-1.55006E-07,14.2415,17.0749,-1.55006E-07,14.2415,17.0749,-1.55006E-07,14.2415,17.0749,-1.55006E-07,14.2415,17.0749,-1.55006E-07,14.2415,17.0749,-1.55006E-07,14.2415,17.0749,-1.55006E-07,14.2415,17.0749,-1.55006E-07,14.2415,17.0749,-1.55006E-07,14.2415,17.0749,-1.55006E-07,14.2415,17.0749,-1.55006E-07,14.2415,17.0749,-1.55006E-07],