{
"name":"pl000bmot_g2s25_m0",
"frameCount":16,"fps":60,"rotFormat":"quat_xyzw",
"bones":[
{"i":0,"pos":[0,0,0,0,0,0,0,0,0,0,0,0,0,0,0,0,0,0,0,0,0,0,0,0,0,0,0,0,0,0,0,0,0,0,0,0,0,0,0,0,0,0,0,0,0,0,0,0],"rot":[0,0,0,1,0,0,0,1,0,0,0,1,0,0,0,1,0,0,0,1,0,0,0,1,0,0,0,1,0,0,0,1,0,0,0,1,0,0,0,1,0,0,0,1,0,0,0,1,0,0,0,1,0,0,0,1,0,0,0,1,0,0,0,1],"scl":[1,1,1,1,1,1,1,1,1,1,1,1,1,1,1,1,1,1,1,1,1,1,1,1,1,1,1,1,1,1,1,1,1,1,1,1,1,1,1,1,1,1,1,1,1,1,1,1]},
{"i":1,"pos":[5.96826,68.8594,-11.3047,6.39662,68.3204,-11.727,6.61078,68.0508,-11.9382,6.82495,67.7812,-12.1494,7.03914,67.5119,-12.3604,7.25338,67.2426,-12.5713,7.03589,67.5078,-12.3564,6.83526,67.7602,-12.1584,6.45466,68.2432,-11.783,6.32397,68.4082,-11.6543,6.1933,68.5732,-11.5256,6.06262,68.7383,-11.397,5.93195,68.9033,-11.2683,5.80127,69.0684,-11.1396,5.71411,69.1777,-11.054,5.62695,69.2871,-10.9683],"rot":[0,0,0,1,0,0,0,1,0,0,0,1,0,0,0,1,0,0,0,1,0,0,0,1,0,0,0,1,0,0,0,1,0,0,0,1,0,0,0,1,0,0,0,1,0,0,0,1,0,0,0,1,0,0,0,1,0,0,0,1,0,0,0,1],"scl":[1,1,1,1,1,1,1,1,1,1,1,1,1,1,1,1,1,1,1,1,1,1,1,1,1,1,1,1,1,1,1,1,1,1,1,1,1,1,1,1,1,1,1,1,1,1,1,1]},
{"i":2,"pos":[0,0,0,0,0,0,0,0,0,0,0,0,0,0,0,0,0,0,0,0,0,0,0,0,0,0,0,0,0,0,0,0,0,0,0,0,0,0,0,0,0,0,0,0,0,0,0,0],"rot":[0.139327,-0.419609,0.0128469,0.896856,0.168795,-0.378292,0.0309217,0.909641,0.182948,-0.357035,0.0396683,0.91514,0.196678,-0.33542,0.0481954,0.920048,0.209951,-0.313446,0.0564761,0.924382,0.222782,-0.291126,0.0645069,0.928145,0.213966,-0.30535,0.060677,0.925904,0.205011,-0.319475,0.0567068,0.923412,0.189776,-0.342753,0.0497317,0.918712,0.182681,-0.353279,0.0463993,0.916335,0.175532,-0.363715,0.0429898,0.913812,0.168309,-0.374089,0.0394971,0.911136,0.161021,-0.38438,0.0359261,0.908314,0.153677,-0.394571,0.0322819,0.905348,0.148746,-0.401326,0.0298155,0.903285,0.14379,-0.408042,0.0273167,0.901155],"scl":[1,1,1,1,1,1,1,1,1,1,1,1,1,1,1,1,1,1,1,1,1,1,1,1,1,1,1,1,1,1,1,1,1,1,1,1,1,1,1,1,1,1,1,1,1,1,1,1]},
{"i":3,"pos":[0,15,0,0,15,0,0,15,0,0,15,0,0,15,0,0,15,0,0,15,0,0,15,0,0,15,0,0,15,0,0,15,0,0,15,0,0,15,0,0,15,0,0,15,0,0,15,0],"rot":[0.00881055,-0.0242728,-0.00063058,0.999666,0.0101176,-0.0145585,5.93326E-05,0.999843,0.0107653,-0.0097,0.000395002,0.999895,0.0114092,-0.00484087,0.000724437,0.999923,0.0120491,1.87288E-05,0.00104765,0.999927,0.0126852,0.00487876,0.00136456,0.999907,0.0123536,0.00486906,0.00116283,0.999911,0.012022,0.00485824,0.00096114,0.999915,0.0114693,0.00484655,0.000624889,0.999922,0.0112166,0.00483804,0.000471196,0.999925,0.010964,0.0048302,0.000317512,0.999928,0.0107113,0.00482299,0.000163826,0.999931,0.0104587,0.00481634,1.0124E-05,0.999934,0.010206,0.00481021,-0.000143605,0.999936,0.0100376,0.00480503,-0.000246062,0.999938,0.00986912,0.00480021,-0.000348562,0.99994],"scl":[1,1,1,1,1,1,1,1,1,1,1,1,1,1,1,1,1,1,1,1,1,1,1,1,1,1,1,1,1,1,1,1,1,1,1,1,1,1,1,1,1,1,1,1,1,1,1,1]},
{"i":4,"pos":[-12,8,-2.5902E-06,-12,8,-2.5902E-06,-12,8,-2.5902E-06,-12,8,-2.5902E-06,-12,8,-2.5902E-06,-12,8,-2.5902E-06,-12,8,-2.5902E-06,-12,8,-2.5902E-06,-12,8,-2.5902E-06,-12,8,-2.5902E-06,-12,8,-2.5902E-06,-12,8,-2.5902E-06,-12,8,-2.5902E-06,-12,8,-2.5902E-06,-12,8,-2.5902E-06,-12,8,-2.5902E-06],"rot":[-0.0261601,-0.0314534,0.0600966,0.997354,-0.0512824,-0.0912186,0.0457728,0.993456,-0.064127,-0.120725,0.0373325,0.989909,-0.0770968,-0.149907,0.0280805,0.98529,-0.090149,-0.178711,0.0180401,0.979597,-0.103255,-0.207128,0.00724558,0.972823,-0.090609,-0.164205,0.030857,0.981771,-0.0790412,-0.120457,0.0535532,0.988117,-0.0275098,-0.102249,-0.00502002,0.994366,-0.0220372,-0.0595452,0.0224889,0.997729,-0.0187751,-0.0165369,0.0497242,0.99845,-0.0177281,0.0266286,0.0765481,0.996553,-0.0189274,0.0697621,0.102771,0.992075,-0.0223869,0.112672,0.128211,0.985071,-0.0259454,0.141089,0.144674,0.979025,-0.0304983,0.169285,0.160681,0.971902],"scl":[1,1,1,1,1,1,1,1,1,1,1,1,1,1,1,1,1,1,1,1,1,1,1,1,1,1,1,1,1,1,1,1,1,1,1,1,1,1,1,1,1,1,1,1,1,1,1,1]},
{"i":5,"pos":[-7.99999,0,1.58307E-07,-7.99999,0,1.58307E-07,-7.99999,0,1.58307E-07,-7.99999,0,1.58307E-07,-7.99999,0,1.58307E-07,-7.99999,0,1.58307E-07,-7.99999,0,1.58307E-07,-7.99999,0,1.58307E-07,-7.99999,0,1.58307E-07,-7.99999,0,1.58307E-07,-7.99999,0,1.58307E-07,-7.99999,0,1.58307E-07,-7.99999,0,1.58307E-07,-7.99999,0,1.58307E-07,-7.99999,0,1.58307E-07,-7.99999,0,1.58307E-07],"rot":[0.0340248,0.188969,-0.157002,0.968754,0.0758961,0.0920156,0.00346269,0.992855,0.0790592,-0.109189,0.161786,0.977575,0.142653,-0.36301,0.284184,0.87585,0.36991,-0.426168,0.284311,0.775058,0.436517,-0.388396,0.342083,0.735922,0.418375,-0.424663,0.338618,0.727985,0.400925,-0.367125,0.260043,0.798032,0.312482,-0.223847,0.31037,0.869436,0.330865,-0.189333,0.254445,0.888785,0.365136,-0.174449,0.197972,0.892777,0.140408,-0.24916,-0.116422,0.951131,0.00536329,-0.18174,-0.149116,0.97196,-0.0470936,-0.111607,-0.108685,0.986668,-0.000972693,-0.0344331,-0.0332594,0.998853,0.145703,0.122667,0.00267047,0.981691],"scl":[1,1,1,1,1,1,1,1,1,1,1,1,1,1,1,1,1,1,1,1,1,1,1,1,1,1,1,1,1,1,1,1,1,1,1,1,1,1,1,1,1,1,1,1,1,1,1,1]},
{"i":6,"pos":[-23,0,-6.54836E-08,-23,0,-6.54836E-08,-23,0,-6.54836E-08,-23,0,-6.54836E-08,-23,0,-6.54836E-08,-23,0,-6.54836E-08,-23,0,-6.54836E-08,-23,0,-6.54836E-08,-23,0,-6.54836E-08,-23,0,-6.54836E-08,-23,0,-6.54836E-08,-23,0,-6.54836E-08,-23,0,-6.54836E-08,-23,0,-6.54836E-08,-23,0,-6.54836E-08,-23,0,-6.54836E-08],"rot":[2.29442E-07,0.775234,-4.86145E-07,0.631675,4.11512E-06,0.709594,-4.35932E-06,0.70461,-1.98528E-07,0.792399,-4.10283E-07,0.610003,-2.2787E-07,0.839752,-6.51278E-07,0.54297,-1.28232E-07,0.796257,2.26594E-08,0.604958,-3.63673E-06,0.704838,3.6745E-06,0.709368,1.18012E-05,0.707734,-1.20636E-05,0.706479,2.67639E-07,0.620102,8.34484E-08,0.784521,2.65504E-06,0.391371,1.0536E-06,0.920233,-1.1706E-07,0.215818,-1.54957E-07,0.976434,-8.50786E-07,-2.14279E-05,-6.09265E-07,1,-8.77591E-08,0.377256,-2.11816E-08,0.926109,3.11313E-08,0.536989,-1.7733E-07,0.843589,-2.69345E-07,0.672824,-1.4585E-07,0.739803,-1.71487E-07,0.779832,-4.85864E-08,0.625989,-5.10881E-08,0.813245,-1.09316E-07,0.581921],"scl":[1,1,1,1,1,1,1,1,1,1,1,1,1,1,1,1,1,1,1,1,1,1,1,1,1,1,1,1,1,1,1,1,1,1,1,1,1,1,1,1,1,1,1,1,1,1,1,1]},
{"i":7,"pos":[-23,0,-1.09625E-06,-23,0,-1.09625E-06,-23,0,-1.09625E-06,-23,0,-1.09625E-06,-23,0,-1.09625E-06,-23,0,-1.09625E-06,-23,0,-1.09625E-06,-23,0,-1.09625E-06,-23,0,-1.09625E-06,-23,0,-1.09625E-06,-23,0,-1.09625E-06,-23,0,-1.09625E-06,-23,0,-1.09625E-06,-23,0,-1.09625E-06,-23,0,-1.09625E-06,-23,0,-1.09625E-06],"rot":[0.194693,0.000962323,-0.168142,0.966345,0.0481594,0.0589838,-0.234679,0.969086,-0.0927042,-0.0416856,-0.292453,0.950863,-0.289251,-0.188497,-0.330668,0.878329,-0.509927,-0.414603,-0.314318,0.685042,-0.734171,-0.00538174,0.249894,0.631282,-0.739339,0.00338647,0.245907,0.626815,-0.798547,0.0318227,0.303371,0.518917,0.773533,-0.0253778,-0.435489,-0.45973,0.770604,-0.0637801,-0.50147,-0.38811,0.749983,-0.14405,-0.582362,-0.278621,0.658193,-0.312457,-0.536301,-0.426068,-0.538077,0.428068,0.378719,0.619519,-0.382475,0.460741,0.179752,0.780461,-0.182465,0.375795,-0.0558353,0.906844,0.0177524,0.173093,-0.238892,0.955329],"scl":[1,1,1,1,1,1,1,1,1,1,1,1,1,1,1,1,1,1,1,1,1,1,1,1,1,1,1,1,1,1,1,1,1,1,1,1,1,1,1,1,1,1,1,1,1,1,1,1]},
{"i":8,"pos":[12,8,2.51267E-06,12,8,2.51267E-06,12,8,2.51267E-06,12,8,2.51267E-06,12,8,2.51267E-06,12,8,2.51267E-06,12,8,2.51267E-06,12,8,2.51267E-06,12,8,2.51267E-06,12,8,2.51267E-06,12,8,2.51267E-06,12,8,2.51267E-06,12,8,2.51267E-06,12,8,2.51267E-06,12,8,2.51267E-06,12,8,2.51267E-06],"rot":[0,0,0,1,0,0,0,1,0,0,0,1,0,0,0,1,0,0,0,1,0,0,0,1,0,0,0,1,0,0,0,1,0,0,0,1,0,0,0,1,0,0,0,1,0,0,0,1,0,0,0,1,0,0,0,1,0,0,0,1,0,0,0,1],"scl":[1,1,1,1,1,1,1,1,1,1,1,1,1,1,1,0,0,0,0,0,0,0,0,0,0,0,0,0,0,0,0,0,0,0,0,0,0,0,0,0,0,0,0,0,0,0,0,0]},
{"i":9,"pos":[8,0,-1.1762E-06,8,0,-1.1762E-06,8,0,-1.1762E-06,8,0,-1.1762E-06,8,0,-1.1762E-06,8,0,-1.1762E-06,8,0,-1.1762E-06,8,0,-1.1762E-06,8,0,-1.1762E-06,8,0,-1.1762E-06,8,0,-1.1762E-06,8,0,-1.1762E-06,8,0,-1.1762E-06,8,0,-1.1762E-06,8,0,-1.1762E-06,8,0,-1.1762E-06],