{
"name":"pl0615mot_g3s18_m0",
"frameCount":16,"fps":60,"rotFormat":"quat_xyzw",
"bones":[
{"i":0,"pos":[0,0,0,0,0,0,0,0,0,0,0,0,0,0,0,0,0,0,0,0,0,0,0,0,0,0,0,0,0,0,0,0,0,0,0,0,0,0,0,0,0,0,0,0,0,0,0,0],"rot":[0,0,0,1,0,0,0,1,0,0,0,1,0,0,0,1,0,0,0,1,0,0,0,1,0,0,0,1,0,0,0,1,0,0,0,1,0,0,0,1,0,0,0,1,0,0,0,1,0,0,0,1,0,0,0,1,0,0,0,1,0,0,0,1],"scl":[1,1,1,1,1,1,1,1,1,1,1,1,1,1,1,1,1,1,1,1,1,1,1,1,1,1,1,1,1,1,1,1,1,1,1,1,1,1,1,1,1,1,1,1,1,1,1,1]},
{"i":1,"pos":[0,132.753,-7.479,0,132.753,-7.479,0,132.753,-7.479,0,132.753,-7.479,0,132.753,-7.479,0,132.753,-7.479,0,132.753,-7.479,0,132.753,-7.479,0,132.753,-7.479,0,132.753,-7.479,0,132.753,-7.479,0,132.753,-7.479,0,132.753,-7.479,0,132.753,-7.479,0,132.753,-7.479,0,132.753,-7.479],"rot":[0,0,0,1,0,0,0,1,0,0,0,1,0,0,0,1,0,0,0,1,0,0,0,1,0,0,0,1,0,0,0,1,0,0,0,1,0,0,0,1,0,0,0,1,0,0,0,1,0,0,0,1,0,0,0,1,0,0,0,1,0,0,0,1],"scl":[1,1,1,1,1,1,1,1,1,1,1,1,1,1,1,1,1,1,1,1,1,1,1,1,1,1,1,1,1,1,1,1,1,1,1,1,1,1,1,1,1,1,1,1,1,1,1,1]},
{"i":2,"pos":[0,0,0,0,0,0,0,0,0,0,0,0,0,0,0,0,0,0,0,0,0,0,0,0,0,0,0,0,0,0,0,0,0,0,0,0,0,0,0,0,0,0,0,0,0,0,0,0],"rot":[0.185595,-0.647859,0.158608,0.721579,0.201889,-0.651503,0.182876,0.708055,0.19627,-0.652801,0.176462,0.710064,0.185309,-0.649346,0.159377,0.720146,0.175481,-0.641731,0.140118,0.733318,0.172886,-0.630963,0.127819,0.745425,0.17594,-0.618397,0.122086,0.756125,0.179249,-0.604607,0.116129,0.767356,0.182754,-0.589623,0.10999,0.779004,0.186393,-0.573487,0.103709,0.790958,0.190105,-0.556241,0.0973241,0.803109,0.19383,-0.537937,0.0908755,0.81535,0.197514,-0.518636,0.0844016,0.827576,0.201104,-0.498402,0.0779396,0.839689,0.204553,-0.477311,0.0715254,0.851597,0.207816,-0.455446,0.0651928,0.86321],"scl":[1,1,1,1,1,1,1,1,1,1,1,1,1,1,1,1,1,1,1,1,1,1,1,1,1,1,1,1,1,1,1,1,1,1,1,1,1,1,1,1,1,1,1,1,1,1,1,1]},
{"i":3,"pos":[0,22.0797,0,0,22.0797,0,0,22.0797,0,0,22.0797,0,0,22.0797,0,0,22.0797,0,0,22.0797,0,0,22.0797,0,0,22.0797,0,0,22.0797,0,0,22.0797,0,0,22.0797,0,0,22.0797,0,0,22.0797,0,0,22.0797,0,0,22.0797,0],"rot":[-0.0730443,0.343676,-0.0835126,0.932511,-0.0730954,0.348006,-0.0844398,0.930816,-0.0724911,0.347746,-0.0846183,0.930944,-0.0717385,0.344292,-0.0841495,0.932328,-0.0713141,0.339028,-0.083111,0.93438,-0.071717,0.333342,-0.0816096,0.936525,-0.0727307,0.327681,-0.0798431,0.938595,-0.0737736,0.321581,-0.0779169,0.940783,-0.0748304,0.315074,-0.075836,0.943068,-0.0758862,0.308191,-0.073606,0.945432,-0.0769269,0.300963,-0.0712328,0.947855,-0.077939,0.293423,-0.0687229,0.950319,-0.0789102,0.285603,-0.0660839,0.952805,-0.0798291,0.277536,-0.0633236,0.955296,-0.0806853,0.269256,-0.0604509,0.957777,-0.0814701,0.260796,-0.0574756,0.960231],"scl":[1,1,1,1,1,1,1,1,1,1,1,1,1,1,1,1,1,1,1,1,1,1,1,1,1,1,1,1,1,1,1,1,1,1,1,1,1,1,1,1,1,1,1,1,1,1,1,1]},
{"i":4,"pos":[-18,15.2803,0,-18,15.2803,0,-18,15.2803,0,-18,15.2803,0,-18,15.2803,0,-18,15.2803,0,-18,15.2803,0,-18,15.2803,0,-18,15.2803,0,-18,15.2803,0,-18,15.2803,0,-18,15.2803,0,-18,15.2803,0,-18,15.2803,0,-18,15.2803,0,-18,15.2803,0],"rot":[-0.0700055,0.158609,-0.0504492,0.983564,1.58244E-05,-0.000375241,3.3885E-06,1,-0.0257255,0.0516011,-0.0197751,0.998141,-0.0734441,0.168325,-0.0525618,0.981585,-0.107119,0.285245,-0.0692791,0.949927,-0.116517,0.332832,-0.0711994,0.933047,-0.116498,0.333214,-0.0711456,0.932918,-0.111397,0.306462,-0.0703374,0.942722,-0.103663,0.2721,-0.0679492,0.954253,-0.0922703,0.229483,-0.0629441,0.966882,-0.077358,0.182135,-0.0548067,0.978692,-0.0597324,0.133779,-0.0437543,0.988241,-0.0409166,0.0881713,-0.0308137,0.994788,-0.0230265,0.0489279,-0.0177187,0.99838,-0.00853704,0.0194185,-0.0066687,0.999753,0,0.00280761,0,0.999996],"scl":[1,1,1,1,1,1,1,1,1,1,1,1,1,1,1,1,1,1,1,1,1,1,1,1,1,1,1,1,1,1,1,1,1,1,1,1,1,1,1,1,1,1,1,1,1,1,1,1]},
{"i":5,"pos":[-19.2,1.52588E-05,0,-19.2,1.52588E-05,0,-19.2,1.52588E-05,0,-19.2,1.52588E-05,0,-19.2,1.52588E-05,0,-19.2,1.52588E-05,0,-19.2,1.52588E-05,0,-19.2,1.52588E-05,0,-19.2,1.52588E-05,0,-19.2,1.52588E-05,0,-19.2,1.52588E-05,0,-19.2,1.52588E-05,0,-19.2,1.52588E-05,0,-19.2,1.52588E-05,0,-19.2,1.52588E-05,0,-19.2,1.52588E-05,0],"rot":[-0.668139,0.127657,0.213975,0.701076,-0.61394,0.239831,0.381044,0.648356,-0.635056,0.200066,0.330707,0.668813,-0.681559,0.119881,0.203538,0.692588,-0.71966,0.0470131,0.0616423,0.689985,-0.714964,0.00418257,0.00425625,0.699136,-0.679969,-0.0320566,0.0226462,0.732189,-0.624259,-0.049499,0.0784404,0.775692,-0.557884,-0.0571018,0.150472,0.814164,-0.484913,-0.0472023,0.233165,0.841585,-0.412192,-0.0193375,0.316602,0.8541,-0.346264,0.0228433,0.391787,0.852105,-0.291598,0.0724147,0.4525,0.839625,-0.249638,0.120869,0.496215,0.822704,-0.219089,0.159817,0.523629,0.807633,-0.197289,0.181902,0.536989,0.799769],"scl":[1,1,1,1,1,1,1,1,1,1,1,1,1,1,1,1,1,1,1,1,1,1,1,1,1,1,1,1,1,1,1,1,1,1,1,1,1,1,1,1,1,1,1,1,1,1,1,1]},
{"i":6,"pos":[-33.12,0,2.28882E-05,-33.12,0,2.28882E-05,-33.12,0,2.28882E-05,-33.12,0,2.28882E-05,-33.12,0,2.28882E-05,-33.12,0,2.28882E-05,-33.12,0,2.28882E-05,-33.12,0,2.28882E-05,-33.12,0,2.28882E-05,-33.12,0,2.28882E-05,-33.12,0,2.28882E-05,-33.12,0,2.28882E-05,-33.12,0,2.28882E-05,-33.12,0,2.28882E-05,-33.12,0,2.28882E-05,-33.12,0,2.28882E-05],"rot":[0,0.184364,0,0.982858,0,0.371507,0,0.92843,0,0.312712,0,0.949848,0,0.181034,0,0.983477,0,0.0501455,0,0.998742,0,0.00624776,0,0.999981,0,0.0249325,0,0.999689,0,0.0807939,0,0.996731,0,0.148195,0,0.988958,0,0.225454,0,0.974254,0,0.306286,0,0.95194,0,0.384593,0,0.923086,0,0.454872,0,0.890557,0,0.51247,0,0.858705,0,0.553568,0,0.832804,0,0.574805,0,0.81829],"scl":[1,1,1,1,1,1,1,1,1,1,1,1,1,1,1,1,1,1,1,1,1,1,1,1,1,1,1,1,1,1,1,1,1,1,1,1,1,1,1,1,1,1,1,1,1,1,1,1]},
{"i":7,"pos":[-36.24,3.05176E-05,1.90735E-05,-36.24,3.05176E-05,1.90735E-05,-36.24,3.05176E-05,1.90735E-05,-36.24,3.05176E-05,1.90735E-05,-36.24,3.05176E-05,1.90735E-05,-36.24,3.05176E-05,1.90735E-05,-36.24,3.05176E-05,1.90735E-05,-36.24,3.05176E-05,1.90735E-05,-36.24,3.05176E-05,1.90735E-05,-36.24,3.05176E-05,1.90735E-05,-36.24,3.05176E-05,1.90735E-05,-36.24,3.05176E-05,1.90735E-05,-36.24,3.05176E-05,1.90735E-05,-36.24,3.05176E-05,1.90735E-05,-36.24,3.05176E-05,1.90735E-05,-36.24,3.05176E-05,1.90735E-05],"rot":[0.0472214,0.00172809,-0.0513849,0.99756,0.0699735,-0.0139775,-0.0999379,0.992432,0.0614587,-0.0125751,-0.085647,0.994349,0.0414358,-0.00950133,-0.053485,0.997663,0.0181637,-0.00571766,-0.0195286,0.999628,0.00057075,0.000175688,-0.00111216,0.999999,-0.0133463,0.0085474,0.00673743,0.999852,-0.0255461,0.0190835,0.00899034,0.999451,-0.0380794,0.0310906,0.0106385,0.998734,-0.0501991,0.0439241,0.0109875,0.997712,-0.0617217,0.0568965,0.0104602,0.996415,-0.0724937,0.0693008,0.00941876,0.994914,-0.0823987,0.0804124,0.00818689,0.993316,-0.0913555,0.0896977,0.00707415,0.991745,-0.0993114,0.0964657,0.00635668,0.990349,-0.106229,0.100013,0.00629572,0.989279],"scl":[1,1,1,1,1,1,1,1,1,1,1,1,1,1,1,1,1,1,1,1,1,1,1,1,1,1,1,1,1,1,1,1,1,1,1,1,1,1,1,1,1,1,1,1,1,1,1,1]},
{"i":8,"pos":[-24,0,0,-24,0,0,-24,0,0,-24,0,0,-24,0,0,-24,0,0,-24,0,0,-24,0,0,-24,0,0,-24,0,0,-24,0,0,-24,0,0,-24,0,0,-24,0,0,-24,0,0,-24,0,0],"rot":[0,0,0,1,0,0,0,1,0,0,0,1,0,0,0,1,0,0,0,1,0,0,0,1,0,0,0,1,0,0,0,1,0,0,0,1,0,0,0,1,0,0,0,1,0,0,0,1,0,0,0,1,0,0,0,1,0,0,0,1,0,0,0,1],"scl":[1,1,1,1,1,1,1,1,1,1,1,1,1,1,1,1,1,1,1,1,1,1,1,1,1,1,1,1,1,1,1,1,1,1,1,1,1,1,1,1,1,1,1,1,1,1,1,1]},
{"i":9,"pos":[-19.2,0,0,-19.2,0,0,-19.2,0,0,-19.2,0,0,-19.2,0,0,-19.2,0,0,-19.2,0,0,-19.2,0,0,-19.2,0,0,-19.2,0,0,-19.2,0,0,-19.2,0,0,-19.2,0,0,-19.2,0,0,-19.2,0,0,-19.2,0,0],