{
"name":"pl0706mot_g4s3_m0",
"frameCount":20,"fps":60,"rotFormat":"quat_xyzw",
"bones":[
{"i":0,"pos":[0,0,0,0,0,0,0,0,0,0,0,0,0,0,0,0,0,0,0,0,0,0,0,0,0,0,0,0,0,0,0,0,0,0,0,0,0,0,0,0,0,0,0,0,0,0,0,0,0,0,0,0,0,0,0,0,0,0,0,0],"rot":[0,0,0,1,0,0,0,1,0,0,0,1,0,0,0,1,0,0,0,1,0,0,0,1,0,0,0,1,0,0,0,1,0,0,0,1,0,0,0,1,0,0,0,1,0,0,0,1,0,0,0,1,0,0,0,1,0,0,0,1,0,0,0,1,0,0,0,1,0,0,0,1,0,0,0,1,0,0,0,1],"scl":[1,1,1,1,1,1,1,1,1,1,1,1,1,1,1,1,1,1,1,1,1,1,1,1,1,1,1,1,1,1,1,1,1,1,1,1,1,1,1,1,1,1,1,1,1,1,1,1,1,1,1,1,1,1,1,1,1,1,1,1]},
{"i":1,"pos":[0,117.877,0,0,116.696,0,0,115.578,0,0,114.511,0,0,113.481,0,0,112.476,0,0,111.483,0,0,110.491,0,0,109.485,0,0,108.454,0,0,107.384,0,0,106.264,0,0,105.08,0,0,103.82,0,0,102.471,0,0,101.02,0,0,99.4558,0,0,97.7646,0,0,95.9339,0,0,93.9512,0],"rot":[0,0,0,1,0,0,0,1,0,0,0,1,0,0,0,1,0,0,0,1,0,0,0,1,0,0,0,1,0,0,0,1,0,0,0,1,0,0,0,1,0,0,0,1,0,0,0,1,0,0,0,1,0,0,0,1,0,0,0,1,0,0,0,1,0,0,0,1,0,0,0,1,0,0,0,1,0,0,0,1],"scl":[1,1,1,1,1,1,1,1,1,1,1,1,1,1,1,1,1,1,1,1,1,1,1,1,1,1,1,1,1,1,1,1,1,1,1,1,1,1,1,1,1,1,1,1,1,1,1,1,1,1,1,1,1,1,1,1,1,1,1,1]},
{"i":2,"pos":[0,0,0,0,0,0,0,0,0,0,0,0,0,0,0,0,0,0,0,0,0,0,0,0,0,0,0,0,0,0,0,0,0,0,0,0,0,0,0,0,0,0,0,0,0,0,0,0,0,0,0,0,0,0,0,0,0,0,0,0],"rot":[-0.148897,-0.182168,-0.0635812,0.969846,-0.142062,-0.174222,-0.060865,0.972502,-0.135302,-0.165988,-0.0583241,0.975059,-0.128594,-0.157522,-0.0559473,0.977507,-0.121917,-0.148878,-0.0537223,0.97984,-0.115247,-0.140111,-0.0516363,0.982049,-0.108566,-0.131275,-0.0496757,0.98413,-0.101853,-0.122425,-0.0478263,0.986078,-0.09509,-0.113615,-0.0460732,0.98789,-0.0882582,-0.104898,-0.0444009,0.989563,-0.0813403,-0.0963287,-0.042793,0.991097,-0.0743198,-0.0879587,-0.0412327,0.992492,-0.0671801,-0.0798411,-0.0397024,0.993748,-0.0599056,-0.0720277,-0.0381833,0.99487,-0.0524805,-0.0645697,-0.0366561,0.995858,-0.0448893,-0.0575179,-0.0351002,0.996717,-0.0371164,-0.050922,-0.0334936,0.99745,-0.0291461,-0.044831,-0.0318132,0.998062,-0.0209621,-0.0392927,-0.0300341,0.998556,-0.0125475,-0.0343543,-0.0281295,0.998935],"scl":[1,1,1,1,1,1,1,1,1,1,1,1,1,1,1,1,1,1,1,1,1,1,1,1,1,1,1,1,1,1,1,1,1,1,1,1,1,1,1,1,1,1,1,1,1,1,1,1,1,1,1,1,1,1,1,1,1,1,1,1]},
{"i":3,"pos":[0,12,0,0,12,0,0,12,0,0,12,0,0,12,0,0,12,0,0,12,0,0,12,0,0,12,0,0,12,0,0,12,0,0,12,0,0,12,0,0,12,0,0,12,0,0,12,0,0,12,0,0,12,0,0,12,0,0,12,0],"rot":[-0.234267,0.180941,-0.200918,0.933816,-0.225867,0.163211,-0.194644,0.940457,-0.216864,0.145425,-0.187748,0.946875,-0.207267,0.127644,-0.180235,0.953028,-0.197094,0.109926,-0.172117,0.958878,-0.186365,0.0923306,-0.163411,0.964386,-0.175106,0.0749161,-0.154138,0.969519,-0.163349,0.0577383,-0.144325,0.974245,-0.151129,0.0408515,-0.134004,0.978537,-0.138486,0.0243068,-0.123212,0.982369,-0.125464,0.00815297,-0.111989,0.985723,-0.112112,-0.00756507,-0.10038,0.988584,-0.0984793,-0.0228061,-0.088434,0.990939,-0.0846212,-0.0375327,-0.0762025,0.992786,-0.0705935,-0.0517119,-0.0637397,0.994123,-0.0564548,-0.0653152,-0.0511026,0.994955,-0.042265,-0.0783182,-0.0383497,0.995294,-0.0280848,-0.0907018,-0.025541,0.995154,-0.0139759,-0.102451,-0.0127372,0.994558,0,-0.113555,0,0.993532],"scl":[1,1,1,1,1,1,1,1,1,1,1,1,1,1,1,1,1,1,1,1,1,1,1,1,1,1,1,1,1,1,1,1,1,1,1,1,1,1,1,1,1,1,1,1,1,1,1,1,1,1,1,1,1,1,1,1,1,1,1,1]},
{"i":4,"pos":[-9,15,3.47762E-06,-9,15,3.47762E-06,-9,15,3.47762E-06,-9,15,3.47762E-06,-9,15,3.47762E-06,-9,15,3.47762E-06,-9,15,3.47762E-06,-9,15,3.47762E-06,-9,15,3.47762E-06,-9,15,3.47762E-06,-9,15,3.47762E-06,-9,15,3.47762E-06,-9,15,3.47762E-06,-9,15,3.47762E-06,-9,15,3.47762E-06,-9,15,3.47762E-06,-9,15,3.47762E-06,-9,15,3.47762E-06,-9,15,3.47762E-06,-9,15,3.47762E-06],"rot":[-0.0765268,0.353553,-0.236071,0.901895,-0.0783081,0.332587,-0.232761,0.910536,-0.0791648,0.311458,-0.229184,0.918804,-0.0791732,0.290181,-0.225266,0.926705,-0.0784031,0.268769,-0.22093,0.934241,-0.0769166,0.247232,-0.216096,0.941415,-0.0747683,0.225579,-0.210682,0.948228,-0.0720051,0.203817,-0.204605,0.954678,-0.0686658,0.181955,-0.19778,0.96076,-0.0647815,0.159999,-0.190122,0.966466,-0.0603748,0.13796,-0.181543,0.971784,-0.0554602,0.115847,-0.171959,0.976695,-0.0500439,0.0936727,-0.161283,0.981177,-0.0441238,0.0714519,-0.149431,0.9852,-0.0376891,0.0492013,-0.13632,0.988724,-0.030721,0.026942,-0.121871,0.991704,-0.0231922,0.00469835,-0.106008,0.994084,-0.0150672,-0.017501,-0.0886586,0.995794,-0.00630241,-0.0396221,-0.0697575,0.996757,0.00315351,-0.0616251,-0.0492467,0.996879],"scl":[1,1,1,1,1,1,1,1,1,1,1,1,1,1,1,1,1,1,1,1,1,1,1,1,1,1,1,1,1,1,1,1,1,1,1,1,1,1,1,1,1,1,1,1,1,1,1,1,1,1,1,1,1,1,1,1,1,1,1,1]},
{"i":5,"pos":[-10,0,1.90303E-05,-10,0,1.90303E-05,-10,0,1.90303E-05,-10,0,1.90303E-05,-10,0,1.90303E-05,-10,0,1.90303E-05,-10,0,1.90303E-05,-10,0,1.90303E-05,-10,0,1.90303E-05,-10,0,1.90303E-05,-10,0,1.90303E-05,-10,0,1.90303E-05,-10,0,1.90303E-05,-10,0,1.90303E-05,-10,0,1.90303E-05,-10,0,1.90303E-05,-10,0,1.90303E-05,-10,0,1.90303E-05,-10,0,1.90303E-05,-10,0,1.90303E-05],"rot":[-0.210679,-0.061719,-0.0126929,0.975522,-0.202229,-0.0630812,-0.00241483,0.977302,-0.193925,-0.0649363,0.00861366,0.978827,-0.183818,-0.139862,0.0341205,0.972361,-0.173492,-0.175082,0.0517913,0.967763,-0.163066,-0.202022,0.0680523,0.96331,-0.152683,-0.224514,0.0837221,0.958787,-0.142454,-0.243918,0.0990994,0.954144,-0.132463,-0.260941,0.114318,0.949365,-0.12282,-0.275805,0.129362,0.944517,-0.113612,-0.28873,0.144218,0.939643,-0.104846,-0.299925,0.158899,0.934775,-0.0965804,-0.309436,0.173316,0.929991,-0.0887947,-0.317358,0.187418,0.925351,-0.0814967,-0.323771,0.201061,0.920926,-0.0746422,-0.328737,0.214128,0.916793,-0.0681667,-0.332312,0.226505,0.913027,-0.0619666,-0.33453,0.238095,0.909703,-0.055928,-0.335421,0.248796,0.906899,-0.049925,-0.335004,0.258501,0.904686],"scl":[1,1,1,1,1,1,1,1,1,1,1,1,1,1,1,1,1,1,1,1,1,1,1,1,1,1,1,1,1,1,1,1,1,1,1,1,1,1,1,1,1,1,1,1,1,1,1,1,1,1,1,1,1,1,1,1,1,1,1,1]},
{"i":6,"pos":[-24,0,0,-24,0,0,-24,0,0,-24,0,0,-24,0,0,-24,0,0,-24,0,0,-24,0,0,-24,0,0,-24,0,0,-24,0,0,-24,0,0,-24,0,0,-24,0,0,-24,0,0,-24,0,0,-24,0,0,-24,0,0,-24,0,0,-24,0,0],"rot":[0,0,0,1,0,-9.045E-06,0,1,0,-1.12951E-05,0,1,0,0.148255,0,0.988949,0,0.21426,0,0.976777,0,0.262579,0,0.964911,0,0.301392,0,0.9535,0,0.333715,0,0.942674,0,0.361159,0,0.932504,0,0.384395,0,0.923169,0,0.404068,0,0.914729,0,0.420799,0,0.907154,0,0.434874,0,0.900491,0,0.44662,0,0.894724,0,0.456321,0,0.889815,0,0.46425,0,0.885704,0,0.470673,0,0.882308,0,0.475845,0,0.879529,0,0.480017,0,0.877259,0,0.483438,0,0.875379],"scl":[1,1,1,1,1,1,1,1,1,1,1,1,1,1,1,1,1,1,1,1,1,1,1,1,1,1,1,1,1,1,1,1,1,1,1,1,1,1,1,1,1,1,1,1,1,1,1,1,1,1,1,1,1,1,1,1,1,1,1,1]},
{"i":7,"pos":[-24,0,0,-24,0,0,-24,0,0,-24,0,0,-24,0,0,-24,0,0,-24,0,0,-24,0,0,-24,0,0,-24,0,0,-24,0,0,-24,0,0,-24,0,0,-24,0,0,-24,0,0,-24,0,0,-24,0,0,-24,0,0,-24,0,0,-24,0,0],"rot":[-0.536931,-0.343993,0.623624,0.45218,-0.513206,-0.326315,0.626523,0.48745,-0.489041,-0.297908,0.625407,0.530052,-0.516953,-0.307375,0.58914,0.539624,-0.52111,-0.298649,0.567033,0.563672,-0.523634,-0.289659,0.545053,0.587216,-0.514527,-0.279194,0.530352,0.613221,-0.504872,-0.269349,0.514868,0.638331,-0.494678,-0.260132,0.498635,0.662562,-0.483984,-0.251567,0.481694,0.68589,-0.472829,-0.243677,0.46409,0.70829,-0.461251,-0.236485,0.445868,0.729742,-0.449293,-0.230009,0.427074,0.750226,-0.436995,-0.224267,0.407754,0.769725,-0.424398,-0.219274,0.387955,0.788223,-0.411546,-0.215043,0.367725,0.805708,-0.39848,-0.211584,0.347111,0.822168,-0.385244,-0.208907,0.326162,0.837594,-0.372008,-0.207026,0.305092,0.851862,-0.360949,-0.20615,0.287528,0.86287],"scl":[1,1,1,1,1,1,1,1,1,1,1,1,1,1,1,1,1,1,1,1,1,1,1,1,1,1,1,1,1,1,1,1,1,1,1,1,1,1,1,1,1,1,1,1,1,1,1,1,1,1,1,1,1,1,1,1,1,1,1,1]},
{"i":8,"pos":[-9.99998,-5,35,-9.99998,-5,35,-9.99998,-5,35,-9.99998,-5,35,-9.99998,-5,35,-9.99998,-5,35,-9.99998,-5,35,-9.99998,-5,35,-9.99998,-5,35,-9.99998,-5,35,-9.99998,-5,35,-9.99998,-5,35,-9.99998,-5,35,-9.99998,-5,35,-9.99998,-5,35,-9.99998,-5,35,-9.99998,-5,35,-9.99998,-5,35,-9.99998,-5,35,-9.99998,-5,35],