{
"name":"pl0706mot_g3s0_m0",
"frameCount":17,"fps":60,"rotFormat":"quat_xyzw",
"bones":[
{"i":0,"pos":[0,0,0,0,0,0,0,0,0,0,0,0,0,0,0,0,0,0,0,0,0,0,0,0,0,0,0,0,0,0,0,0,0,0,0,0,0,0,0,0,0,0,0,0,0,0,0,0,0,0,0],"rot":[0,0,0,1,0,0,0,1,0,0,0,1,0,0,0,1,0,0,0,1,0,0,0,1,0,0,0,1,0,0,0,1,0,0,0,1,0,0,0,1,0,0,0,1,0,0,0,1,0,0,0,1,0,0,0,1,0,0,0,1,0,0,0,1,0,0,0,1],"scl":[1,1,1,1,1,1,1,1,1,1,1,1,1,1,1,1,1,1,1,1,1,1,1,1,1,1,1,1,1,1,1,1,1,1,1,1,1,1,1,1,1,1,1,1,1,1,1,1,1,1,1]},
{"i":1,"pos":[0,87.8066,-0.34375,0,83.8681,-1.06915,0,79.4066,-1.71552,0,76.1427,-1.82249,0,75.7969,-0.929688,0,82.4763,2.78326,0,94.0756,8.42084,0,102.996,12.3696,0,106.837,13.6663,0,108.868,13.9274,0,109.999,13.4097,0,111.137,12.3696,0,112.601,10.82,0,113.991,8.74194,0,115.135,6.34449,0,115.863,3.83673,0,116.002,1.42773],"rot":[0,0,0,1,0,0,0,1,0,0,0,1,0,0,0,1,0,0,0,1,0,0,0,1,0,0,0,1,0,0,0,1,0,0,0,1,0,0,0,1,0,0,0,1,0,0,0,1,0,0,0,1,0,0,0,1,0,0,0,1,0,0,0,1,0,0,0,1],"scl":[1,1,1,1,1,1,1,1,1,1,1,1,1,1,1,1,1,1,1,1,1,1,1,1,1,1,1,1,1,1,1,1,1,1,1,1,1,1,1,1,1,1,1,1,1,1,1,1,1,1,1]},
{"i":2,"pos":[0,0,0,0,0,0,0,0,0,0,0,0,0,0,0,0,0,0,0,0,0,0,0,0,0,0,0,0,0,0,0,0,0,0,0,0,0,0,0,0,0,0,0,0,0,0,0,0,0,0,0],"rot":[0.00431381,-0.367631,0.00170533,0.92996,0.0133415,-0.286866,0.00399558,0.957869,0.0205591,-0.180619,0.00377631,0.983331,0.0185348,-0.0755317,0.00140422,0.99697,0,0,0,1,-0.0646567,0.0227774,0.00147618,0.997647,-0.161037,0.0112643,0.00183809,0.986882,-0.230483,0,0,0.973076,-0.258761,0,0,0.965941,-0.2716,0,0,0.96241,-0.272395,0,0,0.962185,-0.264397,0,0,0.964414,-0.249469,0,0,0.968383,-0.227689,0,0,0.973734,-0.199563,0,0,0.979885,-0.165608,0,0,0.986192,-0.12637,0,0,0.991983],"scl":[1,1,1,1,1,1,1,1,1,1,1,1,1,1,1,1,1,1,1,1,1,1,1,1,1,1,1,1,1,1,1,1,1,1,1,1,1,1,1,1,1,1,1,1,1,1,1,1,1,1,1]},
{"i":3,"pos":[0,12,0,0,12,0,0,12,0,0,12,0,0,12,0,0,12,0,0,12,0,0,12,0,0,12,0,0,12,0,0,12,0,0,12,0,0,12,0,0,12,0,0,12,0,0,12,0,0,12,0],"rot":[0.00167013,-0.0995357,0.000167068,0.995033,0.00506749,-0.0651823,0.000331019,0.99786,0.00764272,-0.0220465,0.000168541,0.999728,0.00680711,0.0181317,-0.000123448,0.999812,0,0.0435958,0,0.999049,-0.0228882,0.0399862,0.000916186,0.998938,-0.0576377,0.0172039,0.000993391,0.998189,-0.0852236,0,0,0.996362,-0.100514,-0.00348415,-0.000351992,0.994929,-0.111538,-0.00309336,-0.000347194,0.993755,-0.119101,-0.00115899,-0.000139027,0.992881,-0.124009,0,0,0.992281,-0.133619,0,0,0.991033,-0.148047,0,0,0.98898,-0.157264,0,0,0.987557,-0.151291,0,0,0.988489,-0.120041,0,0,0.992769],"scl":[1,1,1,1,1,1,1,1,1,1,1,1,1,1,1,1,1,1,1,1,1,1,1,1,1,1,1,1,1,1,1,1,1,1,1,1,1,1,1,1,1,1,1,1,1,1,1,1,1,1,1]},
{"i":4,"pos":[-9,15,3.47762E-06,-9,15,3.47762E-06,-9,15,3.47762E-06,-9,15,3.47762E-06,-9,15,3.47762E-06,-9,15,3.47762E-06,-9,15,3.47762E-06,-9,15,3.47762E-06,-9,15,3.47762E-06,-9,15,3.47762E-06,-9,15,3.47762E-06,-9,15,3.47762E-06,-9,15,3.47762E-06,-9,15,3.47762E-06,-9,15,3.47762E-06,-9,15,3.47762E-06,-9,15,3.47762E-06],"rot":[-0.00881597,-0.261325,0.1712,0.949906,0.00354992,-0.276625,0.184435,0.943106,0.0130921,-0.287862,0.19433,0.937657,0.00990026,-0.284146,0.191044,0.939503,-0.0148269,-0.253532,0.164578,0.953108,-0.0893101,-0.134617,0.0706714,0.984331,-0.152057,0.0638601,-0.0587295,0.984556,-0.155025,0.206819,-0.134074,0.95667,-0.149449,0.24277,-0.15473,0.945931,-0.149725,0.234876,-0.157591,0.947407,-0.145088,0.211737,-0.15038,0.954726,-0.124325,0.202421,-0.140625,0.961142,-0.0799105,0.213669,-0.128661,0.965094,-0.0200138,0.232141,-0.112956,0.965894,0.040937,0.255562,-0.0997431,0.960762,0.0899346,0.279032,-0.0927542,0.951551,0.116163,0.296261,-0.0928072,0.943463],"scl":[1,1,1,1,1,1,1,1,1,1,1,1,1,1,1,1,1,1,1,1,1,1,1,1,1,1,1,1,1,1,1,1,1,1,1,1,1,1,1,1,1,1,1,1,1,1,1,1,1,1,1]},
{"i":5,"pos":[-10,0,1.90303E-05,-10,0,1.90303E-05,-10,0,1.90303E-05,-10,0,1.90303E-05,-10,0,1.90303E-05,-10,0,1.90303E-05,-10,0,1.90303E-05,-10,0,1.90303E-05,-10,0,1.90303E-05,-10,0,1.90303E-05,-10,0,1.90303E-05,-10,0,1.90303E-05,-10,0,1.90303E-05,-10,0,1.90303E-05,-10,0,1.90303E-05,-10,0,1.90303E-05,-10,0,1.90303E-05],"rot":[0.224985,-0.00301109,0.0987495,0.969341,0.165872,-0.00637443,0.0961656,0.981426,0.0883754,0.0196437,0.103706,0.990479,0.0194722,0.0747863,0.112584,0.990632,-0.0160816,0.136285,0.105287,0.984928,0.029278,0.196703,0.0427059,0.979095,0.140041,0.29397,-0.0299919,0.945024,0.209399,0.3819,-0.0508163,0.898733,0.195139,0.403742,-0.0605837,0.891764,0.141766,0.441229,-0.0544257,0.884453,0.0594711,0.477543,-0.0262198,0.876201,-0.025818,0.492015,0.0153225,0.870069,-0.10218,0.477683,0.0566682,0.870728,-0.174102,0.446681,0.0926283,0.872688,-0.233674,0.409789,0.117848,0.873832,-0.279239,0.376473,0.134245,0.873082,-0.309929,0.354099,0.145641,0.870257],"scl":[1,1,1,1,1,1,1,1,1,1,1,1,1,1,1,1,1,1,1,1,1,1,1,1,1,1,1,1,1,1,1,1,1,1,1,1,1,1,1,1,1,1,1,1,1,1,1,1,1,1,1]},
{"i":6,"pos":[-24,0,0,-24,0,0,-24,0,0,-24,0,0,-24,0,0,-24,0,0,-24,0,0,-24,0,0,-24,0,0,-24,0,0,-24,0,0,-24,0,0,-24,0,0,-24,0,0,-24,0,0,-24,0,0,-24,0,0],"rot":[0,0.450737,0,0.892657,0,0.519812,0,0.854281,0,0.566585,0,0.824003,0,0.572755,0,0.819726,0,0.540706,0,0.841212,0,0.439252,0,0.898364,0,0.20878,0,0.977963,0,-1.12802E-05,0,1,0,-9.0301E-06,0,1,0,0,0,1,0,0,0,1,0,0,0,1,0,0,0,1,0,0,0,1,0,0,0,1,0,0,0,1,0,0,0,1],"scl":[1,1,1,1,1,1,1,1,1,1,1,1,1,1,1,1,1,1,1,1,1,1,1,1,1,1,1,1,1,1,1,1,1,1,1,1,1,1,1,1,1,1,1,1,1,1,1,1,1,1,1]},
{"i":7,"pos":[-24,0,0,-24,0,0,-24,0,0,-24,0,0,-24,0,0,-24,0,0,-24,0,0,-24,0,0,-24,0,0,-24,0,0,-24,0,0,-24,0,0,-24,0,0,-24,0,0,-24,0,0,-24,0,0,-24,0,0],"rot":[-0.160647,-0.28611,-0.0551883,0.943021,-0.207444,-0.272081,-0.0800027,0.936236,-0.267731,-0.257615,-0.10504,0.922454,-0.327413,-0.253254,-0.119319,0.902456,-0.371995,-0.272186,-0.115066,0.87994,-0.373664,-0.372854,-0.0730072,0.846183,-0.318351,-0.506412,-0.0230102,0.801043,-0.293535,-0.558504,0.00706383,0.775797,-0.373655,-0.515798,0.0364731,0.770067,-0.497005,-0.423769,0.0796596,0.753034,-0.605026,-0.30598,0.127717,0.723884,-0.660556,-0.198141,0.160051,0.70625,-0.667158,-0.10079,0.161757,0.720122,-0.640831,0.00326073,0.136653,0.755414,-0.591782,0.09611,0.0906188,0.795201,-0.538356,0.163876,0.038685,0.825725,-0.503936,0.200166,0.00190001,0.840225],"scl":[1,1,1,1,1,1,1,1,1,1,1,1,1,1,1,1,1,1,1,1,1,1,1,1,1,1,1,1,1,1,1,1,1,1,1,1,1,1,1,1,1,1,1,1,1,1,1,1,1,1,1]},
{"i":8,"pos":[-9.99998,-5,35,-9.99998,-5,35,-9.99998,-5,35,-9.99998,-5,35,-9.99998,-5,35,-9.99998,-5,35,-9.99998,-5,35,-9.99998,-5,35,-9.99998,-5,35,-9.99998,-5,35,-9.99998,-5,35,-9.99998,-5,35,-9.99998,-5,35,-9.99998,-5,35,-9.99998,-5,35,-9.99998,-5,35,-9.99998,-5,35],"rot":[-1.90172E-08,3.64447E-09,-1.09483E-08,1,-1.90172E-08,3.64447E-09,-1.09483E-08,1,-1.90172E-08,3.64447E-09,-1.09483E-08,1,-1.90172E-08,3.64447E-09,-1.09483E-08,1,-1.90172E-08,3.64447E-09,-1.09483E-08,1,-1.90172E-08,3.64447E-09,-1.09483E-08,1,-1.90172E-08,3.64447E-09,-1.09483E-08,1,-1.90172E-08,3.64447E-09,-1.09483E-08,1,-1.90172E-08,3.64447E-09,-1.09483E-08,1,-1.90172E-08,3.64447E-09,-1.09483E-08,1,-1.90172E-08,3.64447E-09,-1.09483E-08,1,-1.90172E-08,3.64447E-09,-1.09483E-08,1,-1.90172E-08,3.64447E-09,-1.09483E-08,1,-1.90172E-08,3.64447E-09,-1.09483E-08,1,-1.90172E-08,3.64447E-09,-1.09483E-08,1,-1.90172E-08,3.64447E-09,-1.09483E-08,1,-1.90172E-08,3.64447E-09,-1.09483E-08,1],"scl":[1,1,1,1,1,1,1,1,1,1,1,1,1,1,1,1,1,1,1,1,1,1,1,1,1,1,1,1,1,1,1,1,1,1,1,1,1,1,1,1,1,1,1,1,1,1,1,1,1,1,1]},
{"i":9,"pos":[-9.99998,-5,35,-9.99998,-5,35,-9.99998,-5,35,-9.99998,-5,35,-9.99998,-5,35,-9.99998,-5,35,-9.99998,-5,35,-9.99998,-5,35,-9.99998,-5,35,-9.99998,-5,35,-9.99998,-5,35,-9.99998,-5,35,-9.99998,-5,35,-9.99998,-5,35,-9.99998,-5,35,-9.99998,-5,35,-9.99998,-5,35],