{
"name":"pl0109mot_g1s8_m0",
"frameCount":16,"fps":60,"rotFormat":"quat_xyzw",
"bones":[
{"i":0,"pos":[0,0,0,0,0,0,0,0,0,0,0,0,0,0,0,0,0,0,0,0,0,0,0,0,0,0,0,0,0,0,0,0,0,0,0,0,0,0,0,0,0,0,0,0,0,0,0,0],"rot":[0,0,0,1,0,0,0,1,0,0,0,1,0,0,0,1,0,0,0,1,0,0,0,1,0,0,0,1,0,0,0,1,0,0,0,1,0,0,0,1,0,0,0,1,0,0,0,1,0,0,0,1,0,0,0,1,0,0,0,1,0,0,0,1],"scl":[1,1,1,1,1,1,1,1,1,1,1,1,1,1,1,1,1,1,1,1,1,1,1,1,1,1,1,1,1,1,1,1,1,1,1,1,1,1,1,1,1,1,1,1,1,1,1,1]},
{"i":1,"pos":[0,94.6519,0,0,94.6519,-0.0274414,0,94.6519,-0.0823242,0,94.6519,-0.123486,0,94.6519,-0.109766,0,94.6519,0,0,94.6519,0.64325,0,94.6519,1.20074,0,94.6519,1.14915,0,94.6519,1.01313,0,94.6519,0.820822,0,94.6519,0.600372,0,94.6519,0.379923,0,94.6519,0.187616,0,94.6519,0.0515945,0,94.6519,0],"rot":[0,0,0,1,0,0,0,1,0,0,0,1,0,0,0,1,0,0,0,1,0,0,0,1,0,0,0,1,0,0,0,1,0,0,0,1,0,0,0,1,0,0,0,1,0,0,0,1,0,0,0,1,0,0,0,1,0,0,0,1,0,0,0,1],"scl":[1,1,1,1,1,1,1,1,1,1,1,1,1,1,1,1,1,1,1,1,1,1,1,1,1,1,1,1,1,1,1,1,1,1,1,1,1,1,1,1,1,1,1,1,1,1,1,1]},
{"i":2,"pos":[0,0,0,0,0,0,0,0,0,0,0,0,0,0,0,0,0,0,0,0,0,0,0,0,0,0,0,0,0,0,0,0,0,0,0,0,0,0,0,0,0,0,0,0,0,0,0,0],"rot":[0.016378,0.101257,0.0225535,0.99447,0.0162617,0.104985,0.0226139,0.994084,0.0160353,0.112103,0.0227279,0.993307,0.0158901,0.116517,0.0227978,0.9928,0.0160253,0.112144,0.0227281,0.993303,0.016615,0.0928722,0.0224149,0.995287,0.0202512,-0.0719734,0.0193761,0.997013,0.0237933,-0.289181,0.0145076,0.956869,0.0237369,-0.278989,0.014694,0.959888,0.0235068,-0.246821,0.0153373,0.968655,0.023106,-0.21071,0.0160926,0.977143,0.0224554,-0.169018,0.0170092,0.98521,0.0216027,-0.127053,0.0179737,0.991498,0.0206961,-0.0902757,0.0188483,0.995523,0.0199647,-0.0641946,0.0194825,0.997547,0.019668,-0.0542917,0.019726,0.998137],"scl":[1,1,1,1,1,1,1,1,1,1,1,1,1,1,1,1,1,1,1,1,1,1,1,1,1,1,1,1,1,1,1,1,1,1,1,1,1,1,1,1,1,1,1,1,1,1,1,1]},
{"i":3,"pos":[0,15.0956,0,0,15.0956,0,0,15.0956,0,0,15.0956,0,0,15.0956,0,0,15.0956,0,0,15.0956,0,0,15.0956,0,0,15.0956,0,0,15.0956,0,0,15.0956,0,0,15.0956,0,0,15.0956,0,0,15.0956,0,0,15.0956,0,0,15.0956,0],"rot":[0.097562,0.394908,0.0119145,0.913448,0.0953354,0.405826,0.012605,0.908877,0.0907588,0.426376,0.0137946,0.899876,0.0874913,0.43867,0.014403,0.894263,0.0895863,0.425221,0.0135078,0.900544,0.099285,0.367142,0.00916662,0.924805,0.0857566,-0.160125,-0.0608453,0.98148,0.0503221,-0.26249,-0.0844249,0.959916,0.0511774,-0.270392,-0.0824074,0.957851,0.0559436,-0.269258,-0.0778048,0.958289,0.0612473,-0.266745,-0.0726747,0.959069,0.0673123,-0.263689,-0.0668095,0.959934,0.0733553,-0.260506,-0.0609627,0.960749,0.0786067,-0.257643,-0.0558781,0.961415,0.0823092,-0.255572,-0.052291,0.96186,0.0837109,-0.254776,-0.0509324,0.962023],"scl":[1,1,1,1,1,1,1,1,1,1,1,1,1,1,1,1,1,1,1,1,1,1,1,1,1,1,1,1,1,1,1,1,1,1,1,1,1,1,1,1,1,1,1,1,1,1,1,1]},
{"i":4,"pos":[-19,11.2331,-3.04084E-06,-19,11.2331,-3.04084E-06,-19,11.2331,-3.04084E-06,-19,11.2331,-3.04084E-06,-19,11.2331,-3.04084E-06,-19,11.2331,-3.04084E-06,-19,11.2331,-3.04084E-06,-19,11.2331,-3.04084E-06,-19,11.2331,-3.04084E-06,-19,11.2331,-3.04084E-06,-19,11.2331,-3.04084E-06,-19,11.2331,-3.04084E-06,-19,11.2331,-3.04084E-06,-19,11.2331,-3.04084E-06,-19,11.2331,-3.04084E-06,-19,11.2331,-3.04084E-06],"rot":[0,-0.261894,0,0.965097,0.00130274,-0.274889,0.00132906,0.961474,0.00403555,-0.30148,0.00379933,0.953456,0.00628809,-0.323346,0.00505765,0.946246,0.00605441,-0.322643,0.00257687,0.946498,0.00183328,-0.281123,-0.00626354,0.95965,-0.0110293,0.163897,-0.0662042,0.984192,-0.0485321,0.0990473,-0.114809,0.987245,-0.0460273,0.081406,-0.121488,0.988178,-0.0392211,0.0681621,-0.123588,0.989213,-0.0317765,0.0551075,-0.124961,0.99012,-0.023243,0.0402477,-0.126189,0.990917,-0.0147073,0.0254389,-0.127075,0.991458,-0.00726125,0.012549,-0.127576,0.991723,-0.00199629,0.00344758,-0.127779,0.991795,0,0,-0.127823,0.991797],"scl":[1,1,1,1,1,1,1,1,1,1,1,1,1,1,1,1,1,1,1,1,1,1,1,1,1,1,1,1,1,1,1,1,1,1,1,1,1,1,1,1,1,1,1,1,1,1,1,1]},
{"i":5,"pos":[-6.81966,0,1.79821E-07,-6.81966,0,1.79821E-07,-6.81966,0,1.79821E-07,-6.81966,0,1.79821E-07,-6.81966,0,1.79821E-07,-6.81966,0,1.79821E-07,-6.81966,0,1.79821E-07,-6.81966,0,1.79821E-07,-6.81966,0,1.79821E-07,-6.81966,0,1.79821E-07,-6.81966,0,1.79821E-07,-6.81966,0,1.79821E-07,-6.81966,0,1.79821E-07,-6.81966,0,1.79821E-07,-6.81966,0,1.79821E-07,-6.81966,0,1.79821E-07],"rot":[0.0706241,-0.243779,0.673544,0.694206,0.0687118,-0.241873,0.674353,0.69428,0.0665644,-0.237252,0.675722,0.694753,0.0695901,-0.231571,0.676068,0.696035,0.0832038,-0.226614,0.673848,0.698321,0.112688,-0.224555,0.667578,0.700868,0.295802,-0.256242,0.623842,0.676507,0.523734,-0.206305,0.518699,0.6435,0.529164,-0.222608,0.525091,0.62826,0.515257,-0.233988,0.537772,0.624949,0.49858,-0.248227,0.548421,0.623728,0.480476,-0.265645,0.558944,0.621415,0.463595,-0.28404,0.567713,0.618145,0.449936,-0.300737,0.573914,0.614604,0.440896,-0.31284,0.577474,0.611772,0.437602,-0.317484,0.578643,0.61064],"scl":[1,1,1,1,1,1,1,1,1,1,1,1,1,1,1,1,1,1,1,1,1,1,1,1,1,1,1,1,1,1,1,1,1,1,1,1,1,1,1,1,1,1,1,1,1,1,1,1]},
{"i":6,"pos":[-24.7866,1.52588E-05,5.3205E-08,-24.7866,1.52588E-05,5.3205E-08,-24.7866,1.52588E-05,5.3205E-08,-24.7866,1.52588E-05,5.3205E-08,-24.7866,1.52588E-05,5.3205E-08,-24.7866,1.52588E-05,5.3205E-08,-24.7866,1.52588E-05,5.3205E-08,-24.7866,1.52588E-05,5.3205E-08,-24.7866,1.52588E-05,5.3205E-08,-24.7866,1.52588E-05,5.3205E-08,-24.7866,1.52588E-05,5.3205E-08,-24.7866,1.52588E-05,5.3205E-08,-24.7866,1.52588E-05,5.3205E-08,-24.7866,1.52588E-05,5.3205E-08,-24.7866,1.52588E-05,5.3205E-08,-24.7866,1.52588E-05,5.3205E-08],"rot":[0,0.868523,0,0.495648,0,0.868057,0,0.496464,0,0.867324,0,0.497743,0,0.867331,0,0.497732,0,0.869077,0,0.494677,0,0.873516,0,0.486796,0,0.90319,0,0.42924,0,0.927319,0,0.374271,0,0.929207,0,0.36956,0,0.929094,0,0.369844,0,0.927048,0,0.374944,0,0.924504,0,0.381172,0,0.921827,0,0.387602,0,0.919403,0,0.393316,0,0.917642,0,0.397408,0,0.916963,0,0.398972],"scl":[1,1,1,1,1,1,1,1,1,1,1,1,1,1,1,1,1,1,1,1,1,1,1,1,1,1,1,1,1,1,1,1,1,1,1,1,1,1,1,1,1,1,1,1,1,1,1,1]},
{"i":7,"pos":[-24.7866,-3.05176E-05,-1.10641E-06,-24.7866,-3.05176E-05,-1.10641E-06,-24.7866,-3.05176E-05,-1.10641E-06,-24.7866,-3.05176E-05,-1.10641E-06,-24.7866,-3.05176E-05,-1.10641E-06,-24.7866,-3.05176E-05,-1.10641E-06,-24.7866,-3.05176E-05,-1.10641E-06,-24.7866,-3.05176E-05,-1.10641E-06,-24.7866,-3.05176E-05,-1.10641E-06,-24.7866,-3.05176E-05,-1.10641E-06,-24.7866,-3.05176E-05,-1.10641E-06,-24.7866,-3.05176E-05,-1.10641E-06,-24.7866,-3.05176E-05,-1.10641E-06,-24.7866,-3.05176E-05,-1.10641E-06,-24.7866,-3.05176E-05,-1.10641E-06,-24.7866,-3.05176E-05,-1.10641E-06],"rot":[-0.54761,0.23687,-0.0953658,0.79682,-0.546562,0.2388,-0.0962318,0.796858,-0.544818,0.242181,-0.0976947,0.796855,-0.544517,0.243419,-0.0980443,0.796641,-0.547807,0.23892,-0.0955768,0.796046,-0.556602,0.224966,-0.0886563,0.794811,-0.610005,0.112555,-0.0400814,0.783338,-0.640342,2.73632E-05,7.23179E-07,0.76809,-0.641904,-0.0104088,0.00330465,0.766707,-0.641712,-0.0106855,0.0033535,0.766864,-0.638878,-0.00898861,0.00226959,0.769252,-0.635392,-0.00687941,0.000922826,0.772158,-0.631764,-0.00468665,-0.000493084,0.775147,-0.628512,-0.00273198,-0.00177314,0.777793,-0.626169,-0.0013304,-0.00270221,0.779681,-0.62527,-0.000793679,-0.00306038,0.780402],"scl":[1,1,1,1,1,1,1,1,1,1,1,1,1,1,1,1,1,1,1,1,1,1,1,1,1,1,1,1,1,1,1,1,1,1,1,1,1,1,1,1,1,1,1,1,1,1,1,1]},
{"i":8,"pos":[19,11.2331,2.70593E-06,19,11.2331,2.70593E-06,19,11.2331,2.70593E-06,19,11.2331,2.70593E-06,19,11.2331,2.70593E-06,19,11.2331,2.70593E-06,19,11.2331,2.70593E-06,19,11.2331,2.70593E-06,19,11.2331,2.70593E-06,19,11.2331,2.70593E-06,19,11.2331,2.70593E-06,19,11.2331,2.70593E-06,19,11.2331,2.70593E-06,19,11.2331,2.70593E-06,19,11.2331,2.70593E-06,19,11.2331,2.70593E-06],"rot":[0,0,0,1,0,0,0,1,0,0,0,1,0,0,0,1,0,0,0,1,0,0,0,1,0,0,0,1,0,0,0,1,0,0,0,1,0,0,0,1,0,0,0,1,0,0,0,1,0,0,0,1,0,0,0,1,0,0,0,1,0,0,0,1],"scl":[1,1,1,1,1,1,1,1,1,1,1,1,1,1,1,1,1,1,1,1,1,1,1,1,1,1,1,1,1,1,1,1,1,1,1,1,1,1,1,1,1,1,1,1,1,1,1,1]},
{"i":9,