{
"name":"pl0109mot_g1s7_m0",
"frameCount":16,"fps":60,"rotFormat":"quat_xyzw",
"bones":[
{"i":0,"pos":[0,0,0,0,0,0,0,0,0,0,0,0,0,0,0,0,0,0,0,0,0,0,0,0,0,0,0,0,0,0,0,0,0,0,0,0,0,0,0,0,0,0,0,0,0,0,0,0],"rot":[0,0,0,1,0,0,0,1,0,0,0,1,0,0,0,1,0,0,0,1,0,0,0,1,0,0,0,1,0,0,0,1,0,0,0,1,0,0,0,1,0,0,0,1,0,0,0,1,0,0,0,1,0,0,0,1,0,0,0,1,0,0,0,1],"scl":[1,1,1,1,1,1,1,1,1,1,1,1,1,1,1,1,1,1,1,1,1,1,1,1,1,1,1,1,1,1,1,1,1,1,1,1,1,1,1,1,1,1,1,1,1,1,1,1]},
{"i":1,"pos":[0,94.6519,0,0,94.6519,-0.0274414,0,94.6519,-0.0823242,0,94.6519,-0.123486,0,94.6519,-0.109766,0,94.6519,0,0,94.6519,0.64324,0,94.6519,1.20073,0,94.6519,1.15314,0,94.6519,1.02681,0,94.6519,0.846452,0,94.6519,0.636798,0,94.6519,0.422589,0,94.6519,0.22856,0,94.6519,0.0794516,0,94.6519,0],"rot":[0,0,0,1,0,0,0,1,0,0,0,1,0,0,0,1,0,0,0,1,0,0,0,1,0,0,0,1,0,0,0,1,0,0,0,1,0,0,0,1,0,0,0,1,0,0,0,1,0,0,0,1,0,0,0,1,0,0,0,1,0,0,0,1],"scl":[1,1,1,1,1,1,1,1,1,1,1,1,1,1,1,1,1,1,1,1,1,1,1,1,1,1,1,1,1,1,1,1,1,1,1,1,1,1,1,1,1,1,1,1,1,1,1,1]},
{"i":2,"pos":[0,0,0,0,0,0,0,0,0,0,0,0,0,0,0,0,0,0,0,0,0,0,0,0,0,0,0,0,0,0,0,0,0,0,0,0,0,0,0,0,0,0,0,0,0,0,0,0],"rot":[0.0163778,-0.101257,-0.0225562,0.99447,0.0162614,-0.104985,-0.022617,0.994084,0.0160348,-0.112103,-0.022732,0.993307,0.0158895,-0.116517,-0.0228031,0.9928,0.0160246,-0.112144,-0.0227343,0.993303,0.0166143,-0.0928723,-0.0224216,0.995287,0.0202518,0.0719732,-0.0193836,0.997013,0.0237959,0.289181,-0.0145163,0.956869,0.0237397,0.278989,-0.0147035,0.959888,0.0235671,0.254882,-0.0151752,0.966566,0.0232105,0.220932,-0.0158771,0.974884,0.0226283,0.181308,-0.0167422,0.983023,0.0218445,0.140339,-0.0176798,0.989705,0.0209645,0.102494,-0.0185769,0.994339,0.0201658,0.0723036,-0.0193066,0.996992,0.0196687,0.0542915,-0.0197393,0.998136],"scl":[1,1,1,1,1,1,1,1,1,1,1,1,1,1,1,1,1,1,1,1,1,1,1,1,1,1,1,1,1,1,1,1,1,1,1,1,1,1,1,1,1,1,1,1,1,1,1,1]},
{"i":3,"pos":[0,15.0956,0,0,15.0956,0,0,15.0956,0,0,15.0956,0,0,15.0956,0,0,15.0956,0,0,15.0956,0,0,15.0956,0,0,15.0956,0,0,15.0956,0,0,15.0956,0,0,15.0956,0,0,15.0956,0,0,15.0956,0,0,15.0956,0,0,15.0956,0],"rot":[0.097562,-0.394908,-0.0119145,0.913448,0.0953354,-0.405826,-0.012605,0.908877,0.0907588,-0.426376,-0.0137946,0.899876,0.0874913,-0.43867,-0.014403,0.894263,0.0895863,-0.425221,-0.0135078,0.900544,0.099285,-0.367142,-0.00916662,0.924805,0.0857557,0.160135,0.0608442,0.981479,0.0503221,0.26249,0.0844249,0.959916,0.052226,0.262442,0.0833067,0.959925,0.0559621,0.262324,0.0801274,0.960018,0.060943,0.262001,0.0754611,0.960181,0.0665749,0.26138,0.0699112,0.960396,0.0722627,0.260391,0.0640815,0.96066,0.0774107,0.258979,0.0585753,0.960992,0.0814241,0.257114,0.0539936,0.96143,0.0837109,0.254776,0.0509324,0.962023],"scl":[1,1,1,1,1,1,1,1,1,1,1,1,1,1,1,1,1,1,1,1,1,1,1,1,1,1,1,1,1,1,1,1,1,1,1,1,1,1,1,1,1,1,1,1,1,1,1,1]},
{"i":4,"pos":[-19,11.2331,-3.04084E-06,-19,11.2331,-3.04084E-06,-19,11.2331,-3.04084E-06,-19,11.2331,-3.04084E-06,-19,11.2331,-3.04084E-06,-19,11.2331,-3.04084E-06,-19,11.2331,-3.04084E-06,-19,11.2331,-3.04084E-06,-19,11.2331,-3.04084E-06,-19,11.2331,-3.04084E-06,-19,11.2331,-3.04084E-06,-19,11.2331,-3.04084E-06,-19,11.2331,-3.04084E-06,-19,11.2331,-3.04084E-06,-19,11.2331,-3.04084E-06,-19,11.2331,-3.04084E-06],"rot":[-0.100606,-0.247835,-0.0370945,0.96285,-0.100226,-0.246445,-0.0370219,0.963249,-0.0991588,-0.242983,-0.0368443,0.964245,-0.0975136,-0.238507,-0.0366237,0.965538,-0.095404,-0.23408,-0.0364168,0.966839,-0.0929537,-0.230771,-0.036268,0.967879,0.0133606,-0.241699,-0.161794,0.956674,6.85428E-06,0.109754,-1.18605E-05,0.993959,-0.00133025,0.129422,0.0154324,0.991469,-0.00184236,0.132244,0.0231429,0.990945,-0.00140287,0.122443,0.0248549,0.992163,-0.000425133,0.104146,0.0221685,0.994315,0.000532485,0.0814854,0.0166528,0.996535,0.00102579,0.0586412,0.00989279,0.99823,0.00084983,0.0398338,0.00350153,0.9992,2.59243E-05,0.0292927,-0.00088463,0.99957],"scl":[1,1,1,1,1,1,1,1,1,1,1,1,1,1,1,1,1,1,1,1,1,1,1,1,1,1,1,1,1,1,1,1,1,1,1,1,1,1,1,1,1,1,1,1,1,1,1,1]},
{"i":5,"pos":[-6.81966,0,1.79821E-07,-6.81966,0,1.79821E-07,-6.81966,0,1.79821E-07,-6.81966,0,1.79821E-07,-6.81966,0,1.79821E-07,-6.81966,0,1.79821E-07,-6.81966,0,1.79821E-07,-6.81966,0,1.79821E-07,-6.81966,0,1.79821E-07,-6.81966,0,1.79821E-07,-6.81966,0,1.79821E-07,-6.81966,0,1.79821E-07,-6.81966,0,1.79821E-07,-6.81966,0,1.79821E-07,-6.81966,0,1.79821E-07,-6.81966,0,1.79821E-07],"rot":[0.109632,-0.144272,-0.0841387,0.97984,0.107742,-0.151169,-0.0892472,0.978557,0.1035,-0.16928,-0.100046,0.974999,0.0991421,-0.194772,-0.109664,0.969644,0.0976049,-0.223956,-0.1112,0.963302,0.102822,-0.253163,-0.0978362,0.956956,0.18159,-0.304318,0.052284,0.933639,0.281452,0.198324,0.0298363,0.938383,0.119211,0.153572,0.0545885,0.9794,0.122808,0.165217,0.0513476,0.977233,0.0878686,0.150478,0.087384,0.980816,0.0453673,0.129666,0.131014,0.981817,0.00273098,0.103893,0.174543,0.979149,-0.0333538,0.0763134,0.211059,0.973919,-0.0572638,0.0517896,0.234791,0.968975,-0.064214,0.0356775,0.240882,0.96777],"scl":[1,1,1,1,1,1,1,1,1,1,1,1,1,1,1,1,1,1,1,1,1,1,1,1,1,1,1,1,1,1,1,1,1,1,1,1,1,1,1,1,1,1,1,1,1,1,1,1]},
{"i":6,"pos":[-24.7866,1.52588E-05,5.3205E-08,-24.7866,1.52588E-05,5.3205E-08,-24.7866,1.52588E-05,5.3205E-08,-24.7866,1.52588E-05,5.3205E-08,-24.7866,1.52588E-05,5.3205E-08,-24.7866,1.52588E-05,5.3205E-08,-24.7866,1.52588E-05,5.3205E-08,-24.7866,1.52588E-05,5.3205E-08,-24.7866,1.52588E-05,5.3205E-08,-24.7866,1.52588E-05,5.3205E-08,-24.7866,1.52588E-05,5.3205E-08,-24.7866,1.52588E-05,5.3205E-08,-24.7866,1.52588E-05,5.3205E-08,-24.7866,1.52588E-05,5.3205E-08,-24.7866,1.52588E-05,5.3205E-08,-24.7866,1.52588E-05,5.3205E-08],"rot":[0,0.94793,0,0.318477,0,0.946504,0,0.322692,0,0.942717,0,0.333595,0,0.937285,0,0.348563,0,0.931007,0,0.365002,0,0.924836,0,0.380367,0,0.915132,0,0.403154,0,-2.21282E-06,0,1,0,0.0268217,0,0.99964,0,0.104147,0,0.994562,0,0.214507,0,0.976722,0,0.339107,0,0.940748,0,0.459352,0,0.888254,0,0.559407,0,0.828893,0,0.627837,0,0.778345,0,0.65649,0,0.754335],"scl":[1,1,1,1,1,1,1,1,1,1,1,1,1,1,1,1,1,1,1,1,1,1,1,1,1,1,1,1,1,1,1,1,1,1,1,1,1,1,1,1,1,1,1,1,1,1,1,1]},
{"i":7,"pos":[-24.7866,-3.05176E-05,-1.10641E-06,-24.7866,-3.05176E-05,-1.10641E-06,-24.7866,-3.05176E-05,-1.10641E-06,-24.7866,-3.05176E-05,-1.10641E-06,-24.7866,-3.05176E-05,-1.10641E-06,-24.7866,-3.05176E-05,-1.10641E-06,-24.7866,-3.05176E-05,-1.10641E-06,-24.7866,-3.05176E-05,-1.10641E-06,-24.7866,-3.05176E-05,-1.10641E-06,-24.7866,-3.05176E-05,-1.10641E-06,-24.7866,-3.05176E-05,-1.10641E-06,-24.7866,-3.05176E-05,-1.10641E-06,-24.7866,-3.05176E-05,-1.10641E-06,-24.7866,-3.05176E-05,-1.10641E-06,-24.7866,-3.05176E-05,-1.10641E-06,-24.7866,-3.05176E-05,-1.10641E-06],"rot":[-0.712752,0.151296,-0.0196557,0.684622,-0.711948,0.151131,-0.019718,0.685494,-0.709337,0.15048,-0.0202163,0.688323,-0.704608,0.149107,-0.0216084,0.693417,-0.697416,0.146748,-0.0243312,0.701059,-0.687372,0.143099,-0.0287876,0.711487,-0.650017,0.0692386,0.0120896,0.756662,-0.010592,-0.0625864,-0.0679302,0.995669,-0.0279394,-0.0617882,-0.0690467,0.995306,-0.0685666,-0.0589947,-0.0714811,0.993332,-0.124667,-0.0548819,-0.0745948,0.987867,-0.188264,-0.0501564,-0.0778248,0.977744,-0.251434,-0.0456148,-0.0807793,0.963418,-0.306605,-0.04213,-0.0832605,0.947252,-0.346763,-0.0406214,-0.0852058,0.933191,-0.365326,-0.042034,-0.0865395,0.925895],"scl":[1,1,1,1,1,1,1,1,1,1,1,1,1,1,1,1,1,1,1,1,1,1,1,1,1,1,1,1,1,1,1,1,1,1,1,1,1,1,1,1,1,1,1,1,1,1,1,1]},
{"i":8,"pos":[19,11.2331,2.70593E-06,19,11.2331,2.70593E-06,19,11.2331,2.70593E-06,19,11.2331,2.70593E-06,19,11.2331,2.70593E-06,19,11.2331,2.70593E-06,19,11.2331,2.70593E-06,19,11.2331,2.70593E-06,19,11.2331,2.70593E-06,19,11.2331,2.70593E-06,19,11.2331,2.70593E-06,19,11.2331,2.70593E-06,19,11.2331,2.70593E-06,19,11.2331,2.70593E-06,19,11.2331,2.70593E-06,19,11.2331,2.70593E-06],"rot":[0,0,0,1,0,0,0,1,0,0,0,1,0,0,0,1,0,0,0,1,0,0,0,1,0,0,0,1,0,0,0,1,0,0,0,1,0,0,0,1,0,0,0,1,0,0,0,1,0,0,0,1,0,0,0,1,0,0,0,1,0,0,0,1],"scl":[1,1,1,1,1,1,1,1,1,1,1,1,1,1,1,1,1,1,1,1,1,1,1,1,1,1,1,1,1,1,1,1,1,1,1,1,1,1,1,1,1,1,1,1,1,1,1,1]},
{"i":9,