{
"name":"pl070amot_g4s3_m0",
"frameCount":15,"fps":60,"rotFormat":"quat_xyzw",
"bones":[
{"i":0,"pos":[0,0,0,0,0,0,0,0,0,0,0,0,0,0,0,0,0,0,0,0,0,0,0,0,0,0,0,0,0,0,0,0,0,0,0,0,0,0,0,0,0,0,0,0,0],"rot":[0,0,0,1,0,0,0,1,0,0,0,1,0,0,0,1,0,0,0,1,0,0,0,1,0,0,0,1,0,0,0,1,0,0,0,1,0,0,0,1,0,0,0,1,0,0,0,1,0,0,0,1,0,0,0,1,0,0,0,1],"scl":[1,1,1,1,1,1,1,1,1,1,1,1,1,1,1,1,1,1,1,1,1,1,1,1,1,1,1,1,1,1,1,1,1,1,1,1,1,1,1,1,1,1,1,1,1]},
{"i":1,"pos":[0,96.9141,0,0,96.112,0,0,94.883,0,0,93.3152,0,0,91.4968,0,0,89.516,0,0,87.4609,0,0,85.4197,0,0,83.4805,0,0,81.7316,0,0,80.261,0,0,79.1569,0,0,78.5076,0,0,78.4012,0,0,78.9258,0],"rot":[0,0,0,1,0,0,0,1,0,0,0,1,0,0,0,1,0,0,0,1,0,0,0,1,0,0,0,1,0,0,0,1,0,0,0,1,0,0,0,1,0,0,0,1,0,0,0,1,0,0,0,1,0,0,0,1,0,0,0,1],"scl":[1,1,1,1,1,1,1,1,1,1,1,1,1,1,1,1,1,1,1,1,1,1,1,1,1,1,1,1,1,1,1,1,1,1,1,1,1,1,1,1,1,1,1,1,1]},
{"i":2,"pos":[0,0,-3.41061E-13,0,0,-3.41061E-13,0,0,-3.41061E-13,0,0,-3.41061E-13,0,0,-3.41061E-13,0,0,-3.41061E-13,0,0,-3.41061E-13,0,0,-3.41061E-13,0,0,-3.41061E-13,0,0,-3.41061E-13,0,0,-3.41061E-13,0,0,-3.41061E-13,0,0,-3.41061E-13,0,0,-3.41061E-13,0,0,-3.41061E-13],"rot":[0.0058018,-0.0547426,0.0071869,0.998458,0.0076676,-0.0866315,0.00730315,0.996184,0.0109162,-0.137363,0.00774928,0.99043,0.0155781,-0.204643,0.00890581,0.978672,0.0215725,-0.285748,0.0113023,0.957995,0.0286551,-0.377403,0.0155901,0.925474,0.0363693,-0.475736,0.0224892,0.878548,0.044013,-0.576339,0.0327075,0.815369,0.0506328,-0.674444,0.0468408,0.735097,0.0550584,-0.765197,0.0652634,0.638108,0.0559775,-0.844013,0.088031,0.526079,-0.0520494,0.906951,-0.114814,-0.401931,-0.0420433,0.951071,-0.144882,-0.269639,-0.0249825,0.97471,-0.177153,-0.133915,-0.000269212,0.977637,-0.210302,0.00018733],"scl":[1,1,1,1,1,1,1,1,1,1,1,1,1,1,1,1,1,1,1,1,1,1,1,1,1,1,1,1,1,1,1,1,1,1,1,1,1,1,1,1,1,1,1,1,1]},
{"i":3,"pos":[0,10.8819,-1.75353E-06,0,10.8819,-1.75353E-06,0,10.8819,-1.75353E-06,0,10.8819,-1.75353E-06,0,10.8819,-1.75353E-06,0,10.8819,-1.75353E-06,0,10.8819,-1.75353E-06,0,10.8819,-1.75353E-06,0,10.8819,-1.75353E-06,0,10.8819,-1.75353E-06,0,10.8819,-1.75353E-06,0,10.8819,-1.75353E-06,0,10.8819,-1.75353E-06,0,10.8819,-1.75353E-06,0,10.8819,-1.75353E-06],"rot":[0.0646019,-0.0380481,-0.0268686,0.996823,0.0705077,-0.0374945,-0.0261486,0.996463,0.0795971,-0.0366036,-0.0250377,0.99584,0.0912508,-0.0353977,-0.0236138,0.994918,0.104848,-0.0338997,-0.0219556,0.993668,0.119768,-0.0321359,-0.0201394,0.992077,0.13539,-0.0301384,-0.0182371,0.990166,0.1511,-0.0279456,-0.0163139,0.987989,0.166286,-0.025603,-0.0144265,0.98564,0.180343,-0.023163,-0.0126224,0.98325,0.192676,-0.0206838,-0.0109393,0.980983,0.202694,-0.0182288,-0.00940548,0.979027,0.209812,-0.0158646,-0.00804136,0.97758,0.213445,-0.0136602,-0.00686116,0.976835,0.213005,-0.0116846,-0.00587603,0.976964],"scl":[1,1,1,1,1,1,1,1,1,1,1,1,1,1,1,1,1,1,1,1,1,1,1,1,1,1,1,1,1,1,1,1,1,1,1,1,1,1,1,1,1,1,1,1,1]},
{"i":4,"pos":[-10.809,17.3549,2.14236E-07,-10.809,17.3549,2.14236E-07,-10.809,17.3549,2.14236E-07,-10.809,17.3549,2.14236E-07,-10.809,17.3549,2.14236E-07,-10.809,17.3549,2.14236E-07,-10.809,17.3549,2.14236E-07,-10.809,17.3549,2.14236E-07,-10.809,17.3549,2.14236E-07,-10.809,17.3549,2.14236E-07,-10.809,17.3549,2.14236E-07,-10.809,17.3549,2.14236E-07,-10.809,17.3549,2.14236E-07,-10.809,17.3549,2.14236E-07,-10.809,17.3549,2.14236E-07],"rot":[-0.0405601,-0.254163,0.150249,0.954558,-0.0407086,-0.249432,0.148062,0.95614,-0.0408705,-0.241974,0.144568,0.958582,-0.0409503,-0.232135,0.139868,0.961703,-0.0408459,-0.220265,0.134063,0.96532,-0.0404608,-0.206719,0.127259,0.969245,-0.0397149,-0.191857,0.119575,0.973301,-0.0385526,-0.176046,0.111151,0.977326,-0.036949,-0.15966,0.102151,0.981177,-0.0349137,-0.143074,0.0927612,0.984737,-0.0324928,-0.126664,0.0831956,0.987916,-0.0297679,-0.110805,0.0736898,0.990659,-0.0268539,-0.0958663,0.0644999,0.992939,-0.0238938,-0.0822087,0.0558977,0.994759,-0.0210531,-0.0701868,0.0481664,0.996148],"scl":[1,1,1,1,1,1,1,1,1,1,1,1,1,1,1,1,1,1,1,1,1,1,1,1,1,1,1,1,1,1,1,1,1,1,1,1,1,1,1,1,1,1,1,1,1]},
{"i":5,"pos":[-8.83191,1.61669E-05,5.5122E-08,-8.83191,1.61669E-05,5.5122E-08,-8.83191,1.61669E-05,5.5122E-08,-8.83191,1.61669E-05,5.5122E-08,-8.83191,1.61669E-05,5.5122E-08,-8.83191,1.61669E-05,5.5122E-08,-8.83191,1.61669E-05,5.5122E-08,-8.83191,1.61669E-05,5.5122E-08,-8.83191,1.61669E-05,5.5122E-08,-8.83191,1.61669E-05,5.5122E-08,-8.83191,1.61669E-05,5.5122E-08,-8.83191,1.61669E-05,5.5122E-08,-8.83191,1.61669E-05,5.5122E-08,-8.83191,1.61669E-05,5.5122E-08,-8.83191,1.61669E-05,5.5122E-08],"rot":[0.208094,0.139626,0.191066,0.94905,0.210794,0.12273,0.177722,0.953372,0.211246,0.113075,0.159783,0.957632,0.208879,0.116181,0.138157,0.961137,0.204343,0.134073,0.112494,0.963127,0.199084,0.167025,0.0816401,0.962187,0.195433,0.212389,0.0443999,0.956413,0.195785,0.267136,-0.000317734,0.943561,0.202315,0.325847,-0.0518788,0.922064,0.215773,0.383028,-0.107193,0.891763,0.23445,0.433673,-0.160191,0.855161,0.253473,0.474643,-0.20345,0.817969,0.264558,0.502102,-0.230998,0.79028,0.256459,0.508615,-0.240036,0.78608,0.221814,0.489727,-0.225228,0.81255],"scl":[1,1,1,1,1,1,1,1,1,1,1,1,1,1,1,1,1,1,1,1,1,1,1,1,1,1,1,1,1,1,1,1,1,1,1,1,1,1,1,1,1,1,1,1,1]},
{"i":6,"pos":[-23.4384,1.75694E-05,-1.33578E-06,-23.4384,1.75694E-05,-1.33578E-06,-23.4384,1.75694E-05,-1.33578E-06,-23.4384,1.75694E-05,-1.33578E-06,-23.4384,1.75694E-05,-1.33578E-06,-23.4384,1.75694E-05,-1.33578E-06,-23.4384,1.75694E-05,-1.33578E-06,-23.4384,1.75694E-05,-1.33578E-06,-23.4384,1.75694E-05,-1.33578E-06,-23.4384,1.75694E-05,-1.33578E-06,-23.4384,1.75694E-05,-1.33578E-06,-23.4384,1.75694E-05,-1.33578E-06,-23.4384,1.75694E-05,-1.33578E-06,-23.4384,1.75694E-05,-1.33578E-06,-23.4384,1.75694E-05,-1.33578E-06],"rot":[0,0.191812,0,0.981432,0,0.259606,0,0.965715,0,0.330691,0,0.943739,0,0.392348,0,0.919817,0,0.439152,0,0.898413,0,0.468346,0,0.883545,0,0.478541,0,0.878065,0,0.469379,0,0.882997,0,0.441427,0,0.897297,0,0.396442,0,0.91806,0,0.338155,0,0.941091,0,0.27457,0,0.961567,0,0.223901,0,0.974612,0,0.218931,0,0.97574,0,0.275739,0,0.961233],"scl":[1,1,1,1,1,1,1,1,1,1,1,1,1,1,1,1,1,1,1,1,1,1,1,1,1,1,1,1,1,1,1,1,1,1,1,1,1,1,1,1,1,1,1,1,1]},
{"i":7,"pos":[-23.4396,-2.84953E-05,2.17351E-06,-23.4396,-2.84953E-05,2.17351E-06,-23.4396,-2.84953E-05,2.17351E-06,-23.4396,-2.84953E-05,2.17351E-06,-23.4396,-2.84953E-05,2.17351E-06,-23.4396,-2.84953E-05,2.17351E-06,-23.4396,-2.84953E-05,2.17351E-06,-23.4396,-2.84953E-05,2.17351E-06,-23.4396,-2.84953E-05,2.17351E-06,-23.4396,-2.84953E-05,2.17351E-06,-23.4396,-2.84953E-05,2.17351E-06,-23.4396,-2.84953E-05,2.17351E-06,-23.4396,-2.84953E-05,2.17351E-06,-23.4396,-2.84953E-05,2.17351E-06,-23.4396,-2.84953E-05,2.17351E-06],"rot":[-0.367565,-0.334459,0.137164,0.856866,-0.387315,-0.322741,0.122921,0.854819,-0.417226,-0.303585,0.101596,0.850551,-0.454551,-0.27711,0.0754148,0.843153,-0.496444,-0.24362,0.0467276,0.831871,-0.540134,-0.203833,0.0178858,0.816325,-0.58311,-0.158997,-0.00891528,0.796632,-0.623305,-0.1109,-0.0318043,0.773422,-0.65924,-0.0617834,-0.049378,0.747761,-0.690106,-0.0141837,-0.0607897,0.721011,-0.715738,0.0292508,-0.0657587,0.694651,-0.736506,0.0659283,-0.0644997,0.670114,-0.753115,0.0934329,-0.0575794,0.64867,-0.76634,0.109575,-0.0457217,0.631369,-0.776711,0.112381,-0.0295801,0.619044],"scl":[1,1,1,1,1,1,1,1,1,1,1,1,1,1,1,1,1,1,1,1,1,1,1,1,1,1,1,1,1,1,1,1,1,1,1,1,1,1,1,1,1,1,1,1,1]},
{"i":8,"pos":[10.809,17.3549,7.63856E-06,10.809,17.3549,7.63856E-06,10.809,17.3549,7.63856E-06,10.809,17.3549,7.63856E-06,10.809,17.3549,7.63856E-06,10.809,17.3549,7.63856E-06,10.809,17.3549,7.63856E-06,10.809,17.3549,7.63856E-06,10.809,17.3549,7.63856E-06,10.809,17.3549,7.63856E-06,10.809,17.3549,7.63856E-06,10.809,17.3549,7.63856E-06,10.809,17.3549,7.63856E-06,10.809,17.3549,7.63856E-06,10.809,17.3549,7.63856E-06],"rot":[0,0,0,1,0,0,0,1,0,0,0,1,0,0,0,1,0,0,0,1,0,0,0,1,0,0,0,1,0,0,0,1,0,0,0,1,0,0,0,1,0,0,0,1,0,0,0,1,0,0,0,1,0,0,0,1,0,0,0,1],"scl":[1,1,1,1,1,1,1,1,1,1,1,1,1,1,1,1,1,1,1,1,1,1,1,1,1,1,1,1,1,1,1,1,1,1,1,1,1,1,1,1,1,1,1,1,1]},
{"i":9,