{
"name":"pl0807mot_g1s10_m0",
"frameCount":16,"fps":60,"rotFormat":"quat_xyzw",
"bones":[
{"i":0,"pos":[0,0,0,0,0,0,0,0,0,0,0,0,0,0,0,0,0,0,0,0,0,0,0,0,0,0,0,0,0,0,0,0,0,0,0,0,0,0,0,0,0,0,0,0,0,0,0,0],"rot":[0,0,0,1,0,0,0,1,0,0,0,1,0,0,0,1,0,0,0,1,0,0,0,1,0,0,0,1,0,0,0,1,0,0,0,1,0,0,0,1,0,0,0,1,0,0,0,1,0,0,0,1,0,0,0,1,0,0,0,1,0,0,0,1],"scl":[1,1,1,1,1,1,1,1,1,1,1,1,1,1,1,1,1,1,1,1,1,1,1,1,1,1,1,1,1,1,1,1,1,1,1,1,1,1,1,1,1,1,1,1,1,1,1,1]},
{"i":1,"pos":[-4.65601,80.3359,-1.85083,-4.69274,80.0412,-1.86919,-4.78822,79.2753,-1.91688,-4.92031,78.2156,-1.98288,-5.06691,77.0396,-2.05612,-5.2059,75.9246,-2.12556,-5.31517,75.0481,-2.18016,-5.37259,74.5874,-2.20885,-5.35607,74.72,-2.2006,-5.24347,75.6233,-2.14435,-5.0127,77.4746,-2.02905,-4.32158,83.0183,-1.68375,-3.10339,92.7895,-1.07509,-1.74915,103.652,-0.398444,-0.649855,112.469,0.150817,-0.196533,116.105,0.377319],"rot":[0,0,0,1,0,0,0,1,0,0,0,1,0,0,0,1,0,0,0,1,0,0,0,1,0,0,0,1,0,0,0,1,0,0,0,1,0,0,0,1,0,0,0,1,0,0,0,1,0,0,0,1,0,0,0,1,0,0,0,1,0,0,0,1],"scl":[1,1,1,1,1,1,1,1,1,1,1,1,1,1,1,1,1,1,1,1,1,1,1,1,1,1,1,1,1,1,1,1,1,1,1,1,1,1,1,1,1,1,1,1,1,1,1,1]},
{"i":2,"pos":[0,0,0,0,0,0,0,0,0,0,0,0,0,0,0,0,0,0,0,0,0,0,0,0,0,0,0,0,0,0,0,0,0,0,0,0,0,0,0,0,0,0,0,0,0,0,0,0],"rot":[0.0469175,-0.614388,0.0378914,0.786696,0.047179,-0.617724,0.0383933,0.784039,0.0478439,-0.626341,0.0397086,0.777066,0.0487283,-0.63813,0.0415532,0.76726,0.0496604,-0.651033,0.0436331,0.756165,0.0504951,-0.663085,0.0456356,0.745443,0.0511174,-0.672434,0.0472301,0.736878,0.0514326,-0.677301,0.0480751,0.73233,0.051344,-0.675898,0.0478319,0.733647,0.0507158,-0.666297,0.0461832,0.742525,0.0493272,-0.646258,0.042862,0.760316,0.0444071,-0.583442,0.0334358,0.81025,0.0332833,-0.463545,0.0190545,0.885243,0.0180842,-0.319133,0.00709134,0.947511,0.00435276,-0.195745,0.000967743,0.980645,-0.00149888,-0.143786,-0.000549641,0.989607],"scl":[1,1,1,1,1,1,1,1,1,1,1,1,1,1,1,1,1,1,1,1,1,1,1,1,1,1,1,1,1,1,1,1,1,1,1,1,1,1,1,1,1,1,1,1,1,1,1,1]},
{"i":3,"pos":[2.61849E-08,11.8452,-4.82514E-07,2.61849E-08,11.8452,-4.82514E-07,2.61849E-08,11.8452,-4.82514E-07,2.61849E-08,11.8452,-4.82514E-07,2.61849E-08,11.8452,-4.82514E-07,2.61849E-08,11.8452,-4.82514E-07,2.61849E-08,11.8452,-4.82514E-07,2.61849E-08,11.8452,-4.82514E-07,2.61849E-08,11.8452,-4.82514E-07,2.61849E-08,11.8452,-4.82514E-07,2.61849E-08,11.8452,-4.82514E-07,2.61849E-08,11.8452,-4.82514E-07,2.61849E-08,11.8452,-4.82514E-07,2.61849E-08,11.8452,-4.82514E-07,2.61849E-08,11.8452,-4.82514E-07,2.61849E-08,11.8452,-4.82514E-07],"rot":[0.250589,-0.238845,0.0216618,0.937917,0.253551,-0.242539,0.0233019,0.936132,0.261172,-0.252077,0.0276943,0.931386,0.271527,-0.265121,0.0340784,0.924566,0.282754,-0.279378,0.0415757,0.916662,0.293132,-0.292672,0.0490786,0.90885,0.301103,-0.302962,0.0552425,0.902496,0.305224,-0.308311,0.0585746,0.899084,0.304042,-0.306776,0.057609,0.900071,0.29589,-0.296226,0.0511714,0.906687,0.278631,-0.274133,0.0387523,0.919627,0.222893,-0.204657,0.0080276,0.953084,0.11284,-0.0738442,-0.0212195,0.990638,-0.0195562,0.0752448,-0.0150713,0.996859,-0.127586,0.191421,0.0192506,0.97299,-0.17074,0.236552,0.0405969,0.955637],"scl":[1,1,1,1,1,1,1,1,1,1,1,1,1,1,1,1,1,1,1,1,1,1,1,1,1,1,1,1,1,1,1,1,1,1,1,1,1,1,1,1,1,1,1,1,1,1,1,1]},
{"i":4,"pos":[-22.6563,15.532,1.85216E-05,-22.6563,15.532,1.85216E-05,-22.6563,15.532,1.85216E-05,-22.6563,15.532,1.85216E-05,-22.6563,15.532,1.85216E-05,-22.6563,15.532,1.85216E-05,-22.6563,15.532,1.85216E-05,-22.6563,15.532,1.85216E-05,-22.6563,15.532,1.85216E-05,-22.6563,15.532,1.85216E-05,-22.6563,15.532,1.85216E-05,-22.6563,15.532,1.85216E-05,-22.6563,15.532,1.85216E-05,-22.6563,15.532,1.85216E-05,-22.6563,15.532,1.85216E-05,-22.6563,15.532,1.85216E-05],"rot":[0.0738536,-0.184356,0.0551397,0.978528,0.0729573,-0.184992,0.0561952,0.978416,0.0706371,-0.186654,0.0589291,0.978109,0.0674482,-0.188979,0.0626907,0.977654,0.0639384,-0.191594,0.0668364,0.977106,0.0606394,-0.194105,0.0707384,0.976546,0.0580657,-0.196102,0.0737859,0.976078,0.0567198,-0.197158,0.0753799,0.975822,0.0571055,-0.196852,0.0749202,0.975897,0.0597494,-0.194786,0.071784,0.976389,0.0652278,-0.190617,0.0652998,0.977316,0.0820877,-0.178668,0.0454419,0.979426,0.113338,-0.159677,0.00893915,0.980601,0.150076,-0.141915,-0.0335874,0.97786,0.181163,-0.130283,-0.0693283,0.972317,0.194251,-0.126248,-0.0843226,0.969132],"scl":[1,1,1,1,1,1,1,1,1,1,1,1,1,1,1,1,1,1,1,1,1,1,1,1,1,1,1,1,1,1,1,1,1,1,1,1,1,1,1,1,1,1,1,1,1,1,1,1]},
{"i":5,"pos":[-8.30821,7.62939E-06,4.19894E-07,-8.30821,7.62939E-06,4.19894E-07,-8.30821,7.62939E-06,4.19894E-07,-8.30821,7.62939E-06,4.19894E-07,-8.30821,7.62939E-06,4.19894E-07,-8.30821,7.62939E-06,4.19894E-07,-8.30821,7.62939E-06,4.19894E-07,-8.30821,7.62939E-06,4.19894E-07,-8.30821,7.62939E-06,4.19894E-07,-8.30821,7.62939E-06,4.19894E-07,-8.30821,7.62939E-06,4.19894E-07,-8.30821,7.62939E-06,4.19894E-07,-8.30821,7.62939E-06,4.19894E-07,-8.30821,7.62939E-06,4.19894E-07,-8.30821,7.62939E-06,4.19894E-07,-8.30821,7.62939E-06,4.19894E-07],"rot":[-0.0247701,-0.243217,0.433902,0.867157,-0.0252191,-0.240365,0.436331,0.86672,-0.0264296,-0.23285,0.442748,0.865481,-0.0280778,-0.222539,0.451597,0.863567,-0.0297972,-0.211303,0.461357,0.86117,-0.0311339,-0.201015,0.470581,0.85859,-0.0315399,-0.193549,0.477903,0.856243,-0.030231,-0.190678,0.482052,0.854607,-0.0264753,-0.194205,0.481732,0.854118,-0.0196192,-0.205931,0.475551,0.85502,-0.00927757,-0.227703,0.461903,0.857153,0.014102,-0.301787,0.409317,0.860921,0.0301409,-0.390272,0.317713,0.863619,0.0224862,-0.410998,0.233201,0.881018,-0.157022,-0.430455,0.100393,0.883161,-0.367071,0.00569426,0.0373647,0.929425],"scl":[1,1,1,1,1,1,1,1,1,1,1,1,1,1,1,1,1,1,1,1,1,1,1,1,1,1,1,1,1,1,1,1,1,1,1,1,1,1,1,1,1,1,1,1,1,1,1,1]},
{"i":6,"pos":[-24.1815,3.8147E-05,-1.14593E-05,-24.1815,3.8147E-05,-1.14593E-05,-24.1815,3.8147E-05,-1.14593E-05,-24.1815,3.8147E-05,-1.14593E-05,-24.1815,3.8147E-05,-1.14593E-05,-24.1815,3.8147E-05,-1.14593E-05,-24.1815,3.8147E-05,-1.14593E-05,-24.1815,3.8147E-05,-1.14593E-05,-24.1815,3.8147E-05,-1.14593E-05,-24.1815,3.8147E-05,-1.14593E-05,-24.1815,3.8147E-05,-1.14593E-05,-24.1815,3.8147E-05,-1.14593E-05,-24.1815,3.8147E-05,-1.14593E-05,-24.1815,3.8147E-05,-1.14593E-05,-24.1815,3.8147E-05,-1.14593E-05,-24.1815,3.8147E-05,-1.14593E-05],"rot":[0,0.687777,0,0.725922,0,0.687168,0,0.726498,0,0.685333,0,0.728229,0,0.682526,0,0.730862,0,0.678997,0,0.734141,0,0.675002,0,0.737816,0,0.671532,0,0.740976,0,0.669727,0,0.742607,0,0.670334,0,0.74206,0,0.674078,0,0.73866,0,0.680362,0,0.732877,0,0.682542,0,0.730846,0,0.625293,0,0.78039,0,0.484157,0,0.874981,0,0.392804,0,0.919622,0,0.0479247,0,0.998851],"scl":[1,1,1,1,1,1,1,1,1,1,1,1,1,1,1,1,1,1,1,1,1,1,1,1,1,1,1,1,1,1,1,1,1,1,1,1,1,1,1,1,1,1,1,1,1,1,1,1]},
{"i":7,"pos":[-25.6552,0.000106812,-1.93291E-06,-25.6552,0.000106812,-1.93291E-06,-25.6552,0.000106812,-1.93291E-06,-25.6552,0.000106812,-1.93291E-06,-25.6552,0.000106812,-1.93291E-06,-25.6552,0.000106812,-1.93291E-06,-25.6552,0.000106812,-1.93291E-06,-25.6552,0.000106812,-1.93291E-06,-25.6552,0.000106812,-1.93291E-06,-25.6552,0.000106812,-1.93291E-06,-25.6552,0.000106812,-1.93291E-06,-25.6552,0.000106812,-1.93291E-06,-25.6552,0.000106812,-1.93291E-06,-25.6552,0.000106812,-1.93291E-06,-25.6552,0.000106812,-1.93291E-06,-25.6552,0.000106812,-1.93291E-06],"rot":[-0.441325,0.225867,0.194241,0.846456,-0.44252,0.226196,0.19496,0.845578,-0.445614,0.227043,0.196837,0.843288,-0.449875,0.228195,0.199447,0.840095,-0.454577,0.229447,0.202361,0.836519,-0.459009,0.230609,0.205141,0.833095,-0.462475,0.231504,0.207338,0.830382,-0.46429,0.231968,0.208497,0.828948,-0.463768,0.231834,0.208164,0.829361,-0.460203,0.230916,0.205898,0.832164,-0.452843,0.228984,0.201285,0.837845,-0.430393,0.222791,0.187747,0.854328,-0.389399,0.210427,0.164953,0.881408,-0.341884,0.194629,0.141359,0.908434,-0.301983,0.180328,0.123678,0.927896,-0.285219,0.174069,0.116793,0.935259],"scl":[1,1,1,1,1,1,1,1,1,1,1,1,1,1,1,1,1,1,1,1,1,1,1,1,1,1,1,1,1,1,1,1,1,1,1,1,1,1,1,1,1,1,1,1,1,1,1,1]},
{"i":8,