{
"name":"pl070bmot_g4s4_m0",
"frameCount":16,"fps":60,"rotFormat":"quat_xyzw",
"bones":[
{"i":0,"pos":[0,0,0,0,0,0,0,0,0,0,0,0,0,0,0,0,0,0,0,0,0,0,0,0,0,0,0,0,0,0,0,0,0,0,0,0,0,0,0,0,0,0,0,0,0,0,0,0],"rot":[0,0,0,1,0,0,0,1,0,0,0,1,0,0,0,1,0,0,0,1,0,0,0,1,0,0,0,1,0,0,0,1,0,0,0,1,0,0,0,1,0,0,0,1,0,0,0,1,0,0,0,1,0,0,0,1,0,0,0,1,0,0,0,1],"scl":[1,1,1,1,1,1,1,1,1,1,1,1,1,1,1,1,1,1,1,1,1,1,1,1,1,1,1,1,1,1,1,1,1,1,1,1,1,1,1,1,1,1,1,1,1,1,1,1]},
{"i":1,"pos":[0,87.1816,0,0,99.1497,0,0,107.201,0,0,110.008,0,0,111.39,0,0,111.37,0,0,109.967,0,0,107.201,0,0,107.201,0,0,107.201,0,0,107.201,0,0,107.201,0,0,107.201,0,0,107.201,0,0,107.201,0,0,107.201,0],"rot":[0,0,0,1,0,0,0,1,0,0,0,1,0,0,0,1,0,0,0,1,0,0,0,1,0,0,0,1,0,0,0,1,0,0,0,1,0,0,0,1,0,0,0,1,0,0,0,1,0,0,0,1,0,0,0,1,0,0,0,1,0,0,0,1],"scl":[1,1,1,1,1,1,1,1,1,1,1,1,1,1,1,1,1,1,1,1,1,1,1,1,1,1,1,1,1,1,1,1,1,1,1,1,1,1,1,1,1,1,1,1,1,1,1,1]},
{"i":2,"pos":[0,0,0,0,0,0,0,0,0,0,0,0,0,0,0,0,0,0,0,0,0,0,0,0,0,0,0,0,0,0,0,0,0,0,0,0,0,0,0,0,0,0,0,0,0,0,0,0],"rot":[0.00972316,0.984808,0.0751543,0.156238,-0.000606873,0.942291,0.046499,0.33155,-0.00727283,0.859157,0.0272149,0.510936,-0.0317275,0.725459,0.0340641,0.686689,-0.0718941,0.537737,0.0500874,0.838547,-0.105343,0.319652,0.0524917,0.940197,-0.11047,0.108369,0.0318423,0.98744,-0.0758781,-0.0611674,-0.00489868,0.995227,-0.0666413,-0.437331,-0.033853,0.896189,-0.0496742,-0.747078,-0.0556741,0.660535,0.0260161,0.943112,0.0687497,-0.324249,-0.00198771,0.995507,0.0720676,0.0613841,-0.0306005,0.896277,0.0652074,0.437606,-0.0552097,0.660574,0.0486367,0.747147,-0.0713413,0.324347,0.0241388,0.942935,-0.0758781,-0.0611763,-0.00489936,0.995227],"scl":[1,1,1,1,1,1,1,1,1,1,1,1,1,1,1,1,1,1,1,1,1,1,1,1,1,1,1,1,1,1,1,1,1,1,1,1,1,1,1,1,1,1,1,1,1,1,1,1]},
{"i":3,"pos":[0,15.9011,0,0,15.9011,0,0,15.9011,0,0,15.9011,0,0,15.9011,0,0,15.9011,0,0,15.9011,0,0,15.9011,0,0,15.9011,0,0,15.9011,0,0,15.9011,0,0,15.9011,0,0,15.9011,0,0,15.9011,0,0,15.9011,0,0,15.9011,0],"rot":[-0.113059,0.184055,0.130637,0.967613,-0.101119,0.0657076,0.118394,0.985617,-0.0875949,-0.019541,0.100034,0.990928,-0.0785724,-0.0503635,0.0780313,0.992573,-0.0701519,-0.0628927,0.0530347,0.994138,-0.0613216,-0.0669198,0.0273622,0.995496,-0.0517184,-0.0721027,0.00355611,0.996049,-0.0417963,-0.0879443,-0.015405,0.995129,-0.0417963,-0.0879443,-0.015405,0.995129,-0.0417963,-0.0879443,-0.015405,0.995129,-0.0417963,-0.0879443,-0.015405,0.995129,-0.0417963,-0.0879443,-0.015405,0.995129,-0.0417963,-0.0879443,-0.015405,0.995129,-0.0417963,-0.0879443,-0.015405,0.995129,-0.0417963,-0.0879443,-0.015405,0.995129,-0.0417963,-0.0879443,-0.015405,0.995129],"scl":[1,1,1,1,1,1,1,1,1,1,1,1,1,1,1,1,1,1,1,1,1,1,1,1,1,1,1,1,1,1,1,1,1,1,1,1,1,1,1,1,1,1,1,1,1,1,1,1]},
{"i":4,"pos":[-11.7469,12.5736,-0.760727,-11.7469,12.5736,-0.760727,-11.7469,12.5736,-0.760727,-11.7469,12.5736,-0.760727,-11.7469,12.5736,-0.760727,-11.7469,12.5736,-0.760727,-11.7469,12.5736,-0.760727,-11.7469,12.5736,-0.760727,-11.7469,12.5736,-0.760727,-11.7469,12.5736,-0.760727,-11.7469,12.5736,-0.760727,-11.7469,12.5736,-0.760727,-11.7469,12.5736,-0.760727,-11.7469,12.5736,-0.760727,-11.7469,12.5736,-0.760727,-11.7469,12.5736,-0.760727],"rot":[-0.00928296,0.460511,0.191745,0.866647,-0.00430073,0.442708,0.19431,0.875348,0.0336636,0.393046,0.175818,0.901925,0.10838,0.294691,0.128495,0.940691,0.187436,0.156929,0.0676289,0.967299,0.24225,0.00012294,0.00968855,0.970166,0.259448,-0.145376,-0.034099,0.954143,0.244758,-0.2496,-0.063008,0.934785,0.244758,-0.2496,-0.063008,0.934785,0.244758,-0.2496,-0.063008,0.934785,0.244758,-0.2496,-0.063008,0.934785,0.244758,-0.2496,-0.063008,0.934785,0.244758,-0.2496,-0.063008,0.934785,0.244758,-0.2496,-0.063008,0.934785,0.244758,-0.2496,-0.063008,0.934785,0.244758,-0.2496,-0.063008,0.934785],"scl":[1,1,1,1,1,1,1,1,1,1,1,1,1,1,1,1,1,1,1,1,1,1,1,1,1,1,1,1,1,1,1,1,1,1,1,1,1,1,1,1,1,1,1,1,1,1,1,1]},
{"i":5,"pos":[-11.7004,-0.00550079,0.013341,-11.7004,-0.00550079,0.013341,-11.7004,-0.00550079,0.013341,-11.7004,-0.00550079,0.013341,-11.7004,-0.00550079,0.013341,-11.7004,-0.00550079,0.013341,-11.7004,-0.00550079,0.013341,-11.7004,-0.00550079,0.013341,-11.7004,-0.00550079,0.013341,-11.7004,-0.00550079,0.013341,-11.7004,-0.00550079,0.013341,-11.7004,-0.00550079,0.013341,-11.7004,-0.00550079,0.013341,-11.7004,-0.00550079,0.013341,-11.7004,-0.00550079,0.013341,-11.7004,-0.00550079,0.013341],"rot":[0.125392,0.314829,0.460453,0.820453,0.102017,0.343623,0.479987,0.800705,0.110045,0.330838,0.46834,0.811846,0.144746,0.277982,0.421577,0.850909,0.168054,0.232783,0.36957,0.883735,0.161636,0.249641,0.332085,0.895138,0.163556,0.242173,0.29697,0.909071,0.17731,0.189816,0.261131,0.9297,0.177311,0.189805,0.261125,0.929703,0.177308,0.189811,0.261133,0.929701,0.177308,0.189811,0.261133,0.929701,0.177308,0.189811,0.261133,0.929701,0.177308,0.189811,0.261133,0.929701,0.177308,0.189811,0.261133,0.929701,0.177308,0.189811,0.261133,0.929701,0.177308,0.189811,0.261133,0.929701],"scl":[1,1,1,1,1,1,1,1,1,1,1,1,1,1,1,1,1,1,1,1,1,1,1,1,1,1,1,1,1,1,1,1,1,1,1,1,1,1,1,1,1,1,1,1,1,1,1,1]},
{"i":6,"pos":[-24.1841,3.8147E-05,-8.23775E-06,-24.1841,3.8147E-05,-8.23775E-06,-24.1841,3.8147E-05,-8.23775E-06,-24.1841,3.8147E-05,-8.23775E-06,-24.1841,3.8147E-05,-8.23775E-06,-24.1841,3.8147E-05,-8.23775E-06,-24.1841,3.8147E-05,-8.23775E-06,-24.1841,3.8147E-05,-8.23775E-06,-24.1841,3.8147E-05,-8.23775E-06,-24.1841,3.8147E-05,-8.23775E-06,-24.1841,3.8147E-05,-8.23775E-06,-24.1841,3.8147E-05,-8.23775E-06,-24.1841,3.8147E-05,-8.23775E-06,-24.1841,3.8147E-05,-8.23775E-06,-24.1841,3.8147E-05,-8.23775E-06,-24.1841,3.8147E-05,-8.23775E-06],"rot":[0,0.314487,0,0.949262,0,0.271384,0,0.962471,0,0.284205,0,0.958763,0,0.325069,0,0.94569,0,0.30292,0,0.953016,0,0.122186,0,0.992507,0,0,0,1,0,0,0,1,0,0,0,1,0,0,0,1,0,0,0,1,0,0,0,1,0,0,0,1,0,0,0,1,0,0,0,1,0,0,0,1],"scl":[1,1,1,1,1,1,1,1,1,1,1,1,1,1,1,1,1,1,1,1,1,1,1,1,1,1,1,1,1,1,1,1,1,1,1,1,1,1,1,1,1,1,1,1,1,1,1,1]},
{"i":7,"pos":[-24.1841,4.57764E-05,-3.38865E-06,-24.1841,4.57764E-05,-3.38865E-06,-24.1841,4.57764E-05,-3.38865E-06,-24.1841,4.57764E-05,-3.38865E-06,-24.1841,4.57764E-05,-3.38865E-06,-24.1841,4.57764E-05,-3.38865E-06,-24.1841,4.57764E-05,-3.38865E-06,-24.1841,4.57764E-05,-3.38865E-06,-24.1841,4.57764E-05,-3.38865E-06,-24.1841,4.57764E-05,-3.38865E-06,-24.1841,4.57764E-05,-3.38865E-06,-24.1841,4.57764E-05,-3.38865E-06,-24.1841,4.57764E-05,-3.38865E-06,-24.1841,4.57764E-05,-3.38865E-06,-24.1841,4.57764E-05,-3.38865E-06,-24.1841,4.57764E-05,-3.38865E-06],"rot":[0.451013,0.308547,-0.275362,0.790925,0.442192,0.280363,-0.29133,0.800619,0.402325,0.221621,-0.275973,0.844309,0.308935,0.122227,-0.223245,0.916396,0.173942,-0.0175433,-0.174282,0.969052,0.0269806,-0.173166,-0.15207,0.972708,-0.0957432,-0.311144,-0.160269,0.931846,-0.171516,-0.402766,-0.182174,0.88044,-0.171516,-0.402766,-0.182174,0.88044,-0.171516,-0.402766,-0.182174,0.88044,-0.171516,-0.402766,-0.182174,0.88044,-0.171516,-0.402766,-0.182174,0.88044,-0.171516,-0.402766,-0.182174,0.88044,-0.171516,-0.402766,-0.182174,0.88044,-0.171516,-0.402766,-0.182174,0.88044,-0.171516,-0.402766,-0.182174,0.88044],"scl":[1,1,1,1,1,1,1,1,1,1,1,1,1,1,1,1,1,1,1,1,1,1,1,1,1,1,1,1,1,1,1,1,1,1,1,1,1,1,1,1,1,1,1,1,1,1,1,1]},
{"i":8,"pos":[11.7469,12.5736,-0.760724,11.7469,12.5736,-0.760724,11.7469,12.5736,-0.760724,11.7469,12.5736,-0.760724,11.7469,12.5736,-0.760724,11.7469,12.5736,-0.760724,11.7469,12.5736,-0.760724,11.7469,12.5736,-0.760724,11.7469,12.5736,-0.760724,11.7469,12.5736,-0.760724,11.7469,12.5736,-0.760724,11.7469,12.5736,-0.760724,11.7469,12.5736,-0.760724,11.7469,12.5736,-0.760724,11.7469,12.5736,-0.760724,11.7469,12.5736,-0.760724],"rot":[0,0,0,1,0,0,0,1,0,0,0,1,0,0,0,1,0,0,0,1,0,0,0,1,0,0,0,1,0,0,0,1,0,0,0,1,0,0,0,1,0,0,0,1,0,0,0,1,0,0,0,1,0,0,0,1,0,0,0,1,0,0,0,1],"scl":[1,1,1,1,1,1,1,1,1,1,1,1,1,1,1,1,1,1,1,1,1,1,1,1,1,1,1,1,1,1,1,1,1,1,1,1,1,1,1,1,1,1,1,1,1,1,1,1]},
{"i":9,