{
"name":"pl0708mot_g3s0_m0",
"frameCount":12,"fps":60,"rotFormat":"quat_xyzw",
"bones":[
{"i":0,"pos":[0,0,0,0,0,0,0,0,0,0,0,0,0,0,0,0,0,0,0,0,0,0,0,0,0,0,0,0,0,0,0,0,0,0,0,0],"rot":[-6.47874E-08,1.07061E-33,-2.08727E-33,1,-6.47874E-08,1.07061E-33,-2.08727E-33,1,-6.47874E-08,1.07061E-33,-2.08727E-33,1,-6.47874E-08,1.07061E-33,-2.08727E-33,1,-6.47874E-08,1.07061E-33,-2.08727E-33,1,-6.47874E-08,1.07061E-33,-2.08727E-33,1,-6.47874E-08,1.07061E-33,-2.08727E-33,1,-6.47874E-08,1.07061E-33,-2.08727E-33,1,-6.47874E-08,1.07061E-33,-2.08727E-33,1,-6.47874E-08,1.07061E-33,-2.08727E-33,1,-6.47874E-08,1.07061E-33,-2.08727E-33,1,-6.47874E-08,1.07061E-33,-2.08727E-33,1],"scl":[1,1,1,1,1,1,1,1,1,1,1,1,1,1,1,1,1,1,1,1,1,1,1,1,1,1,1,1,1,1,1,1,1,1,1,1]},
{"i":1,"pos":[-0.00132211,109.891,-0.379639,-0.00470085,106.096,-1.35013,-0.00913534,101.412,-2.65822,-0.0138636,97.1821,-4.05072,-0.0181238,94.7495,-5.27444,-0.0211538,95.457,-6.07617,-0.0221918,100.062,-6.67299,-0.0221249,107.642,-7.31087,-0.0214704,117.019,-7.77997,-0.0207455,127.015,-7.87044,-0.0204676,136.454,-7.37246,-0.0211538,144.156,-6.07617],"rot":[0,0,0,1,0,0,0,1,0,0,0,1,0,0,0,1,0,0,0,1,0,0,0,1,0,0,0,1,0,0,0,1,0,0,0,1,0,0,0,1,0,0,0,1,0,0,0,1],"scl":[1,1,1,1,1,1,1,1,1,1,1,1,1,1,1,1,1,1,1,1,1,1,1,1,1,1,1,1,1,1,1,1,1,1,1,1]},
{"i":2,"pos":[0,0,0,0,0,0,0,0,0,0,0,0,0,0,0,0,0,0,0,0,0,0,0,0,0,0,0,0,0,0,0,0,0,0,0,0],"rot":[0.0231343,-0.0408737,0.00746237,0.998869,0.0692144,-0.0335896,0.00775334,0.997006,0.131726,-0.023894,0.00712531,0.990973,0.198754,-0.0138411,0.00517578,0.979938,0.258614,-0.00534321,0.00238195,0.965963,0.300286,-1.34973E-41,-4.28727E-41,0.953849,0.325852,0.00223073,-0.00118878,0.945417,0.344734,0.00275909,-0.00154213,0.938695,0.357417,0.0022192,-0.00128012,0.933941,0.364349,0.00120208,-0.000705367,0.931261,0.365933,0.000274752,-0.000161851,0.930641,0.362535,-1.62957E-41,-4.1889E-41,0.93197],"scl":[1,1,1,1,1,1,1,1,1,1,1,1,1,1,1,1,1,1,1,1,1,1,1,1,1,1,1,1,1,1,1,1,1,1,1,1]},
{"i":3,"pos":[0,11.8669,0,0,11.8669,0,0,11.8669,0,0,11.8669,0,0,11.8669,0,0,11.8669,0,0,11.8669,0,0,11.8669,0,0,11.8669,0,0,11.8669,0,0,11.8669,0,0,11.8669,0],"rot":[0.0670532,-0.0359633,-0.0252706,0.996781,0.0787526,-0.0300797,-0.0206276,0.996227,0.0946846,-0.021989,-0.0145792,0.995158,0.111971,-0.0131778,-0.00841649,0.993588,0.127821,-0.00526808,-0.0032488,0.991778,0.139543,0,0,0.990216,0.1479,0.00230294,0.00135712,0.988999,0.155253,0.00289259,0.0016755,0.987869,0.161333,0.0023533,0.00134352,0.986896,0.165867,0.00128413,0.000724924,0.986147,0.168582,0.000294816,0.000164953,0.985687,0.169211,0,0,0.98558],"scl":[1,1,1,1,1,1,1,1,1,1,1,1,1,1,1,1,1,1,1,1,1,1,1,1,1,1,1,1,1,1,1,1,1,1,1,1]},
{"i":4,"pos":[-16.4749,28.4146,4.17314E-06,-16.4749,28.4146,4.17314E-06,-16.4749,28.4146,4.17314E-06,-16.4749,28.4146,4.17314E-06,-16.4749,28.4146,4.17314E-06,-16.4749,28.4146,4.17314E-06,-16.4749,28.4146,4.17314E-06,-16.4749,28.4146,4.17314E-06,-16.4749,28.4146,4.17314E-06,-16.4749,28.4146,4.17314E-06,-16.4749,28.4146,4.17314E-06,-16.4749,28.4146,4.17314E-06],"rot":[-0.0403617,-0.255626,0.150757,0.954096,-0.0399624,-0.255054,0.150029,0.95438,-0.0393268,-0.254148,0.148873,0.954829,-0.0384785,-0.25295,0.147335,0.95542,-0.0374407,-0.2515,0.14546,0.956131,-0.0362364,-0.249839,0.143294,0.95694,-0.0348894,-0.248007,0.140883,0.957824,-0.0334239,-0.246045,0.138274,0.958762,-0.0318652,-0.243993,0.135514,0.959733,-0.0302397,-0.241889,0.132651,0.960718,-0.0285752,-0.239771,0.129736,0.961697,-0.0269005,-0.237678,0.12682,0.962654],"scl":[1,1,1,1,1,1,1,1,1,1,1,1,1,1,1,1,1,1,1,1,1,1,1,1,1,1,1,1,1,1,1,1,1,1,1,1]},
{"i":5,"pos":[-11.8566,0,2.28364E-05,-11.8566,0,2.28364E-05,-11.8566,0,2.28364E-05,-11.8566,0,2.28364E-05,-11.8566,0,2.28364E-05,-11.8566,0,2.28364E-05,-11.8566,0,2.28364E-05,-11.8566,0,2.28364E-05,-11.8566,0,2.28364E-05,-11.8566,0,2.28364E-05,-11.8566,0,2.28364E-05,-11.8566,0,2.28364E-05],"rot":[0.208982,0.106156,0.172085,0.956789,0.199111,0.0409287,0.119496,0.971803,0.166365,-0.00923175,0.0572071,0.98436,0.116061,-0.0343903,-0.00143868,0.992646,0.0640274,-0.0349948,-0.0449372,0.996321,0.0280223,-0.0223022,-0.0634938,0.997339,0.0148792,-0.00172772,-0.0564385,0.998294,0.015171,0.0287219,-0.0310487,0.99899,0.0171397,0.0650687,0.0118778,0.997663,0.00647727,0.0990062,0.0725963,0.992414,-0.0322064,0.116128,0.152962,0.980857,-0.103319,0.100076,0.245899,0.958563],"scl":[1,1,1,1,1,1,1,1,1,1,1,1,1,1,1,1,1,1,1,1,1,1,1,1,1,1,1,1,1,1,1,1,1,1,1,1]},
{"i":6,"pos":[-29.021,4.57764E-05,-1.00359E-05,-29.021,4.57764E-05,-1.00359E-05,-29.021,4.57764E-05,-1.00359E-05,-29.021,4.57764E-05,-1.00359E-05,-29.021,4.57764E-05,-1.00359E-05,-29.021,4.57764E-05,-1.00359E-05,-29.021,4.57764E-05,-1.00359E-05,-29.021,4.57764E-05,-1.00359E-05,-29.021,4.57764E-05,-1.00359E-05,-29.021,4.57764E-05,-1.00359E-05,-29.021,4.57764E-05,-1.00359E-05,-29.021,4.57764E-05,-1.00359E-05],"rot":[0,0.249562,0,0.968359,0,0.379485,0,0.925198,0,0.475396,0,0.879772,0,0.528907,0,0.84868,0,0.549321,0,0.835612,0,0.55576,0,0.831343,0,0.562227,0,0.826983,0,0.565943,0,0.824444,0,0.561651,0,0.827374,0,0.548778,0,0.835968,0,0.535225,0,0.84471,0,0.536963,0,0.843606],"scl":[1,1,1,1,1,1,1,1,1,1,1,1,1,1,1,1,1,1,1,1,1,1,1,1,1,1,1,1,1,1,1,1,1,1,1,1]},
{"i":7,"pos":[-29.021,4.57764E-05,-2.98743E-06,-29.021,4.57764E-05,-2.98743E-06,-29.021,4.57764E-05,-2.98743E-06,-29.021,4.57764E-05,-2.98743E-06,-29.021,4.57764E-05,-2.98743E-06,-29.021,4.57764E-05,-2.98743E-06,-29.021,4.57764E-05,-2.98743E-06,-29.021,4.57764E-05,-2.98743E-06,-29.021,4.57764E-05,-2.98743E-06,-29.021,4.57764E-05,-2.98743E-06,-29.021,4.57764E-05,-2.98743E-06,-29.021,4.57764E-05,-2.98743E-06],"rot":[-0.361472,-0.338095,0.140196,0.85754,-0.362966,-0.336809,0.134885,0.858266,-0.362885,-0.334537,0.127859,0.860262,-0.359086,-0.331266,0.1206,0.864162,-0.349377,-0.327057,0.114552,0.870544,-0.331473,-0.321999,0.111119,0.879827,-0.303668,-0.316056,0.110814,0.891972,-0.267071,-0.309351,0.112409,0.905726,-0.223623,-0.302203,0.1147,0.919516,-0.175433,-0.295018,0.116552,0.931989,-0.124787,-0.288313,0.116923,0.942143,-0.0741219,-0.282697,0.114878,0.949416],"scl":[1,1,1,1,1,1,1,1,1,1,1,1,1,1,1,1,1,1,1,1,1,1,1,1,1,1,1,1,1,1,1,1,1,1,1,1]},
{"i":8,"pos":[-14.6803,-7.85304,53.9865,-14.6803,-7.85304,53.9865,-14.6803,-7.85304,53.9865,-14.6803,-7.85304,53.9865,-14.6803,-7.85304,53.9865,-14.6803,-7.85304,53.9865,-14.6803,-7.85304,53.9865,-14.6803,-7.85304,53.9865,-14.6803,-7.85304,53.9865,-14.6803,-7.85304,53.9865,-14.6803,-7.85304,53.9865,-14.6803,-7.85304,53.9865],"rot":[0,3.68626E-41,-1.39555E-41,1,0,3.68626E-41,-1.39555E-41,1,0,3.68626E-41,-1.39555E-41,1,0,3.68626E-41,-1.39555E-41,1,0,3.68626E-41,-1.39555E-41,1,0,3.68626E-41,-1.39555E-41,1,0,3.68626E-41,-1.39555E-41,1,0,3.68626E-41,-1.39555E-41,1,0,3.68626E-41,-1.39555E-41,1,0,3.68626E-41,-1.39555E-41,1,0,3.68626E-41,-1.39555E-41,1,0,3.68626E-41,-1.39555E-41,1],"scl":[1,1,1,1,1,1,1,1,1,1,1,1,1,1,1,1,1,1,1,1,1,1,1,1,1,1,1,1,1,1,1,1,1,1,1,1]},
{"i":9,"pos":[16.4749,28.4146,4.17314E-06,16.4749,28.4146,4.17314E-06,16.4749,28.4146,4.17314E-06,16.4749,28.4146,4.17314E-06,16.4749,28.4146,4.17314E-06,16.4749,28.4146,4.17314E-06,16.4749,28.4146,4.17314E-06,16.4749,28.4146,4.17314E-06,16.4749,28.4146,4.17314E-06,16.4749,28.4146,4.17314E-06,16.4749,28.4146,4.17314E-06,16.4749,28.4146,4.17314E-06],"rot":[0,0,0,1,0,0,0,1,0,0,0,1,0,0,0,1,0,0,0,1,0,0,0,1,0,0,0,1,0,0,0,1,0,0,0,1,0,0,0,1,0,0,0,1,0,0,0,1],"scl":[1,1,1,1,1,1,1,1,1,1,1,1,1,1,1,1,1,1,1,1,1,1,1,1,1,1,1,1,1,1,1,1,1,1,1,1]},
{"i":10,"pos":[11.8566,0,2.28364E-05,11.8566,0,2.28364E-05,11.8566,0,2.28364E-05,11.8566,0,2.28364E-05,11.8566,0,2.28364E-05,11.8566,0,2.28364E-05,11.8566,0,2.28364E-05,11.8566,0,2.28364E-05,11.8566,0,2.28364E-05,11.8566,0,2.28364E-05,11.8566,0,2.28364E-05,11.8566,0,2.28364E-05],"rot":[0,0,0,1,0,0,0,1,0,0,0,1,0,0,0,1,0,0,0,1,0,0,0,1,0,0,0,1,0,0,0,1,0,0,0,1,0,0,0,1,0,0,0,1,0,0,0,1],"scl":[1,1,1,1,1,1,1,1,1,1,1,1,1,1,1,1,1,1,1,1,1,1,1,1,1,1,1,1,1,1,1,1,1,1,1,1]},
{"i":11,