{
"name":"pl0007mot_g3s22_m0",
"frameCount":15,"fps":60,"rotFormat":"quat_xyzw",
"bones":[
{"i":0,"pos":[0,0,0,0,0,0,0,0,0,0,0,0,0,0,0,0,0,0,0,0,0,0,0,0,0,0,0,0,0,0,0,0,0,0,0,0,0,0,0,0,0,0,0,0,0],"rot":[0,0,0,1,0,0,0,1,0,0,0,1,0,0,0,1,0,0,0,1,0,0,0,1,0,0,0,1,0,0,0,1,0,0,0,1,0,0,0,1,0,0,0,1,0,0,0,1,0,0,0,1,0,0,0,1,0,0,0,1],"scl":[1,1,1,1,1,1,1,1,1,1,1,1,1,1,1,1,1,1,1,1,1,1,1,1,1,1,1,1,1,1,1,1,1,1,1,1,1,1,1,1,1,1,1,1,1]},
{"i":1,"pos":[1.46228,78.666,13.8882,1.4918,78.3867,13.5347,1.59062,77.8738,12.4557,1.77417,77.6152,10.624,2.07583,78.0138,7.58936,2.46223,78.6668,3.80176,2.84863,78.8535,0.583984,3.2124,78.3054,-1.67966,3.57993,77.408,-3.57739,3.93999,76.4218,-5.24527,4.28137,75.6074,-6.81934,4.56491,75.2199,-7.97443,4.8186,75.002,-8.85107,5.15437,74.6246,-10.1206,5.35583,74.3984,-10.8823],"rot":[0,0,0,1,0,0,0,1,0,0,0,1,0,0,0,1,0,0,0,1,0,0,0,1,0,0,0,1,0,0,0,1,0,0,0,1,0,0,0,1,0,0,0,1,0,0,0,1,0,0,0,1,0,0,0,1,0,0,0,1],"scl":[1,1,1,1,1,1,1,1,1,1,1,1,1,1,1,1,1,1,1,1,1,1,1,1,1,1,1,1,1,1,1,1,1,1,1,1,1,1,1,1,1,1,1,1,1]},
{"i":2,"pos":[0,0,0,0,0,0,0,0,0,0,0,0,0,0,0,0,0,0,0,0,0,0,0,0,0,0,0,0,0,0,0,0,0,0,0,0,0,0,0,0,0,0,0,0,0],"rot":[0.317408,-0.00286608,9.04317E-05,0.948285,0.304745,-0.00356877,-0.000126989,0.952427,0.274544,-0.0123693,-2.12962E-05,0.961495,0.238342,-0.0393956,0.000395192,0.970382,0.19046,-0.0946685,-0.00193225,0.977118,0.133927,-0.167321,-0.0108522,0.976703,0.0954801,-0.236887,-0.0206979,0.966613,0.0842649,-0.300998,-0.0233387,0.949608,0.0849979,-0.36512,-0.01966,0.926863,0.0896978,-0.422621,-0.0117801,0.90178,0.0915438,-0.467727,-0.00449186,0.879108,0.0944192,-0.480677,-0.00254209,0.871796,0.100311,-0.474069,-0.00332942,0.874749,0.105382,-0.466134,-0.00466435,0.878403,0.108393,-0.459232,-0.00589263,0.881659],"scl":[1,1,1,1,1,1,1,1,1,1,1,1,1,1,1,1,1,1,1,1,1,1,1,1,1,1,1,1,1,1,1,1,1,1,1,1,1,1,1,1,1,1,1,1,1]},
{"i":3,"pos":[0,14.2992,0,0,14.2992,0,0,14.2992,0,0,14.2992,0,0,14.2992,0,0,14.2992,0,0,14.2992,0,0,14.2992,0,0,14.2992,0,0,14.2992,0,0,14.2992,0,0,14.2992,0,0,14.2992,0,0,14.2992,0,0,14.2992,0],"rot":[0.206066,0.000997913,-0.00251797,0.978534,0.192887,0.00193789,-0.00425963,0.98121,0.163246,0.00387296,-0.00914619,0.986535,0.132129,0.00545848,-0.0167968,0.991075,0.101786,0.00740412,-0.0317432,0.994272,0.0700878,0.00985153,-0.0494736,0.996265,0.045436,0.0087423,-0.0565991,0.997324,0.0300325,0.00115245,-0.0482366,0.998384,0.0195307,-0.0104089,-0.0322218,0.999236,0.0122189,-0.0228533,-0.0144521,0.99956,0.00592972,-0.0329584,-0.000809912,0.999439,0.00293423,-0.0365079,0.00339637,0.999323,0.00341934,-0.0362379,0.00274334,0.999334,0.00554418,-0.0351629,0.000676671,0.999366,0.00747952,-0.0339705,-0.00132997,0.999394],"scl":[1,1,1,1,1,1,1,1,1,1,1,1,1,1,1,1,1,1,1,1,1,1,1,1,1,1,1,1,1,1,1,1,1,1,1,1,1,1,1,1,1,1,1,1,1]},
{"i":4,"pos":[-7.875,9.35805,-2.71971E-06,-7.875,9.35805,-2.71971E-06,-7.875,9.35805,-2.71971E-06,-7.875,9.35805,-2.71971E-06,-7.875,9.35805,-2.71971E-06,-7.875,9.35805,-2.71971E-06,-7.875,9.35805,-2.71971E-06,-7.875,9.35805,-2.71971E-06,-7.875,9.35805,-2.71971E-06,-7.875,9.35805,-2.71971E-06,-7.875,9.35805,-2.71971E-06,-7.875,9.35805,-2.71971E-06,-7.875,9.35805,-2.71971E-06,-7.875,9.35805,-2.71971E-06,-7.875,9.35805,-2.71971E-06],"rot":[0.0316995,-0.169812,-0.00314859,0.984961,0.0578585,-0.167516,-0.00620884,0.984151,0.112181,-0.161211,-0.0119761,0.98045,0.158407,-0.150082,-0.0151556,0.975783,0.190157,-0.130941,-0.0123161,0.972905,0.213412,-0.105457,-0.00720033,0.971227,0.210683,-0.0784167,-0.00266666,0.974401,0.173074,-0.0506093,0.00227926,0.983605,0.113864,-0.0219598,0.0109352,0.993193,0.0499312,0.00377763,0.0235896,0.998467,-0.000904967,0.0238453,0.0379135,0.998996,-0.0157507,0.0317321,0.0499534,0.998123,-0.0115716,0.0320526,0.0590245,0.997675,-0.00691269,0.0308244,0.0670299,0.997251,-0.00206547,0.0290363,0.0709247,0.997057],"scl":[1,1,1,1,1,1,1,1,1,1,1,1,1,1,1,1,1,1,1,1,1,1,1,1,1,1,1,1,1,1,1,1,1,1,1,1,1,1,1,1,1,1,1,1,1]},
{"i":5,"pos":[-11.1299,4.57764E-05,4.123E-06,-11.1299,4.57764E-05,4.123E-06,-11.1299,4.57764E-05,4.123E-06,-11.1299,4.57764E-05,4.123E-06,-11.1299,4.57764E-05,4.123E-06,-11.1299,4.57764E-05,4.123E-06,-11.1299,4.57764E-05,4.123E-06,-11.1299,4.57764E-05,4.123E-06,-11.1299,4.57764E-05,4.123E-06,-11.1299,4.57764E-05,4.123E-06,-11.1299,4.57764E-05,4.123E-06,-11.1299,4.57764E-05,4.123E-06,-11.1299,4.57764E-05,4.123E-06,-11.1299,4.57764E-05,4.123E-06,-11.1299,4.57764E-05,4.123E-06],"rot":[-0.464459,-0.163611,0.131524,0.860355,-0.487357,-0.164821,0.137967,0.846334,-0.524428,-0.166683,0.152803,0.82088,-0.530977,-0.163421,0.169321,0.814056,-0.471393,-0.161808,0.191074,0.845634,-0.377483,-0.150199,0.214571,0.888204,-0.313596,-0.0991239,0.211904,0.920287,-0.295475,0.00599218,0.165624,0.940865,-0.273693,0.14165,0.0921481,0.946856,-0.229442,0.271944,0.0130015,0.93447,-0.170357,0.362677,-0.0534008,0.914654,-0.136305,0.36761,-0.0908609,0.915439,-0.124798,0.338053,-0.104954,0.926893,-0.114391,0.333528,-0.103459,0.930038,-0.111313,0.333081,-0.0966882,0.931299],"scl":[1,1,1,1,1,1,1,1,1,1,1,1,1,1,1,1,1,1,1,1,1,1,1,1,1,1,1,1,1,1,1,1,1,1,1,1,1,1,1,1,1,1,1,1,1]},
{"i":6,"pos":[-24.7695,0,-1.40329E-06,-24.7695,0,-1.40329E-06,-24.7695,0,-1.40329E-06,-24.7695,0,-1.40329E-06,-24.7695,0,-1.40329E-06,-24.7695,0,-1.40329E-06,-24.7695,0,-1.40329E-06,-24.7695,0,-1.40329E-06,-24.7695,0,-1.40329E-06,-24.7695,0,-1.40329E-06,-24.7695,0,-1.40329E-06,-24.7695,0,-1.40329E-06,-24.7695,0,-1.40329E-06,-24.7695,0,-1.40329E-06,-24.7695,0,-1.40329E-06],"rot":[0,0.142549,0,0.989788,0,0.114969,0,0.993369,0,0.0817467,0,0.996653,0,0.117677,0,0.993052,0,0.285474,0,0.958386,0,0.506014,0,0.862525,0,0.658169,0,0.75287,-0,0.728088,-0,0.685483,-0,0.769004,-0,0.639244,-0,0.795612,-0,0.605806,-0,0.819257,-0,0.573427,-0,0.830767,-0,0.556621,-0,0.832639,-0,0.553816,-0,0.838787,-0,0.544459,-0,0.842081,-0,0.539352],"scl":[1,1,1,1,1,1,1,1,1,1,1,1,1,1,1,1,1,1,1,1,1,1,1,1,1,1,1,1,1,1,1,1,1,1,1,1,1,1,1,1,1,1,1,1,1]},
{"i":7,"pos":[-23.5358,-6.86646E-05,-1.284E-05,-23.5358,-6.86646E-05,-1.284E-05,-23.5358,-6.86646E-05,-1.284E-05,-23.5358,-6.86646E-05,-1.284E-05,-23.5358,-6.86646E-05,-1.284E-05,-23.5358,-6.86646E-05,-1.284E-05,-23.5358,-6.86646E-05,-1.284E-05,-23.5358,-6.86646E-05,-1.284E-05,-23.5358,-6.86646E-05,-1.284E-05,-23.5358,-6.86646E-05,-1.284E-05,-23.5358,-6.86646E-05,-1.284E-05,-23.5358,-6.86646E-05,-1.284E-05,-23.5358,-6.86646E-05,-1.284E-05,-23.5358,-6.86646E-05,-1.284E-05,-23.5358,-6.86646E-05,-1.284E-05],"rot":[0.266685,0.0638754,-0.415519,0.867262,0.266675,0.0638178,-0.415509,0.867274,0.266133,0.061737,-0.411402,0.869546,0.264455,0.054748,-0.396918,0.877224,0.261735,0.0400178,-0.365376,0.892409,0.259863,0.0202676,-0.321614,0.910289,0.259989,0.00105299,-0.277541,0.924865,0.261768,-0.0165252,-0.235682,0.935766,0.265147,-0.0340149,-0.192292,0.944227,0.269714,-0.0499093,-0.151494,0.949638,0.274581,-0.0628688,-0.117613,0.952271,0.277099,-0.0682099,-0.106013,0.952536,0.277594,-0.0686073,-0.108865,0.952042,0.277731,-0.0683193,-0.113036,0.951536,0.277509,-0.0674633,-0.117265,0.95115],"scl":[1,1,1,1,1,1,1,1,1,1,1,1,1,1,1,1,1,1,1,1,1,1,1,1,1,1,1,1,1,1,1,1,1,1,1,1,1,1,1,1,1,1,1,1,1]},
{"i":8,"pos":[7.875,9.35803,2.63831E-06,7.875,9.35803,2.63831E-06,7.875,9.35803,2.63831E-06,7.875,9.35803,2.63831E-06,7.875,9.35803,2.63831E-06,7.875,9.35803,2.63831E-06,7.875,9.35803,2.63831E-06,7.875,9.35803,2.63831E-06,7.875,9.35803,2.63831E-06,7.875,9.35803,2.63831E-06,7.875,9.35803,2.63831E-06,7.875,9.35803,2.63831E-06,7.875,9.35803,2.63831E-06,7.875,9.35803,2.63831E-06,7.875,9.35803,2.63831E-06],"rot":[0,0,0,1,0,0,0,1,0,0,0,1,0,0,0,1,0,0,0,1,0,0,0,1,0,0,0,1,0,0,0,1,0,0,0,1,0,0,0,1,0,0,0,1,0,0,0,1,0,0,0,1,0,0,0,1,0,0,0,1],"scl":[1,1,1,1,1,1,1,1,1,1,1,1,1,1,1,1,1,1,1,1,1,1,1,1,1,1,1,1,1,1,1,1,1,1,1,1,1,1,1,1,1,1,1,1,1]},
{"i":9,