{
"name":"pl0a06mot_g3s47_m0",
"frameCount":16,"fps":60,"rotFormat":"quat_xyzw",
"bones":[
{"i":0,"pos":[0,0,0,0,0,0,0,0,0,0,0,0,0,0,0,0,0,0,0,0,0,0,0,0,0,0,0,0,0,0,0,0,0,0,0,0,0,0,0,0,0,0,0,0,0,0,0,0],"rot":[0,0,0,1,0,0,0,1,0,0,0,1,0,0,0,1,0,0,0,1,0,0,0,1,0,0,0,1,0,0,0,1,0,0,0,1,0,0,0,1,0,0,0,1,0,0,0,1,0,0,0,1,0,0,0,1,0,0,0,1,0,0,0,1],"scl":[1,1,1,1,1,1,1,1,1,1,1,1,1,1,1,1,1,1,1,1,1,1,1,1,1,1,1,1,1,1,1,1,1,1,1,1,1,1,1,1,1,1,1,1,1,1,1,1]},
{"i":1,"pos":[0,112.236,0,0,112.236,0,0,112.236,0,0,112.236,0,0,112.236,0,0,112.236,0,0,112.236,0,0,112.236,0,0,112.236,0,0,112.236,0,0,112.236,0,0,112.236,0,0,112.236,0,0,112.236,0,0,112.236,0,0,112.236,0],"rot":[0,0,0,1,0,0,0,1,0,0,0,1,0,0,0,1,0,0,0,1,0,0,0,1,0,0,0,1,0,0,0,1,0,0,0,1,0,0,0,1,0,0,0,1,0,0,0,1,0,0,0,1,0,0,0,1,0,0,0,1,0,0,0,1],"scl":[1,1,1,1,1,1,1,1,1,1,1,1,1,1,1,1,1,1,1,1,1,1,1,1,1,1,1,1,1,1,1,1,1,1,1,1,1,1,1,1,1,1,1,1,1,1,1,1]},
{"i":2,"pos":[0,0,0,0,0,0,0,0,0,0,0,0,0,0,0,0,0,0,0,0,0,0,0,0,0,0,0,0,0,0,0,0,0,0,0,0,0,0,0,0,0,0,0,0,0,0,0,0],"rot":[-0.0149098,0.0683271,0.212673,0.974618,-0.0149098,0.0683271,0.212673,0.974618,-0.0149098,0.0683271,0.212673,0.974618,-0.0149098,0.0683271,0.212673,0.974618,-0.0149098,0.0683271,0.212673,0.974618,-0.0149098,0.0683271,0.212673,0.974618,-0.0149098,0.0683271,0.212673,0.974618,-0.0149098,0.0683271,0.212673,0.974618,-0.0149098,0.0683271,0.212673,0.974618,-0.0149098,0.0683271,0.212673,0.974618,-0.0149098,0.0683271,0.212673,0.974618,-0.0149098,0.0683271,0.212673,0.974618,-0.0149098,0.0683271,0.212673,0.974618,-0.0149098,0.0683271,0.212673,0.974618,-0.0149098,0.0683271,0.212673,0.974618,-0.0149098,0.0683271,0.212673,0.974618],"scl":[1,1,1,1,1,1,1,1,1,1,1,1,1,1,1,1,1,1,1,1,1,1,1,1,1,1,1,1,1,1,1,1,1,1,1,1,1,1,1,1,1,1,1,1,1,1,1,1]},
{"i":3,"pos":[0,20,0,0,20,0,0,20,0,0,20,0,0,20,0,0,20,0,0,20,0,0,20,0,0,20,0,0,20,0,0,20,0,0,20,0,0,20,0,0,20,0,0,20,0,0,20,0],"rot":[0.187424,-0.0275281,-0.0124433,0.981814,0.171006,-0.00717055,-0.00974667,0.985196,0.166802,-0.00203457,-0.00895775,0.985948,0.164035,0.00132034,-0.00841325,0.986418,0.162804,0.00280573,-0.00815993,0.986621,0.163154,0.00238294,-0.00822785,0.986563,0.164695,0.000520517,-0.0085357,0.986307,0.167034,-0.00231414,-0.00899487,0.985907,0.169776,-0.00565319,-0.00951902,0.98542,0.172832,-0.00937955,-0.0100794,0.984855,0.176008,-0.0132817,-0.0106364,0.984242,0.179122,-0.0171345,-0.0111583,0.983614,0.181996,-0.0207121,-0.0116191,0.983012,0.184453,-0.023788,-0.0119981,0.98248,0.18632,-0.0261356,-0.0122781,0.982065,0.187424,-0.0275281,-0.0124433,0.981814],"scl":[1,1,1,1,1,1,1,1,1,1,1,1,1,1,1,1,1,1,1,1,1,1,1,1,1,1,1,1,1,1,1,1,1,1,1,1,1,1,1,1,1,1,1,1,1,1,1,1]},
{"i":4,"pos":[-11,9,-3.4975E-06,-11,9,-3.4975E-06,-11,9,-3.4975E-06,-11,9,-3.4975E-06,-11,9,-3.4975E-06,-11,9,-3.4975E-06,-11,9,-3.4975E-06,-11,9,-3.4975E-06,-11,9,-3.4975E-06,-11,9,-3.4975E-06,-11,9,-3.4975E-06,-11,9,-3.4975E-06,-11,9,-3.4975E-06,-11,9,-3.4975E-06,-11,9,-3.4975E-06,-11,9,-3.4975E-06],"rot":[0.0248388,0,0,0.999691,0.0248388,0,0,0.999691,0.0248388,0,0,0.999691,0.0248388,0,0,0.999691,0.0248388,0,0,0.999691,0.0248388,0,0,0.999691,0.0248388,0,0,0.999691,0.0248388,0,0,0.999691,0.0248388,0,0,0.999691,0.0248388,0,0,0.999691,0.0248388,0,0,0.999691,0.0248388,0,0,0.999691,0.0248388,0,0,0.999691,0.0248388,0,0,0.999691,0.0248388,0,0,0.999691,0.0248388,0,0,0.999691],"scl":[1,1,1,1,1,1,1,1,1,1,1,1,1,1,1,1,1,1,1,1,1,1,1,1,1,1,1,1,1,1,1,1,1,1,1,1,1,1,1,1,1,1,1,1,1,1,1,1]},
{"i":5,"pos":[-11,1.52588E-05,1.15849E-07,-11,1.52588E-05,1.15849E-07,-11,1.52588E-05,1.15849E-07,-11,1.52588E-05,1.15849E-07,-11,1.52588E-05,1.15849E-07,-11,1.52588E-05,1.15849E-07,-11,1.52588E-05,1.15849E-07,-11,1.52588E-05,1.15849E-07,-11,1.52588E-05,1.15849E-07,-11,1.52588E-05,1.15849E-07,-11,1.52588E-05,1.15849E-07,-11,1.52588E-05,1.15849E-07,-11,1.52588E-05,1.15849E-07,-11,1.52588E-05,1.15849E-07,-11,1.52588E-05,1.15849E-07,-11,1.52588E-05,1.15849E-07],"rot":[-0.0275743,-0.26611,0.61163,0.744536,-0.0151599,-0.281288,0.612093,0.738911,-0.0119786,-0.285071,0.612151,0.737471,-0.0098815,-0.287542,0.612176,0.73652,-0.00894546,-0.28864,0.612187,0.736093,-0.00920755,-0.288334,0.612186,0.736211,-0.0103724,-0.286966,0.612174,0.73674,-0.0121422,-0.284878,0.612149,0.737543,-0.0142194,-0.28241,0.612111,0.738487,-0.0165278,-0.279647,0.612058,0.739534,-0.0189299,-0.276749,0.611991,0.740621,-0.0212873,-0.273881,0.611913,0.741686,-0.023464,-0.271211,0.61183,0.74267,-0.0253258,-0.268911,0.611748,0.743512,-0.0267399,-0.267153,0.611678,0.744153,-0.0275743,-0.26611,0.61163,0.744536],"scl":[1,1,1,1,1,1,1,1,1,1,1,1,1,1,1,1,1,1,1,1,1,1,1,1,1,1,1,1,1,1,1,1,1,1,1,1,1,1,1,1,1,1,1,1,1,1,1,1]},
{"i":6,"pos":[-28,1.52588E-05,-2.04999E-07,-28,1.52588E-05,-2.04999E-07,-28,1.52588E-05,-2.04999E-07,-28,1.52588E-05,-2.04999E-07,-28,1.52588E-05,-2.04999E-07,-28,1.52588E-05,-2.04999E-07,-28,1.52588E-05,-2.04999E-07,-28,1.52588E-05,-2.04999E-07,-28,1.52588E-05,-2.04999E-07,-28,1.52588E-05,-2.04999E-07,-28,1.52588E-05,-2.04999E-07,-28,1.52588E-05,-2.04999E-07,-28,1.52588E-05,-2.04999E-07,-28,1.52588E-05,-2.04999E-07,-28,1.52588E-05,-2.04999E-07,-28,1.52588E-05,-2.04999E-07],"rot":[0,0.259552,0,0.965729,0,0.259552,0,0.965729,0,0.259552,0,0.965729,0,0.259552,0,0.965729,0,0.259552,0,0.965729,0,0.259552,0,0.965729,0,0.259552,0,0.965729,0,0.259552,0,0.965729,0,0.259552,0,0.965729,0,0.259552,0,0.965729,0,0.259552,0,0.965729,0,0.259552,0,0.965729,0,0.259552,0,0.965729,0,0.259552,0,0.965729,0,0.259552,0,0.965729,0,0.259552,0,0.965729],"scl":[1,1,1,1,1,1,1,1,1,1,1,1,1,1,1,1,1,1,1,1,1,1,1,1,1,1,1,1,1,1,1,1,1,1,1,1,1,1,1,1,1,1,1,1,1,1,1,1]},
{"i":7,"pos":[-28,-1.52588E-05,-1.39038E-06,-28,-1.52588E-05,-1.39038E-06,-28,-1.52588E-05,-1.39038E-06,-28,-1.52588E-05,-1.39038E-06,-28,-1.52588E-05,-1.39038E-06,-28,-1.52588E-05,-1.39038E-06,-28,-1.52588E-05,-1.39038E-06,-28,-1.52588E-05,-1.39038E-06,-28,-1.52588E-05,-1.39038E-06,-28,-1.52588E-05,-1.39038E-06,-28,-1.52588E-05,-1.39038E-06,-28,-1.52588E-05,-1.39038E-06,-28,-1.52588E-05,-1.39038E-06,-28,-1.52588E-05,-1.39038E-06,-28,-1.52588E-05,-1.39038E-06,-28,-1.52588E-05,-1.39038E-06],"rot":[-0.0893315,-0.215098,0.0340131,0.971903,-0.0893315,-0.215098,0.0340131,0.971903,-0.0893315,-0.215098,0.0340131,0.971903,-0.0893315,-0.215098,0.0340131,0.971903,-0.0893315,-0.215098,0.0340131,0.971903,-0.0893315,-0.215098,0.0340131,0.971903,-0.0893315,-0.215098,0.0340131,0.971903,-0.0893315,-0.215098,0.0340131,0.971903,-0.0893315,-0.215098,0.0340131,0.971903,-0.0893315,-0.215098,0.0340131,0.971903,-0.0893315,-0.215098,0.0340131,0.971903,-0.0893315,-0.215098,0.0340131,0.971903,-0.0893315,-0.215098,0.0340131,0.971903,-0.0893315,-0.215098,0.0340131,0.971903,-0.0893315,-0.215098,0.0340131,0.971903,-0.0893315,-0.215098,0.0340131,0.971903],"scl":[1,1,1,1,1,1,1,1,1,1,1,1,1,1,1,1,1,1,1,1,1,1,1,1,1,1,1,1,1,1,1,1,1,1,1,1,1,1,1,1,1,1,1,1,1,1,1,1]},
{"i":8,"pos":[11,9,3.1366E-06,11,9,3.1366E-06,11,9,3.1366E-06,11,9,3.1366E-06,11,9,3.1366E-06,11,9,3.1366E-06,11,9,3.1366E-06,11,9,3.1366E-06,11,9,3.1366E-06,11,9,3.1366E-06,11,9,3.1366E-06,11,9,3.1366E-06,11,9,3.1366E-06,11,9,3.1366E-06,11,9,3.1366E-06,11,9,3.1366E-06],"rot":[0,-0.384808,0,0.922997,0,-0.393981,0,0.919119,0,-0.391702,0,0.920092,0,-0.387571,0,0.92184,0,-0.383443,0,0.923565,0,-0.381196,0,0.924494,0,-0.381688,0,0.924291,0,-0.384017,0,0.923326,0,-0.387486,0,0.921876,0,-0.391389,0,0.920225,0,-0.395026,0,0.91867,0,-0.3977,0,0.917516,0,-0.398715,0,0.917075,0,-0.397377,0,0.917655,0,-0.392982,0,0.919546,0,-0.384808,0,0.922997],"scl":[1,1,1,1,1,1,1,1,1,1,1,1,1,1,1,1,1,1,1,1,1,1,1,1,1,1,1,1,1,1,1,1,1,1,1,1,1,1,1,1,1,1,1,1,1,1,1,1]},
{"i":9,