{
"name":"pl0a06mot_g3s25_m0",
"frameCount":16,"fps":60,"rotFormat":"quat_xyzw",
"bones":[
{"i":0,"pos":[0,0,0,0,0,0,0,0,0,0,0,0,0,0,0,0,0,0,0,0,0,0,0,0,0,0,0,0,0,0,0,0,0,0,0,0,0,0,0,0,0,0,0,0,0,0,0,0],"rot":[0,0,0,1,0,0,0,1,0,0,0,1,0,0,0,1,0,0,0,1,0,0,0,1,0,0,0,1,0,0,0,1,0,0,0,1,0,0,0,1,0,0,0,1,0,0,0,1,0,0,0,1,0,0,0,1,0,0,0,1,0,0,0,1],"scl":[1,1,1,1,1,1,1,1,1,1,1,1,1,1,1,1,1,1,1,1,1,1,1,1,1,1,1,1,1,1,1,1,1,1,1,1,1,1,1,1,1,1,1,1,1,1,1,1]},
{"i":1,"pos":[0,112.236,0,0,112.236,0,0,112.236,0,0,112.236,0,0,112.236,0,0,112.236,0,0,112.236,0,0,112.236,0,0,112.236,0,0,112.236,0,0,112.236,0,0,112.236,0,0,112.236,0,0,112.236,0,0,112.236,0,0,112.236,0],"rot":[0,0,0,1,0,0,0,1,0,0,0,1,0,0,0,1,0,0,0,1,0,0,0,1,0,0,0,1,0,0,0,1,0,0,0,1,0,0,0,1,0,0,0,1,0,0,0,1,0,0,0,1,0,0,0,1,0,0,0,1,0,0,0,1],"scl":[1,1,1,1,1,1,1,1,1,1,1,1,1,1,1,1,1,1,1,1,1,1,1,1,1,1,1,1,1,1,1,1,1,1,1,1,1,1,1,1,1,1,1,1,1,1,1,1]},
{"i":2,"pos":[0,0,0,0,0,0,0,0,0,0,0,0,0,0,0,0,0,0,0,0,0,0,0,0,0,0,0,0,0,0,0,0,0,0,0,0,0,0,0,0,0,0,0,0,0,0,0,0],"rot":[0.584914,-0.0146259,0.020272,0.81071,0.585014,-0.0102873,0.0142587,0.810832,0.585041,-0.00900752,0.0124844,0.810858,0.58506,-0.00806074,0.0111717,0.810873,0.585069,-0.0075448,0.0104563,0.810881,0.585069,-0.00755404,0.0104691,0.810881,0.58506,-0.00797652,0.011055,0.810875,0.585046,-0.0087003,0.0120586,0.810864,0.585027,-0.00961346,0.0133247,0.810847,0.585007,-0.0106041,0.0146979,0.810826,0.584985,-0.0116253,0.0161134,0.8108,0.584964,-0.0126038,0.0174697,0.810773,0.584945,-0.0134664,0.0186651,0.810746,0.58493,-0.0141398,0.0195982,0.810724,0.584919,-0.0145507,0.0201677,0.81071,0.584914,-0.0146259,0.020272,0.81071],"scl":[1,1,1,1,1,1,1,1,1,1,1,1,1,1,1,1,1,1,1,1,1,1,1,1,1,1,1,1,1,1,1,1,1,1,1,1,1,1,1,1,1,1,1,1,1,1,1,1]},
{"i":3,"pos":[0,20,0,0,20,0,0,20,0,0,20,0,0,20,0,0,20,0,0,20,0,0,20,0,0,20,0,0,20,0,0,20,0,0,20,0,0,20,0,0,20,0,0,20,0,0,20,0],"rot":[-0.00996694,0.000350862,0.0349911,0.999338,-0.00996848,0.000220252,0.0422819,0.999056,-0.00997211,0.000182694,0.0436793,0.998996,-0.00997727,0.000155346,0.0443421,0.998967,-0.00998317,0.000140725,0.0444211,0.998963,-0.00998904,0.000142913,0.0440882,0.998978,-0.00999372,0.000157136,0.0435701,0.999,-0.00999606,0.000178614,0.0430933,0.999021,-0.00999559,0.000205429,0.0425948,0.999042,-0.00999304,0.000235396,0.0420328,0.999066,-0.00998899,0.00026634,0.0413656,0.999094,-0.00998404,0.000296084,0.0405515,0.999128,-0.00997875,0.000321804,0.0395488,0.999168,-0.00997372,0.000341104,0.0383156,0.999216,-0.00996957,0.000351588,0.0368103,0.999272,-0.00996694,0.000350862,0.0349911,0.999338],"scl":[1,1,1,1,1,1,1,1,1,1,1,1,1,1,1,1,1,1,1,1,1,1,1,1,1,1,1,1,1,1,1,1,1,1,1,1,1,1,1,1,1,1,1,1,1,1,1,1]},
{"i":4,"pos":[-11,9,-3.4975E-06,-11,9,-3.4975E-06,-11,9,-3.4975E-06,-11,9,-3.4975E-06,-11,9,-3.4975E-06,-11,9,-3.4975E-06,-11,9,-3.4975E-06,-11,9,-3.4975E-06,-11,9,-3.4975E-06,-11,9,-3.4975E-06,-11,9,-3.4975E-06,-11,9,-3.4975E-06,-11,9,-3.4975E-06,-11,9,-3.4975E-06,-11,9,-3.4975E-06,-11,9,-3.4975E-06],"rot":[0,0,0,1,0,0,0,1,0,0,0,1,0,0,0,1,0,0,0,1,0,0,0,1,0,0,0,1,0,0,0,1,0,0,0,1,0,0,0,1,0,0,0,1,0,0,0,1,0,0,0,1,0,0,0,1,0,0,0,1,0,0,0,1],"scl":[1,1,1,1,1,1,1,1,1,1,1,1,1,1,1,1,1,1,1,1,1,1,1,1,1,1,1,1,1,1,1,1,1,1,1,1,1,1,1,1,1,1,1,1,1,1,1,1]},
{"i":5,"pos":[-11,1.52588E-05,1.15849E-07,-11,1.52588E-05,1.15849E-07,-11,1.52588E-05,1.15849E-07,-11,1.52588E-05,1.15849E-07,-11,1.52588E-05,1.15849E-07,-11,1.52588E-05,1.15849E-07,-11,1.52588E-05,1.15849E-07,-11,1.52588E-05,1.15849E-07,-11,1.52588E-05,1.15849E-07,-11,1.52588E-05,1.15849E-07,-11,1.52588E-05,1.15849E-07,-11,1.52588E-05,1.15849E-07,-11,1.52588E-05,1.15849E-07,-11,1.52588E-05,1.15849E-07,-11,1.52588E-05,1.15849E-07,-11,1.52588E-05,1.15849E-07],"rot":[0,0,0.543819,0.839202,0,0,0.543819,0.839202,0,0,0.543819,0.839202,0,0,0.543819,0.839202,0,0,0.543819,0.839202,0,0,0.543819,0.839202,0,0,0.543819,0.839202,0,0,0.543819,0.839202,0,0,0.543819,0.839202,0,0,0.543819,0.839202,0,0,0.543819,0.839202,0,0,0.543819,0.839202,0,0,0.543819,0.839202,0,0,0.543819,0.839202,0,0,0.543819,0.839202,0,0,0.543819,0.839202],"scl":[1,1,1,1,1,1,1,1,1,1,1,1,1,1,1,1,1,1,1,1,1,1,1,1,1,1,1,1,1,1,1,1,1,1,1,1,1,1,1,1,1,1,1,1,1,1,1,1]},
{"i":6,"pos":[-28,1.52588E-05,-2.04999E-07,-28,1.52588E-05,-2.04999E-07,-28,1.52588E-05,-2.04999E-07,-28,1.52588E-05,-2.04999E-07,-28,1.52588E-05,-2.04999E-07,-28,1.52588E-05,-2.04999E-07,-28,1.52588E-05,-2.04999E-07,-28,1.52588E-05,-2.04999E-07,-28,1.52588E-05,-2.04999E-07,-28,1.52588E-05,-2.04999E-07,-28,1.52588E-05,-2.04999E-07,-28,1.52588E-05,-2.04999E-07,-28,1.52588E-05,-2.04999E-07,-28,1.52588E-05,-2.04999E-07,-28,1.52588E-05,-2.04999E-07,-28,1.52588E-05,-2.04999E-07],"rot":[0,0.134585,0,0.990902,0,0.134585,0,0.990902,0,0.134585,0,0.990902,0,0.134585,0,0.990902,0,0.134585,0,0.990902,0,0.134585,0,0.990902,0,0.134585,0,0.990902,0,0.134585,0,0.990902,0,0.134585,0,0.990902,0,0.134585,0,0.990902,0,0.134585,0,0.990902,0,0.134585,0,0.990902,0,0.134585,0,0.990902,0,0.134585,0,0.990902,0,0.134585,0,0.990902,0,0.134585,0,0.990902],"scl":[1,1,1,1,1,1,1,1,1,1,1,1,1,1,1,1,1,1,1,1,1,1,1,1,1,1,1,1,1,1,1,1,1,1,1,1,1,1,1,1,1,1,1,1,1,1,1,1]},
{"i":7,"pos":[-28,-1.52588E-05,-1.39038E-06,-28,-1.52588E-05,-1.39038E-06,-28,-1.52588E-05,-1.39038E-06,-28,-1.52588E-05,-1.39038E-06,-28,-1.52588E-05,-1.39038E-06,-28,-1.52588E-05,-1.39038E-06,-28,-1.52588E-05,-1.39038E-06,-28,-1.52588E-05,-1.39038E-06,-28,-1.52588E-05,-1.39038E-06,-28,-1.52588E-05,-1.39038E-06,-28,-1.52588E-05,-1.39038E-06,-28,-1.52588E-05,-1.39038E-06,-28,-1.52588E-05,-1.39038E-06,-28,-1.52588E-05,-1.39038E-06,-28,-1.52588E-05,-1.39038E-06,-28,-1.52588E-05,-1.39038E-06],"rot":[-0.370698,-0.153056,-0.0736982,0.913086,-0.370698,-0.153056,-0.0736982,0.913086,-0.370698,-0.153056,-0.0736982,0.913086,-0.370698,-0.153056,-0.0736982,0.913086,-0.370698,-0.153056,-0.0736982,0.913086,-0.370698,-0.153056,-0.0736982,0.913086,-0.370698,-0.153056,-0.0736982,0.913086,-0.370698,-0.153056,-0.0736982,0.913086,-0.370698,-0.153056,-0.0736982,0.913086,-0.370698,-0.153056,-0.0736982,0.913086,-0.370698,-0.153056,-0.0736982,0.913086,-0.370698,-0.153056,-0.0736982,0.913086,-0.370698,-0.153056,-0.0736982,0.913086,-0.370698,-0.153056,-0.0736982,0.913086,-0.370698,-0.153056,-0.0736982,0.913086,-0.370698,-0.153056,-0.0736982,0.913086],"scl":[1,1,1,1,1,1,1,1,1,1,1,1,1,1,1,1,1,1,1,1,1,1,1,1,1,1,1,1,1,1,1,1,1,1,1,1,1,1,1,1,1,1,1,1,1,1,1,1]},
{"i":8,"pos":[11,9,3.1366E-06,11,9,3.1366E-06,11,9,3.1366E-06,11,9,3.1366E-06,11,9,3.1366E-06,11,9,3.1366E-06,11,9,3.1366E-06,11,9,3.1366E-06,11,9,3.1366E-06,11,9,3.1366E-06,11,9,3.1366E-06,11,9,3.1366E-06,11,9,3.1366E-06,11,9,3.1366E-06,11,9,3.1366E-06,11,9,3.1366E-06],"rot":[0.0654753,-0.107178,0.30006,0.945616,0.0857881,-0.108747,0.251758,0.957827,0.08977,-0.108471,0.235715,0.961568,0.091754,-0.107775,0.222968,0.964495,0.0921123,-0.106963,0.215368,0.966277,0.0912663,-0.106384,0.214781,0.966552,0.0896702,-0.106373,0.219842,0.965564,0.0876925,-0.106748,0.229134,0.963542,0.0857108,-0.107338,0.241232,0.960697,0.0835384,-0.108089,0.254663,0.957332,0.0811317,-0.108894,0.267987,0.953804,0.0785201,-0.109568,0.280431,0.950362,0.0756808,-0.109936,0.290923,0.947391,0.0725792,-0.109806,0.2984,0.945321,0.0691821,-0.108964,0.301802,0.944593,0.0654753,-0.107178,0.30006,0.945616],"scl":[1,1,1,1,1,1,1,1,1,1,1,1,1,1,1,1,1,1,1,1,1,1,1,1,1,1,1,1,1,1,1,1,1,1,1,1,1,1,1,1,1,1,1,1,1,1,1,1]},
{"i":9,"pos":[11,-1.52588E-05,-1.03768E-06,11,-1.52588E-05,-1.03768E-06,11,-1.52588E-05,-1.03768E-06,11,-1.52588E-05,-1.03768E-06,11,-1.52588E-05,-1.03768E-06,11,-1.52588E-05,-1.03768E-06,11,-1.52588E-05,-1.03768E-06,11,-1.52588E-05,-1.03768E-06,11,-1.52588E-05,-1.03768E-06,11,-1.52588E-05,-1.03768E-06,11,-1.52588E-05,-1.03768E-06,11,-1.52588E-05,-1.03768E-06,11,-1.52588E-05,-1.03768E-06,11,-1.52588E-05,-1.03768E-06,11,-1.52588E-05,-1.03768E-06,11,-1.52588E-05,-1.03768E-06],