{
"name":"pl0a06mot_g3s19_m0",
"frameCount":16,"fps":60,"rotFormat":"quat_xyzw",
"bones":[
{"i":0,"pos":[0,0,0,0,0,0,0,0,0,0,0,0,0,0,0,0,0,0,0,0,0,0,0,0,0,0,0,0,0,0,0,0,0,0,0,0,0,0,0,0,0,0,0,0,0,0,0,0],"rot":[0,0,0,1,0,0,0,1,0,0,0,1,0,0,0,1,0,0,0,1,0,0,0,1,0,0,0,1,0,0,0,1,0,0,0,1,0,0,0,1,0,0,0,1,0,0,0,1,0,0,0,1,0,0,0,1,0,0,0,1,0,0,0,1],"scl":[1,1,1,1,1,1,1,1,1,1,1,1,1,1,1,1,1,1,1,1,1,1,1,1,1,1,1,1,1,1,1,1,1,1,1,1,1,1,1,1,1,1,1,1,1,1,1,1]},
{"i":1,"pos":[0,112.236,0,0,112.236,0,0,112.236,0,0,112.236,0,0,112.236,0,0,112.236,0,0,112.236,0,0,112.236,0,0,112.236,0,0,112.236,0,0,112.236,0,0,112.236,0,0,112.236,0,0,112.236,0,0,112.236,0,0,112.236,0],"rot":[0,0,0,1,0,0,0,1,0,0,0,1,0,0,0,1,0,0,0,1,0,0,0,1,0,0,0,1,0,0,0,1,0,0,0,1,0,0,0,1,0,0,0,1,0,0,0,1,0,0,0,1,0,0,0,1,0,0,0,1,0,0,0,1],"scl":[1,1,1,1,1,1,1,1,1,1,1,1,1,1,1,1,1,1,1,1,1,1,1,1,1,1,1,1,1,1,1,1,1,1,1,1,1,1,1,1,1,1,1,1,1,1,1,1]},
{"i":2,"pos":[0,0,0,0,0,0,0,0,0,0,0,0,0,0,0,0,0,0,0,0,0,0,0,0,0,0,0,0,0,0,0,0,0,0,0,0,0,0,0,0,0,0,0,0,0,0,0,0],"rot":[0.133778,-0.0409508,0.0303408,0.9897,0.134046,-0.0409425,0.0303519,0.989664,0.134084,-0.0409414,0.0303535,0.989659,0.134091,-0.0409412,0.0303538,0.989658,0.134079,-0.0409416,0.0303533,0.989659,0.134061,-0.0409421,0.0303525,0.989662,0.134043,-0.0409427,0.0303518,0.989664,0.13403,-0.040943,0.0303513,0.989666,0.134019,-0.0409434,0.0303508,0.989667,0.134007,-0.0409438,0.0303503,0.989669,0.133991,-0.0409442,0.0303496,0.989671,0.13397,-0.0409449,0.0303488,0.989674,0.13394,-0.0409458,0.0303475,0.989678,0.1339,-0.040947,0.0303459,0.989683,0.133847,-0.0409487,0.0303437,0.989691,0.133778,-0.0409508,0.0303408,0.9897],"scl":[1,1,1,1,1,1,1,1,1,1,1,1,1,1,1,1,1,1,1,1,1,1,1,1,1,1,1,1,1,1,1,1,1,1,1,1,1,1,1,1,1,1,1,1,1,1,1,1]},
{"i":3,"pos":[0,20,0,0,20,0,0,20,0,0,20,0,0,20,0,0,20,0,0,20,0,0,20,0,0,20,0,0,20,0,0,20,0,0,20,0,0,20,0,0,20,0,0,20,0,0,20,0],"rot":[0.189859,-0.0575186,-0.0432498,0.97917,0.19096,-0.0509216,-0.0418717,0.979381,0.19114,-0.049249,-0.0415331,0.979446,0.191205,-0.0481467,-0.0413156,0.979498,0.191188,-0.0476489,-0.0412221,0.979529,0.191125,-0.0477814,-0.0412536,0.979534,0.191052,-0.0483905,-0.0413779,0.979513,0.190976,-0.0493216,-0.0415645,0.979473,0.190898,-0.0504198,-0.0417827,0.979423,0.19081,-0.0516424,-0.0420255,0.979366,0.190708,-0.0529167,-0.0422794,0.979307,0.190589,-0.05417,-0.0425311,0.979251,0.190448,-0.0553295,-0.0427672,0.979203,0.190281,-0.0563225,-0.0429745,0.97917,0.190086,-0.0570764,-0.0431399,0.979157,0.189859,-0.0575186,-0.0432498,0.97917],"scl":[1,1,1,1,1,1,1,1,1,1,1,1,1,1,1,1,1,1,1,1,1,1,1,1,1,1,1,1,1,1,1,1,1,1,1,1,1,1,1,1,1,1,1,1,1,1,1,1]},
{"i":4,"pos":[-11,9,-3.4975E-06,-11,9,-3.4975E-06,-11,9,-3.4975E-06,-11,9,-3.4975E-06,-11,9,-3.4975E-06,-11,9,-3.4975E-06,-11,9,-3.4975E-06,-11,9,-3.4975E-06,-11,9,-3.4975E-06,-11,9,-3.4975E-06,-11,9,-3.4975E-06,-11,9,-3.4975E-06,-11,9,-3.4975E-06,-11,9,-3.4975E-06,-11,9,-3.4975E-06,-11,9,-3.4975E-06],"rot":[0.0136317,0,0,0.999907,0.0123825,0,0,0.999923,0.0122092,0,0,0.999925,0.0121771,0,0,0.999926,0.0122327,0,0,0.999925,0.0123227,0,0,0.999924,0.0123994,0,0,0.999923,0.0124585,0,0,0.999922,0.0125111,0,0,0.999922,0.0125683,0,0,0.999921,0.0126412,0,0,0.99992,0.0127411,0,0,0.999919,0.0128789,0,0,0.999917,0.0130659,0,0,0.999915,0.0133131,0,0,0.999911,0.0136317,0,0,0.999907],"scl":[1,1,1,1,1,1,1,1,1,1,1,1,1,1,1,1,1,1,1,1,1,1,1,1,1,1,1,1,1,1,1,1,1,1,1,1,1,1,1,1,1,1,1,1,1,1,1,1]},
{"i":5,"pos":[-11,1.52588E-05,1.15849E-07,-11,1.52588E-05,1.15849E-07,-11,1.52588E-05,1.15849E-07,-11,1.52588E-05,1.15849E-07,-11,1.52588E-05,1.15849E-07,-11,1.52588E-05,1.15849E-07,-11,1.52588E-05,1.15849E-07,-11,1.52588E-05,1.15849E-07,-11,1.52588E-05,1.15849E-07,-11,1.52588E-05,1.15849E-07,-11,1.52588E-05,1.15849E-07,-11,1.52588E-05,1.15849E-07,-11,1.52588E-05,1.15849E-07,-11,1.52588E-05,1.15849E-07,-11,1.52588E-05,1.15849E-07,-11,1.52588E-05,1.15849E-07],"rot":[-0.00224307,-0.269894,0.546468,0.792795,-0.00233432,-0.269786,0.546467,0.792833,-0.00233661,-0.269763,0.546469,0.792839,-0.00233304,-0.269756,0.54647,0.792841,-0.00232914,-0.269761,0.546471,0.792839,-0.00232464,-0.269768,0.54647,0.792837,-0.00232028,-0.269776,0.54647,0.792834,-0.00231684,-0.269784,0.54647,0.792831,-0.0023151,-0.26979,0.546471,0.792829,-0.00231301,-0.269797,0.546472,0.792826,-0.00230989,-0.269805,0.546472,0.792823,-0.00230478,-0.269816,0.546472,0.792819,-0.00229673,-0.269829,0.546471,0.792816,-0.00228461,-0.269846,0.546469,0.792811,-0.00226715,-0.269867,0.546468,0.792804,-0.00224307,-0.269894,0.546468,0.792795],"scl":[1,1,1,1,1,1,1,1,1,1,1,1,1,1,1,1,1,1,1,1,1,1,1,1,1,1,1,1,1,1,1,1,1,1,1,1,1,1,1,1,1,1,1,1,1,1,1,1]},
{"i":6,"pos":[-28,1.52588E-05,-2.04999E-07,-28,1.52588E-05,-2.04999E-07,-28,1.52588E-05,-2.04999E-07,-28,1.52588E-05,-2.04999E-07,-28,1.52588E-05,-2.04999E-07,-28,1.52588E-05,-2.04999E-07,-28,1.52588E-05,-2.04999E-07,-28,1.52588E-05,-2.04999E-07,-28,1.52588E-05,-2.04999E-07,-28,1.52588E-05,-2.04999E-07,-28,1.52588E-05,-2.04999E-07,-28,1.52588E-05,-2.04999E-07,-28,1.52588E-05,-2.04999E-07,-28,1.52588E-05,-2.04999E-07,-28,1.52588E-05,-2.04999E-07,-28,1.52588E-05,-2.04999E-07],"rot":[0,0.292745,0,0.956191,0,0.293226,0,0.956043,0,0.293293,0,0.956023,0,0.293306,0,0.956019,0,0.293284,0,0.956025,0,0.293249,0,0.956036,0,0.29322,0,0.956045,0,0.293197,0,0.956052,0,0.293177,0,0.956058,0,0.293155,0,0.956065,0,0.293127,0,0.956074,0,0.293088,0,0.956085,0,0.293035,0,0.956102,0,0.292963,0,0.956124,0,0.292868,0,0.956153,0,0.292745,0,0.956191],"scl":[1,1,1,1,1,1,1,1,1,1,1,1,1,1,1,1,1,1,1,1,1,1,1,1,1,1,1,1,1,1,1,1,1,1,1,1,1,1,1,1,1,1,1,1,1,1,1,1]},
{"i":7,"pos":[-28,-1.52588E-05,-1.39038E-06,-28,-1.52588E-05,-1.39038E-06,-28,-1.52588E-05,-1.39038E-06,-28,-1.52588E-05,-1.39038E-06,-28,-1.52588E-05,-1.39038E-06,-28,-1.52588E-05,-1.39038E-06,-28,-1.52588E-05,-1.39038E-06,-28,-1.52588E-05,-1.39038E-06,-28,-1.52588E-05,-1.39038E-06,-28,-1.52588E-05,-1.39038E-06,-28,-1.52588E-05,-1.39038E-06,-28,-1.52588E-05,-1.39038E-06,-28,-1.52588E-05,-1.39038E-06,-28,-1.52588E-05,-1.39038E-06,-28,-1.52588E-05,-1.39038E-06,-28,-1.52588E-05,-1.39038E-06],"rot":[-0.228482,-0.226483,0.000240414,0.946838,-0.228462,-0.226909,1.38421E-05,0.94674,-0.228472,-0.226968,-2.0666E-05,0.946724,-0.228479,-0.226979,-2.8221E-05,0.94672,-0.22848,-0.22696,-1.80379E-05,0.946724,-0.22848,-0.226929,-2.80379E-06,0.946731,-0.22848,-0.226903,1.17783E-05,0.946738,-0.228478,-0.226883,2.42082E-05,0.946743,-0.228475,-0.226865,3.45154E-05,0.946748,-0.228473,-0.226846,4.55865E-05,0.946753,-0.228471,-0.226821,5.95178E-05,0.946759,-0.22847,-0.226787,7.82791E-05,0.946768,-0.22847,-0.22674,0.0001038,0.946779,-0.228472,-0.226676,0.00013803,0.946794,-0.228476,-0.226592,0.000182924,0.946813,-0.228482,-0.226483,0.000240414,0.946838],"scl":[1,1,1,1,1,1,1,1,1,1,1,1,1,1,1,1,1,1,1,1,1,1,1,1,1,1,1,1,1,1,1,1,1,1,1,1,1,1,1,1,1,1,1,1,1,1,1,1]},
{"i":8,"pos":[11,9,3.1366E-06,11,9,3.1366E-06,11,9,3.1366E-06,11,9,3.1366E-06,11,9,3.1366E-06,11,9,3.1366E-06,11,9,3.1366E-06,11,9,3.1366E-06,11,9,3.1366E-06,11,9,3.1366E-06,11,9,3.1366E-06,11,9,3.1366E-06,11,9,3.1366E-06,11,9,3.1366E-06,11,9,3.1366E-06,11,9,3.1366E-06],"rot":[-0.13224,-0.316161,0.0445572,0.938387,-0.169817,-0.277838,0.0236234,0.945204,-0.177529,-0.263929,0.0188703,0.947876,-0.181569,-0.252445,0.0159319,0.95029,-0.182519,-0.245322,0.0147293,0.951991,-0.180998,-0.244627,0.0152139,0.952453,-0.178209,-0.249106,0.0168872,0.951789,-0.174596,-0.257466,0.0194116,0.950185,-0.170245,-0.268405,0.0225257,0.947875,-0.165266,-0.280629,0.0259715,0.945124,-0.159823,-0.292866,0.0295006,0.94224,-0.154071,-0.303905,0.0330915,0.939579,-0.148202,-0.312812,0.0365658,0.937469,-0.142457,-0.318527,0.0397643,0.936304,-0.137072,-0.319998,0.0425051,0.936486,-0.13224,-0.316161,0.0445572,0.938387],"scl":[1,1,1,1,1,1,1,1,1,1,1,1,1,1,1,1,1,1,1,1,1,1,1,1,1,1,1,1,1,1,1,1,1,1,1,1,1,1,1,1,1,1,1,1,1,1,1,1]},
{"i":9,