{
"name":"pl062amot_g3s17_m0",
"frameCount":16,"fps":60,"rotFormat":"quat_xyzw",
"bones":[
{"i":0,"pos":[0,0,0,0,0,0,0,0,0,0,0,0,0,0,0,0,0,0,0,0,0,0,0,0,0,0,0,0,0,0,0,0,0,0,0,0,0,0,0,0,0,0,0,0,0,0,0,0],"rot":[0,0,0,1,0,0,0,1,0,0,0,1,0,0,0,1,0,0,0,1,0,0,0,1,0,0,0,1,0,0,0,1,0,0,0,1,0,0,0,1,0,0,0,1,0,0,0,1,0,0,0,1,0,0,0,1,0,0,0,1,0,0,0,1],"scl":[1,1,1,1,1,1,1,1,1,1,1,1,1,1,1,1,1,1,1,1,1,1,1,1,1,1,1,1,1,1,1,1,1,1,1,1,1,1,1,1,1,1,1,1,1,1,1,1]},
{"i":1,"pos":[0,133.383,-7.479,0,132.908,-7.479,0,131.634,-7.479,0,129.808,-7.479,0,127.673,-7.479,0,125.475,-7.479,0,123.459,-7.479,0,121.869,-7.479,0,120.95,-7.479,0,120.947,-7.479,0,122.105,-7.479,0,124.065,-7.479,0,126.468,-7.479,0,128.959,-7.479,0,131.179,-7.479,0,132.773,-7.479],"rot":[0,0,0,1,0,0,0,1,0,0,0,1,0,0,0,1,0,0,0,1,0,0,0,1,0,0,0,1,0,0,0,1,0,0,0,1,0,0,0,1,0,0,0,1,0,0,0,1,0,0,0,1,0,0,0,1,0,0,0,1,0,0,0,1],"scl":[1,1,1,1,1,1,1,1,1,1,1,1,1,1,1,1,1,1,1,1,1,1,1,1,1,1,1,1,1,1,1,1,1,1,1,1,1,1,1,1,1,1,1,1,1,1,1,1]},
{"i":2,"pos":[0,0,0,0,0,0,0,0,0,0,0,0,0,0,0,0,0,0,0,0,0,0,0,0,0,0,0,0,0,0,0,0,0,0,0,0,0,0,0,0,0,0,0,0,0,0,0,0],"rot":[0.175544,0.506837,-0.120878,0.835278,0.17343,0.515208,-0.120437,0.830649,0.173792,0.51471,-0.120875,0.830818,0.175325,0.508178,-0.121015,0.834489,0.177261,0.498195,-0.120589,0.840142,0.178873,0.487381,-0.119321,0.846302,0.180136,0.476583,-0.117442,0.852425,0.18147,0.464897,-0.115373,0.858853,0.182865,0.452375,-0.113118,0.865518,0.184309,0.439071,-0.110682,0.872351,0.185792,0.42504,-0.108071,0.879286,0.187304,0.410339,-0.105292,0.886258,0.188835,0.395028,-0.102352,0.893207,0.190375,0.379171,-0.0992596,0.900075,0.191914,0.362832,-0.0960253,0.906808,0.193443,0.346079,-0.0926599,0.913358],"scl":[1,1,1,1,1,1,1,1,1,1,1,1,1,1,1,1,1,1,1,1,1,1,1,1,1,1,1,1,1,1,1,1,1,1,1,1,1,1,1,1,1,1,1,1,1,1,1,1]},
{"i":3,"pos":[0,22.0797,0,0,22.0797,0,0,22.0797,0,0,22.0797,0,0,22.0797,0,0,22.0797,0,0,22.0797,0,0,22.0797,0,0,22.0797,0,0,22.0797,0,0,22.0797,0,0,22.0797,0,0,22.0797,0,0,22.0797,0,0,22.0797,0,0,22.0797,0],"rot":[-0.0730445,0.343676,-0.0835125,0.932511,-0.0730958,0.348006,-0.0844398,0.930816,-0.0724913,0.347746,-0.0846184,0.930944,-0.0717383,0.344292,-0.0841495,0.932328,-0.0713138,0.339028,-0.0831109,0.93438,-0.0717168,0.333342,-0.0816096,0.936525,-0.0727302,0.32768,-0.0798431,0.938595,-0.0737729,0.321581,-0.077917,0.940783,-0.0748296,0.315074,-0.0758361,0.943068,-0.0758855,0.308191,-0.073606,0.945432,-0.0769263,0.300963,-0.0712328,0.947855,-0.0779386,0.293423,-0.0687229,0.950319,-0.07891,0.285603,-0.0660838,0.952805,-0.079829,0.277536,-0.0633236,0.955296,-0.0806853,0.269256,-0.0604509,0.957777,-0.0814701,0.260796,-0.0574756,0.960231],"scl":[1,1,1,1,1,1,1,1,1,1,1,1,1,1,1,1,1,1,1,1,1,1,1,1,1,1,1,1,1,1,1,1,1,1,1,1,1,1,1,1,1,1,1,1,1,1,1,1]},
{"i":4,"pos":[-18,15.2803,0,-18,15.2803,0,-18,15.2803,0,-18,15.2803,0,-18,15.2803,0,-18,15.2803,0,-18,15.2803,0,-18,15.2803,0,-18,15.2803,0,-18,15.2803,0,-18,15.2803,0,-18,15.2803,0,-18,15.2803,0,-18,15.2803,0,-18,15.2803,0,-18,15.2803,0],"rot":[0,-0.000302589,0,1,0,-0.000377607,0,1,0,-0.000370331,0,1,0,-0.000328748,0,1,0,-0.00020497,0,1,0,5.8549E-06,0,1,0,0.000285172,0,1,0,0.000614426,0,1,0,0.000975063,0,1,0,0.00134853,0,0.999999,0,0.00171627,0,0.999999,0,0.00205973,0,0.999998,0,0.00236035,0,0.999997,0,0.00259958,0,0.999997,0,0.00275718,0,0.999996,0,0.00281389,0,0.999996],"scl":[1,1,1,1,1,1,1,1,1,1,1,1,1,1,1,1,1,1,1,1,1,1,1,1,1,1,1,1,1,1,1,1,1,1,1,1,1,1,1,1,1,1,1,1,1,1,1,1]},
{"i":5,"pos":[-19.2,1.52588E-05,0,-19.2,1.52588E-05,0,-19.2,1.52588E-05,0,-19.2,1.52588E-05,0,-19.2,1.52588E-05,0,-19.2,1.52588E-05,0,-19.2,1.52588E-05,0,-19.2,1.52588E-05,0,-19.2,1.52588E-05,0,-19.2,1.52588E-05,0,-19.2,1.52588E-05,0,-19.2,1.52588E-05,0,-19.2,1.52588E-05,0,-19.2,1.52588E-05,0,-19.2,1.52588E-05,0,-19.2,1.52588E-05,0],"rot":[-0.500406,0.503579,0.493555,0.5024,-0.483365,0.498834,0.510067,0.507302,-0.456498,0.477112,0.533722,0.528313,-0.449117,0.457232,0.53669,0.548813,-0.46234,0.469895,0.520929,0.542286,-0.480935,0.498371,0.498534,0.521337,-0.491062,0.518562,0.482617,0.506984,-0.464783,0.488803,0.501379,0.541911,-0.43288,0.457965,0.514988,0.581095,-0.397183,0.420382,0.527183,0.622578,-0.356687,0.373623,0.537847,0.666259,-0.31704,0.325691,0.543703,0.705548,-0.279889,0.279389,0.545276,0.739106,-0.246711,0.237826,0.543686,0.766145,-0.218798,0.204248,0.540414,0.786361,-0.197306,0.181873,0.536996,0.799767],"scl":[1,1,1,1,1,1,1,1,1,1,1,1,1,1,1,1,1,1,1,1,1,1,1,1,1,1,1,1,1,1,1,1,1,1,1,1,1,1,1,1,1,1,1,1,1,1,1,1]},
{"i":6,"pos":[-33.12,0,2.28882E-05,-33.12,0,2.28882E-05,-33.12,0,2.28882E-05,-33.12,0,2.28882E-05,-33.12,0,2.28882E-05,-33.12,0,2.28882E-05,-33.12,0,2.28882E-05,-33.12,0,2.28882E-05,-33.12,0,2.28882E-05,-33.12,0,2.28882E-05,-33.12,0,2.28882E-05,-33.12,0,2.28882E-05,-33.12,0,2.28882E-05,-33.12,0,2.28882E-05,-33.12,0,2.28882E-05,-33.12,0,2.28882E-05],"rot":[0,0.169196,0,0.985582,0,0.264216,0,0.964464,0,0.29865,0,0.954363,0,0.300228,0,0.953867,0,0.261394,0,0.965232,0,0.18863,0,0.982048,0,0.131364,0,0.991334,0,0.173194,0,0.984888,0,0.230631,0,0.973041,0,0.294585,0,0.955625,0,0.360295,0,0.932838,0,0.423262,0,0.906008,0,0.479445,0,0.877572,0,0.525372,0,0.850873,0,0.558069,0,0.829794,0,0.574805,0,0.81829],"scl":[1,1,1,1,1,1,1,1,1,1,1,1,1,1,1,1,1,1,1,1,1,1,1,1,1,1,1,1,1,1,1,1,1,1,1,1,1,1,1,1,1,1,1,1,1,1,1,1]},
{"i":7,"pos":[-36.24,3.05176E-05,1.90735E-05,-36.24,3.05176E-05,1.90735E-05,-36.24,3.05176E-05,1.90735E-05,-36.24,3.05176E-05,1.90735E-05,-36.24,3.05176E-05,1.90735E-05,-36.24,3.05176E-05,1.90735E-05,-36.24,3.05176E-05,1.90735E-05,-36.24,3.05176E-05,1.90735E-05,-36.24,3.05176E-05,1.90735E-05,-36.24,3.05176E-05,1.90735E-05,-36.24,3.05176E-05,1.90735E-05,-36.24,3.05176E-05,1.90735E-05,-36.24,3.05176E-05,1.90735E-05,-36.24,3.05176E-05,1.90735E-05,-36.24,3.05176E-05,1.90735E-05,-36.24,3.05176E-05,1.90735E-05],"rot":[0.0276365,-0.0298229,-0.118132,0.992165,0.0463147,0.00989256,-0.123671,0.991193,0.0565929,0.0231699,-0.126145,0.990125,0.0584568,0.0220999,-0.124976,0.99019,0.0491001,0.00358674,-0.119051,0.991667,0.0317175,-0.0295678,-0.110022,0.992983,0.0151178,-0.0562826,-0.101269,0.993151,0.00270588,-0.0426476,-0.090882,0.994944,-0.0100883,-0.0225986,-0.0796477,0.996516,-0.0240591,-0.000322209,-0.0664736,0.997498,-0.0397505,0.0227044,-0.052011,0.997597,-0.0555294,0.0449381,-0.0370769,0.996756,-0.0707909,0.0650157,-0.0226567,0.995112,-0.0848317,0.0816688,-0.00984382,0.992994,-0.0968959,0.0937126,0.000201312,0.990873,-0.106229,0.100013,0.00629572,0.989279],"scl":[1,1,1,1,1,1,1,1,1,1,1,1,1,1,1,1,1,1,1,1,1,1,1,1,1,1,1,1,1,1,1,1,1,1,1,1,1,1,1,1,1,1,1,1,1,1,1,1]},
{"i":8,"pos":[-24,0,0,-24,0,0,-24,0,0,-24,0,0,-24,0,0,-24,0,0,-24,0,0,-24,0,0,-24,0,0,-24,0,0,-24,0,0,-24,0,0,-24,0,0,-24,0,0,-24,0,0,-24,0,0],"rot":[0,0,0,1,0,0,0,1,0,0,0,1,0,0,0,1,0,0,0,1,0,0,0,1,0,0,0,1,0,0,0,1,0,0,0,1,0,0,0,1,0,0,0,1,0,0,0,1,0,0,0,1,0,0,0,1,0,0,0,1,0,0,0,1],"scl":[1,1,1,1,1,1,1,1,1,1,1,1,1,1,1,1,1,1,1,1,1,1,1,1,1,1,1,1,1,1,1,1,1,1,1,1,1,1,1,1,1,1,1,1,1,1,1,1]},
{"i":9,"pos":[-19.2,0,0,-19.2,0,0,-19.2,0,0,-19.2,0,0,-19.2,0,0,-19.2,0,0,-19.2,0,0,-19.2,0,0,-19.2,0,0,-19.2,0,0,-19.2,0,0,-19.2,0,0,-19.2,0,0,-19.2,0,0,-19.2,0,0,-19.2,0,0],"rot":[0,0,0,1,0,0,0,1,0,0,0,1,0,0,0,1,0,0,0,1,0,0,0,1,0,0,0,1,0,0,0,1,0,0,0,1,0,0,0,1,0,0,0,1,0,0,0,1,0,0,0,1,0,0,0,1,0,0,0,1,0,0,0,1],"scl":[1,1,1,1,1,1,1,1,1,1,1,1,1,1,1,1,1,1,1,1,1,1,1,1,1,1,1,1,1,1,1,1,1,1,1,1,1,1,1,1,1,1,1,1,1,1,1,1]},
{"i":10,"pos":[18,15.2803,0,18,15.2803,0,18,15.2803,0,18,15.2803,0,18,15.2803,0,18,15.2803,0,18,15.2803,0,18,15.2803,0,18,15.2803,0,18,15.2803,0,18,15.2803,0,18,15.2803,0,18,15.2803,0,18,15.2803,0,18,15.2803,0,18,15.2803,0],"rot":[0,0.0648349,0,0.997896,0,0.124638,0,0.992202,0,0.105826,0,0.994385,0,0.0640126,0,0.997949,0,0.0213042,0,0.999773,0,2.5999E-05,0,1,0,-0.00292968,0,0.999996,0,-0.00554613,0,0.999985,0,-0.00784984,0,0.999969,0,-0.00985363,0,0.999951,0,-0.0115703,0,0.999933,0,-0.0130127,0,0.999915,0,-0.0141936,0,0.999899,0,-0.0151258,0,0.999886,0,-0.0158223,0,0.999875,0,-0.0162957,0,0.999867],