{
"name":"pl040bmot_g4s2_m0",
"frameCount":19,"fps":60,"rotFormat":"quat_xyzw",
"bones":[
{"i":0,"pos":[0,0,0,0,0,0,0,0,0,0,0,0,0,0,0,0,0,0,0,0,0,0,0,0,0,0,0,0,0,0,0,0,0,0,0,0,0,0,0,0,0,0,0,0,0,0,0,0,0,0,0,0,0,0,0,0,0],"rot":[0,0,0,1,0,0,0,1,0,0,0,1,0,0,0,1,0,0,0,1,0,0,0,1,0,0,0,1,0,0,0,1,0,0,0,1,0,0,0,1,0,0,0,1,0,0,0,1,0,0,0,1,0,0,0,1,0,0,0,1,0,0,0,1,0,0,0,1,0,0,0,1,0,0,0,1],"scl":[1,1,1,1,1,1,1,1,1,1,1,1,1,1,1,1,1,1,1,1,1,1,1,1,1,1,1,1,1,1,1,1,1,1,1,1,1,1,1,1,1,1,1,1,1,1,1,1,1,1,1,1,1,1,1,1,1]},
{"i":1,"pos":[0,159.297,0,0,159.63,0,0,159.998,0,0,160.394,0,0,160.811,0,0,161.245,0,0,161.689,0,0,162.138,0,0,162.584,0,0,163.023,0,0,163.448,0,0,163.854,0,0,164.235,0,0,164.583,0,0,164.895,0,0,165.163,0,0,165.382,0,0,165.546,0,0,165.648,0],"rot":[0,0,0,1,0,0,0,1,0,0,0,1,0,0,0,1,0,0,0,1,0,0,0,1,0,0,0,1,0,0,0,1,0,0,0,1,0,0,0,1,0,0,0,1,0,0,0,1,0,0,0,1,0,0,0,1,0,0,0,1,0,0,0,1,0,0,0,1,0,0,0,1,0,0,0,1],"scl":[1,1,1,1,1,1,1,1,1,1,1,1,1,1,1,1,1,1,1,1,1,1,1,1,1,1,1,1,1,1,1,1,1,1,1,1,1,1,1,1,1,1,1,1,1,1,1,1,1,1,1,1,1,1,1,1,1]},
{"i":2,"pos":[0,0,0,0,0,0,0,0,0,0,0,0,0,0,0,0,0,0,0,0,0,0,0,0,0,0,0,0,0,0,0,0,0,0,0,0,0,0,0,0,0,0,0,0,0,0,0,0,0,0,0,0,0,0,0,0,0],"rot":[0,0,0,1,0,0,0,1,0,0,0,1,0,0,0,1,0,0,0,1,0,0,0,1,0,0,0,1,0,0,0,1,0,0,0,1,0,0,0,1,0,0,0,1,0,0,0,1,0,0,0,1,0,0,0,1,0,0,0,1,0,0,0,1,0,0,0,1,0,0,0,1,0,0,0,1],"scl":[1,1,1,1,1,1,1,1,1,1,1,1,1,1,1,1,1,1,1,1,1,1,1,1,1,1,1,1,1,1,1,1,1,1,1,1,1,1,1,1,1,1,1,1,1,1,1,1,1,1,1,1,1,1,1,1,1]},
{"i":3,"pos":[6.24813E-06,8.23552,1.78518E-06,6.24813E-06,8.23552,1.78518E-06,6.24813E-06,8.23552,1.78518E-06,6.24813E-06,8.23552,1.78518E-06,6.24813E-06,8.23552,1.78518E-06,6.24813E-06,8.23552,1.78518E-06,6.24813E-06,8.23552,1.78518E-06,6.24813E-06,8.23552,1.78518E-06,6.24813E-06,8.23552,1.78518E-06,6.24813E-06,8.23552,1.78518E-06,6.24813E-06,8.23552,1.78518E-06,6.24813E-06,8.23552,1.78518E-06,6.24813E-06,8.23552,1.78518E-06,6.24813E-06,8.23552,1.78518E-06,6.24813E-06,8.23552,1.78518E-06,6.24813E-06,8.23552,1.78518E-06,6.24813E-06,8.23552,1.78518E-06,6.24813E-06,8.23552,1.78518E-06,6.24813E-06,8.23552,1.78518E-06],"rot":[0.0406382,0,0,0.999174,0.0373176,0,0,0.999303,0.0340395,0,0,0.99942,0.0308195,0,0,0.999525,0.0276734,0,0,0.999617,0.0246167,0,0,0.999697,0.0216653,0,0,0.999765,0.0188347,0,0,0.999823,0.0161406,0,0,0.99987,0.0135987,0,0,0.999908,0.0112246,0,0,0.999937,0.00903406,0,0,0.999959,0.00704267,0,0,0.999975,0.00526609,0,0,0.999986,0.00371995,0,0,0.999993,0.0024199,0,0,0.999997,0.00138156,0,0,0.999999,0.00062058,0,0,1,0.000152588,0,0,1],"scl":[1,1,1,1,1,1,1,1,1,1,1,1,1,1,1,1,1,1,1,1,1,1,1,1,1,1,1,1,1,1,1,1,1,1,1,1,1,1,1,1,1,1,1,1,1,1,1,1,1,1,1,1,1,1,1,1,1]},
{"i":4,"pos":[-69.8544,63.814,0,-69.8544,63.814,0,-69.8544,63.814,0,-69.8544,63.814,0,-69.8544,63.814,0,-69.8544,63.814,0,-69.8544,63.814,0,-69.8544,63.814,0,-69.8544,63.814,0,-69.8544,63.814,0,-69.8544,63.814,0,-69.8544,63.814,0,-69.8544,63.814,0,-69.8544,63.814,0,-69.8544,63.814,0,-69.8544,63.814,0,-69.8544,63.814,0,-69.8544,63.814,0,-69.8544,63.814,0],"rot":[0,0,0,1,0,0,0,1,0,0,0,1,0,0,0,1,0,0,0,1,0,0,0,1,0,0,0,1,0,0,0,1,0,0,0,1,0,0,0,1,0,0,0,1,0,0,0,1,0,0,0,1,0,0,0,1,0,0,0,1,0,0,0,1,0,0,0,1,0,0,0,1,0,0,0,1],"scl":[1,1,1,1,1,1,1,1,1,1,1,1,1,1,1,1,1,1,1,1,1,1,1,1,1,1,1,1,1,1,1,1,1,1,1,1,1,1,1,1,1,1,1,1,1,1,1,1,1,1,1,1,1,1,1,1,1]},
{"i":5,"pos":[-11.1153,-0.0131073,-2.51052E-06,-11.1153,-0.0131073,-2.51052E-06,-11.1153,-0.0131073,-2.51052E-06,-11.1153,-0.0131073,-2.51052E-06,-11.1153,-0.0131073,-2.51052E-06,-11.1153,-0.0131073,-2.51052E-06,-11.1153,-0.0131073,-2.51052E-06,-11.1153,-0.0131073,-2.51052E-06,-11.1153,-0.0131073,-2.51052E-06,-11.1153,-0.0131073,-2.51052E-06,-11.1153,-0.0131073,-2.51052E-06,-11.1153,-0.0131073,-2.51052E-06,-11.1153,-0.0131073,-2.51052E-06,-11.1153,-0.0131073,-2.51052E-06,-11.1153,-0.0131073,-2.51052E-06,-11.1153,-0.0131073,-2.51052E-06,-11.1153,-0.0131073,-2.51052E-06,-11.1153,-0.0131073,-2.51052E-06,-11.1153,-0.0131073,-2.51052E-06],"rot":[0.0247959,-0.0434155,0.495323,0.867269,0.0237531,-0.0414317,0.4968,0.86655,0.0225606,-0.0392006,0.498297,0.865826,0.0212343,-0.0367541,0.499801,0.865099,0.0197906,-0.0341244,0.501298,0.864375,0.0182465,-0.0313434,0.502775,0.863656,0.0166189,-0.0284425,0.504219,0.862947,0.0149255,-0.0254533,0.505616,0.862254,0.0131843,-0.022407,0.506953,0.861581,0.0114206,-0.0193468,0.508219,0.860935,0.00965693,-0.0163093,0.509404,0.860319,0.00792676,-0.0133495,0.510499,0.859738,0.00626396,-0.010522,0.511497,0.859198,0.00470274,-0.0078813,0.512387,0.858706,0.0032775,-0.00548166,0.513162,0.858268,0.00202278,-0.00337734,0.513814,0.857893,0.000987726,-0.00164691,0.514335,0.857587,0.00021013,-0.000350011,0.514718,0.85736,-0.000282873,0.000470884,0.514954,0.857217],"scl":[1,1,1,1,1,1,1,1,1,1,1,1,1,1,1,1,1,1,1,1,1,1,1,1,1,1,1,1,1,1,1,1,1,1,1,1,1,1,1,1,1,1,1,1,1,1,1,1,1,1,1,1,1,1,1,1,1]},
{"i":6,"pos":[-50.7382,0.0128937,-1.2854E-05,-50.7382,0.0128937,-1.2854E-05,-50.7382,0.0128937,-1.2854E-05,-50.7382,0.0128937,-1.2854E-05,-50.7382,0.0128937,-1.2854E-05,-50.7382,0.0128937,-1.2854E-05,-50.7382,0.0128937,-1.2854E-05,-50.7382,0.0128937,-1.2854E-05,-50.7382,0.0128937,-1.2854E-05,-50.7382,0.0128937,-1.2854E-05,-50.7382,0.0128937,-1.2854E-05,-50.7382,0.0128937,-1.2854E-05,-50.7382,0.0128937,-1.2854E-05,-50.7382,0.0128937,-1.2854E-05,-50.7382,0.0128937,-1.2854E-05,-50.7382,0.0128937,-1.2854E-05,-50.7382,0.0128937,-1.2854E-05,-50.7382,0.0128937,-1.2854E-05,-50.7382,0.0128937,-1.2854E-05],"rot":[0,0.447096,0,0.894486,0,0.441411,0,0.897305,0,0.435318,0,0.900277,0,0.428879,0,0.903362,0,0.422154,0,0.906524,0,0.415208,0,0.909727,0,0.408104,0,0.912936,0,0.400906,0,0.916119,0,0.393681,0,0.919247,0,0.386518,0,0.922282,0,0.379494,0,0.925194,0,0.372717,0,0.927945,0,0.366301,0,0.930497,0,0.360357,0,0.932814,0,0.355,0,0.934866,0,0.350342,0,0.936622,0,0.346499,0,0.93805,0,0.343605,0,0.939114,0,0.341785,0,0.939778],"scl":[1,1,1,1,1,1,1,1,1,1,1,1,1,1,1,1,1,1,1,1,1,1,1,1,1,1,1,1,1,1,1,1,1,1,1,1,1,1,1,1,1,1,1,1,1,1,1,1,1,1,1,1,1,1,1,1,1]},
{"i":7,"pos":[-39.5527,0,-2.72831E-05,-39.5527,0,-2.72831E-05,-39.5527,0,-2.72831E-05,-39.5527,0,-2.72831E-05,-39.5527,0,-2.72831E-05,-39.5527,0,-2.72831E-05,-39.5527,0,-2.72831E-05,-39.5527,0,-2.72831E-05,-39.5527,0,-2.72831E-05,-39.5527,0,-2.72831E-05,-39.5527,0,-2.72831E-05,-39.5527,0,-2.72831E-05,-39.5527,0,-2.72831E-05,-39.5527,0,-2.72831E-05,-39.5527,0,-2.72831E-05,-39.5527,0,-2.72831E-05,-39.5527,0,-2.72831E-05,-39.5527,0,-2.72831E-05,-39.5527,0,-2.72831E-05],"rot":[0,0,0,1,0,0,0,1,0,0,0,1,0,0,0,1,0,0,0,1,0,0,0,1,0,0,0,1,0,0,0,1,0,0,0,1,0,0,0,1,0,0,0,1,0,0,0,1,0,0,0,1,0,0,0,1,0,0,0,1,0,0,0,1,0,0,0,1,0,0,0,1,0,0,0,1],"scl":[1,1,1,1,1,1,1,1,1,1,1,1,1,1,1,1,1,1,1,1,1,1,1,1,1,1,1,1,1,1,1,1,1,1,1,1,1,1,1,1,1,1,1,1,1,1,1,1,1,1,1,1,1,1,1,1,1]},
{"i":8,"pos":[69.8544,63.814,0,69.8544,63.814,0,69.8544,63.814,0,69.8544,63.814,0,69.8544,63.814,0,69.8544,63.814,0,69.8544,63.814,0,69.8544,63.814,0,69.8544,63.814,0,69.8544,63.814,0,69.8544,63.814,0,69.8544,63.814,0,69.8544,63.814,0,69.8544,63.814,0,69.8544,63.814,0,69.8544,63.814,0,69.8544,63.814,0,69.8544,63.814,0,69.8544,63.814,0],"rot":[0,0,0,1,0,0,0,1,0,0,0,1,0,0,0,1,0,0,0,1,0,0,0,1,0,0,0,1,0,0,0,1,0,0,0,1,0,0,0,1,0,0,0,1,0,0,0,1,0,0,0,1,0,0,0,1,0,0,0,1,0,0,0,1,0,0,0,1,0,0,0,1,0,0,0,1],"scl":[1,1,1,1,1,1,1,1,1,1,1,1,1,1,1,1,1,1,1,1,1,1,1,1,1,1,1,1,1,1,1,1,1,1,1,1,1,1,1,1,1,1,1,1,1,1,1,1,1,1,1,1,1,1,1,1,1]},
{"i":9,"pos":[11.1153,-0.0131073,-2.51052E-06,11.1153,-0.0131073,-2.51052E-06,11.1153,-0.0131073,-2.51052E-06,11.1153,-0.0131073,-2.51052E-06,11.1153,-0.0131073,-2.51052E-06,11.1153,-0.0131073,-2.51052E-06,11.1153,-0.0131073,-2.51052E-06,11.1153,-0.0131073,-2.51052E-06,11.1153,-0.0131073,-2.51052E-06,11.1153,-0.0131073,-2.51052E-06,11.1153,-0.0131073,-2.51052E-06,11.1153,-0.0131073,-2.51052E-06,11.1153,-0.0131073,-2.51052E-06,11.1153,-0.0131073,-2.51052E-06,11.1153,-0.0131073,-2.51052E-06,11.1153,-0.0131073,-2.51052E-06,11.1153,-0.0131073,-2.51052E-06,11.1153,-0.0131073,-2.51052E-06,11.1153,-0.0131073,-2.51052E-06],