{
"name":"pl080emot_g3s17_m0",
"frameCount":16,"fps":60,"rotFormat":"quat_xyzw",
"bones":[
{"i":0,"pos":[0,0,0,0,0,0,0,0,0,0,0,0,0,0,0,0,0,0,0,0,0,0,0,0,0,0,0,0,0,0,0,0,0,0,0,0,0,0,0,0,0,0,0,0,0,0,0,0],"rot":[0,0,0,1,0,0,0,1,0,0,0,1,0,0,0,1,0,0,0,1,0,0,0,1,0,0,0,1,0,0,0,1,0,0,0,1,0,0,0,1,0,0,0,1,0,0,0,1,0,0,0,1,0,0,0,1,0,0,0,1,0,0,0,1],"scl":[1,1,1,1,1,1,1,1,1,1,1,1,1,1,1,1,1,1,1,1,1,1,1,1,1,1,1,1,1,1,1,1,1,1,1,1,1,1,1,1,1,1,1,1,1,1,1,1]},
{"i":1,"pos":[0.196716,110,0.37735,0.196716,110,0.37735,0.196716,110,0.37735,0.196716,110,0.37735,0.196716,110,0.37735,0.196716,110,0.37735,0.196716,110,0.37735,0.196716,110,0.37735,0.196716,110,0.37735,0.196716,110,0.37735,0.196716,110,0.37735,0.196716,110,0.37735,0.196716,110,0.37735,0.196716,110,0.37735,0.196716,110,0.37735,0.196716,110,0.37735],"rot":[0,0,0,1,0,0,0,1,0,0,0,1,0,0,0,1,0,0,0,1,0,0,0,1,0,0,0,1,0,0,0,1,0,0,0,1,0,0,0,1,0,0,0,1,0,0,0,1,0,0,0,1,0,0,0,1,0,0,0,1,0,0,0,1],"scl":[1,1,1,1,1,1,1,1,1,1,1,1,1,1,1,1,1,1,1,1,1,1,1,1,1,1,1,1,1,1,1,1,1,1,1,1,1,1,1,1,1,1,1,1,1,1,1,1]},
{"i":2,"pos":[0,0,0,0,0,0,0,0,0,0,0,0,0,0,0,0,0,0,0,0,0,0,0,0,0,0,0,0,0,0,0,0,0,0,0,0,0,0,0,0,0,0,0,0,0,0,0,0],"rot":[0.399146,0.144911,-0.115245,0.897999,0.40205,0.147072,-0.114741,0.896415,0.404266,0.148906,-0.114531,0.895142,0.405859,0.150409,-0.114557,0.894166,0.406891,0.15158,-0.11476,0.893472,0.407424,0.152418,-0.115088,0.893045,0.407516,0.152922,-0.115486,0.892865,0.407226,0.153093,-0.115904,0.892914,0.406608,0.152931,-0.116292,0.893173,0.40572,0.152435,-0.116599,0.893621,0.404617,0.151606,-0.116779,0.894239,0.403352,0.150441,-0.116782,0.895006,0.401982,0.148938,-0.11656,0.895903,0.400561,0.147096,-0.116064,0.896907,0.399146,0.144911,-0.115245,0.897999,0.397438,0.142035,-0.114163,0.899353],"scl":[1,1,1,1,1,1,1,1,1,1,1,1,1,1,1,1,1,1,1,1,1,1,1,1,1,1,1,1,1,1,1,1,1,1,1,1,1,1,1,1,1,1,1,1,1,1,1,1]},
{"i":3,"pos":[0,11.5691,0,0,11.5691,0,0,11.5691,0,0,11.5691,0,0,11.5691,0,0,11.5691,0,0,11.5691,0,0,11.5691,0,0,11.5691,0,0,11.5691,0,0,11.5691,0,0,11.5691,0,0,11.5691,0,0,11.5691,0,0,11.5691,0,0,11.5691,0],"rot":[-0.0352818,0.53616,0.0609809,0.841171,-0.0473378,0.543308,0.06996,0.835273,-0.0566053,0.549565,0.076966,0.82997,-0.063336,0.55493,0.082114,0.825408,-0.0677743,0.559378,0.0855352,0.821698,-0.0701563,0.562861,0.0873746,0.818921,-0.0707104,0.565313,0.0877891,0.817138,-0.069658,0.566652,0.0869454,0.81639,-0.067215,0.566786,0.0850188,0.816705,-0.0635936,0.565613,0.0821903,0.818097,-0.0590048,0.563022,0.078645,0.820572,-0.0536603,0.558902,0.0745692,0.824129,-0.0477756,0.553132,0.0701477,0.828759,-0.0415725,0.545593,0.065561,0.834447,-0.0352818,0.53616,0.0609809,0.841171,-0.0274902,0.523632,0.0553174,0.849702],"scl":[1,1,1,1,1,1,1,1,1,1,1,1,1,1,1,1,1,1,1,1,1,1,1,1,1,1,1,1,1,1,1,1,1,1,1,1,1,1,1,1,1,1,1,1,1,1,1,1]},
{"i":4,"pos":[-10.0879,13.0121,-2.12947E-07,-10.0879,13.0121,-2.12947E-07,-10.0879,13.0121,-2.12947E-07,-10.0879,13.0121,-2.12947E-07,-10.0879,13.0121,-2.12947E-07,-10.0879,13.0121,-2.12947E-07,-10.0879,13.0121,-2.12947E-07,-10.0879,13.0121,-2.12947E-07,-10.0879,13.0121,-2.12947E-07,-10.0879,13.0121,-2.12947E-07,-10.0879,13.0121,-2.12947E-07,-10.0879,13.0121,-2.12947E-07,-10.0879,13.0121,-2.12947E-07,-10.0879,13.0121,-2.12947E-07,-10.0879,13.0121,-2.12947E-07,-10.0879,13.0121,-2.12947E-07],"rot":[0.210081,0.170099,0.037147,0.962056,0.223902,0.158961,0.0424493,0.960624,0.234788,0.150928,0.046702,0.959122,0.242916,0.145605,0.0498538,0.957761,0.248478,0.14262,0.0519185,0.956673,0.25168,0.141623,0.0529595,0.955927,0.252733,0.14228,0.053076,0.955545,0.251855,0.144272,0.0523925,0.955515,0.249264,0.147291,0.0510488,0.955807,0.245181,0.151035,0.0491924,0.956376,0.239828,0.155204,0.0469715,0.957177,0.233424,0.1595,0.0445295,0.95817,0.226189,0.163619,0.042,0.959324,0.218338,0.167256,0.039504,0.960621,0.210081,0.170099,0.037147,0.962056,0.199731,0.173398,0.0343152,0.963775],"scl":[1,1,1,1,1,1,1,1,1,1,1,1,1,1,1,1,1,1,1,1,1,1,1,1,1,1,1,1,1,1,1,1,1,1,1,1,1,1,1,1,1,1,1,1,1,1,1,1]},
{"i":5,"pos":[-9.88047,2.28882E-05,8.94937E-06,-9.88047,2.28882E-05,8.94937E-06,-9.88047,2.28882E-05,8.94937E-06,-9.88047,2.28882E-05,8.94937E-06,-9.88047,2.28882E-05,8.94937E-06,-9.88047,2.28882E-05,8.94937E-06,-9.88047,2.28882E-05,8.94937E-06,-9.88047,2.28882E-05,8.94937E-06,-9.88047,2.28882E-05,8.94937E-06,-9.88047,2.28882E-05,8.94937E-06,-9.88047,2.28882E-05,8.94937E-06,-9.88047,2.28882E-05,8.94937E-06,-9.88047,2.28882E-05,8.94937E-06,-9.88047,2.28882E-05,8.94937E-06,-9.88047,2.28882E-05,8.94937E-06,-9.88047,2.28882E-05,8.94937E-06],"rot":[-0.489192,0.432928,0.547659,0.522815,-0.492868,0.449292,0.543759,0.509455,-0.50103,0.459465,0.53917,0.497148,-0.510085,0.466067,0.534132,0.487132,-0.517182,0.471739,0.528162,0.480656,-0.532758,0.464618,0.533101,0.46487,0.530887,-0.473763,-0.523951,-0.468169,0.534843,-0.472808,-0.524471,-0.464032,0.536445,-0.470796,-0.526582,-0.461832,0.535513,-0.46773,-0.529934,-0.462196,-0.531982,0.463483,0.534075,0.46577,-0.525799,0.45793,0.538448,0.473191,-0.516848,0.45098,0.542474,0.484981,-0.504842,0.442618,0.54565,0.501488,-0.489192,0.432928,0.547659,0.522815,-0.467725,0.419942,0.548106,0.551781],"scl":[1,1,1,1,1,1,1,1,1,1,1,1,1,1,1,1,1,1,1,1,1,1,1,1,1,1,1,1,1,1,1,1,1,1,1,1,1,1,1,1,1,1,1,1,1,1,1,1]},
{"i":6,"pos":[-24.1815,7.62939E-06,8.79248E-06,-24.1815,7.62939E-06,8.79248E-06,-24.1815,7.62939E-06,8.79248E-06,-24.1815,7.62939E-06,8.79248E-06,-24.1815,7.62939E-06,8.79248E-06,-24.1815,7.62939E-06,8.79248E-06,-24.1815,7.62939E-06,8.79248E-06,-24.1815,7.62939E-06,8.79248E-06,-24.1815,7.62939E-06,8.79248E-06,-24.1815,7.62939E-06,8.79248E-06,-24.1815,7.62939E-06,8.79248E-06,-24.1815,7.62939E-06,8.79248E-06,-24.1815,7.62939E-06,8.79248E-06,-24.1815,7.62939E-06,8.79248E-06,-24.1815,7.62939E-06,8.79248E-06,-24.1815,7.62939E-06,8.79248E-06],"rot":[0,0.35694,0,0.934127,0,0.32971,0,0.944082,0,0.309332,0,0.950954,0,0.295248,0,0.955421,-1.9489E-05,0.286827,5.83516E-06,0.957982,0.0194357,0.283589,0.00574452,0.958732,-3.85526E-06,0.284232,1.30043E-05,0.958755,-1.08218E-06,0.28862,3.26222E-07,0.957444,1.07969E-05,0.295819,-3.34359E-06,0.955244,-2.28556E-05,0.305088,-1.00645E-05,0.952324,1.71597E-05,0.315688,-5.70906E-06,0.948863,-3.04358E-06,0.326889,-1.02319E-05,0.945063,2.292E-06,0.33797,-6.38263E-06,0.941157,0,0.34822,0,0.937413,0,0.35694,0,0.934127,0,0.367309,0,0.930099],"scl":[1,1,1,1,1,1,1,1,1,1,1,1,1,1,1,1,1,1,1,1,1,1,1,1,1,1,1,1,1,1,1,1,1,1,1,1,1,1,1,1,1,1,1,1,1,1,1,1]},
{"i":7,"pos":[-76.95,0,1.52005E-05,-76.95,0,1.52005E-05,-76.95,0,1.52005E-05,-76.95,0,1.52005E-05,-76.95,0,1.52005E-05,-76.95,0,1.52005E-05,-76.95,0,1.52005E-05,-76.95,0,1.52005E-05,-76.95,0,1.52005E-05,-76.95,0,1.52005E-05,-76.95,0,1.52005E-05,-76.95,0,1.52005E-05,-76.95,0,1.52005E-05,-76.95,0,1.52005E-05,-76.95,0,1.52005E-05,-76.95,0,1.52005E-05],"rot":[0.245494,-0.0551985,0.123815,0.959873,0.245494,-0.0551985,0.123815,0.959873,0.245494,-0.0551985,0.123815,0.959873,0.245494,-0.0551985,0.123815,0.959873,0.245494,-0.0551985,0.123815,0.959873,0.245494,-0.0551985,0.123815,0.959873,0.245494,-0.0551985,0.123815,0.959873,0.245494,-0.0551985,0.123815,0.959873,0.245494,-0.0551985,0.123815,0.959873,0.245494,-0.0551985,0.123815,0.959873,0.245494,-0.0551985,0.123815,0.959873,0.245494,-0.0551985,0.123815,0.959873,0.245494,-0.0551985,0.123815,0.959873,0.245494,-0.0551985,0.123815,0.959873,0.245494,-0.0551985,0.123815,0.959873,0.245491,-0.0551691,0.123808,0.959876],"scl":[1,1,1,1,1,1,1,1,1,1,1,1,1,1,1,1,1,1,1,1,1,1,1,1,1,1,1,1,1,1,1,1,1,1,1,1,1,1,1,1,1,1,1,1,1,1,1,1]},
{"i":8,"pos":[0,0,0,0,0,0,0,0,0,0,0,0,0,0,0,0,0,0,0,0,0,0,0,0,0,0,0,0,0,0,0,0,0,0,0,0,0,0,0,0,0,0,0,0,0,0,0,0],"rot":[0,0,0,1,0,0,0,1,0,0,0,1,0,0,0,1,0,0,0,1,0,0,0,1,0,0,0,1,0,0,0,1,0,0,0,1,0,0,0,1,0,0,0,1,0,0,0,1,0,0,0,1,0,0,0,1,0,0,0,1,0,0,0,1],"scl":[1,1,1,1,1,1,1,1,1,1,1,1,1,1,1,1,1,1,1,1,1,1,1,1,1,1,1,1,1,1,1,1,1,1,1,1,1,1,1,1,1,1,1,1,1,1,1,1]},
{"i":9,