{
"name":"pl080emot_g3s18_m0",
"frameCount":16,"fps":60,"rotFormat":"quat_xyzw",
"bones":[
{"i":0,"pos":[0,0,0,0,0,0,0,0,0,0,0,0,0,0,0,0,0,0,0,0,0,0,0,0,0,0,0,0,0,0,0,0,0,0,0,0,0,0,0,0,0,0,0,0,0,0,0,0],"rot":[0,0,0,1,0,0,0,1,0,0,0,1,0,0,0,1,0,0,0,1,0,0,0,1,0,0,0,1,0,0,0,1,0,0,0,1,0,0,0,1,0,0,0,1,0,0,0,1,0,0,0,1,0,0,0,1,0,0,0,1,0,0,0,1],"scl":[1,1,1,1,1,1,1,1,1,1,1,1,1,1,1,1,1,1,1,1,1,1,1,1,1,1,1,1,1,1,1,1,1,1,1,1,1,1,1,1,1,1,1,1,1,1,1,1]},
{"i":1,"pos":[-0.196716,110,0.37735,-0.196716,110,0.37735,-0.196716,110,0.37735,-0.196716,110,0.37735,-0.196716,110,0.37735,-0.196716,110,0.37735,-0.196716,110,0.37735,-0.196716,110,0.37735,-0.196716,110,0.37735,-0.196716,110,0.37735,-0.196716,110,0.37735,-0.196716,110,0.37735,-0.196716,110,0.37735,-0.196716,110,0.37735,-0.196716,110,0.37735,-0.196716,110,0.37735],"rot":[0,0,0,1,0,0,0,1,0,0,0,1,0,0,0,1,0,0,0,1,0,0,0,1,0,0,0,1,0,0,0,1,0,0,0,1,0,0,0,1,0,0,0,1,0,0,0,1,0,0,0,1,0,0,0,1,0,0,0,1,0,0,0,1],"scl":[1,1,1,1,1,1,1,1,1,1,1,1,1,1,1,1,1,1,1,1,1,1,1,1,1,1,1,1,1,1,1,1,1,1,1,1,1,1,1,1,1,1,1,1,1,1,1,1]},
{"i":2,"pos":[0,0,0,0,0,0,0,0,0,0,0,0,0,0,0,0,0,0,0,0,0,0,0,0,0,0,0,0,0,0,0,0,0,0,0,0,0,0,0,0,0,0,0,0,0,0,0,0],"rot":[0.399146,-0.144911,0.115246,0.897999,0.40205,-0.147072,0.114741,0.896415,0.404266,-0.148906,0.114531,0.895142,0.405859,-0.150409,0.114557,0.894166,0.406891,-0.15158,0.11476,0.893472,0.407424,-0.152418,0.115088,0.893045,0.407516,-0.152922,0.115486,0.892865,0.407225,-0.153093,0.115904,0.892914,0.406608,-0.152931,0.116292,0.893173,0.40572,-0.152435,0.116599,0.893621,0.404617,-0.151606,0.116779,0.894239,0.403352,-0.150441,0.116782,0.895006,0.401982,-0.148938,0.11656,0.895903,0.400561,-0.147096,0.116064,0.896907,0.399146,-0.144911,0.115246,0.897999,0.397438,-0.142035,0.114163,0.899353],"scl":[1,1,1,1,1,1,1,1,1,1,1,1,1,1,1,1,1,1,1,1,1,1,1,1,1,1,1,1,1,1,1,1,1,1,1,1,1,1,1,1,1,1,1,1,1,1,1,1]},
{"i":3,"pos":[0,11.5691,0,0,11.5691,0,0,11.5691,0,0,11.5691,0,0,11.5691,0,0,11.5691,0,0,11.5691,0,0,11.5691,0,0,11.5691,0,0,11.5691,0,0,11.5691,0,0,11.5691,0,0,11.5691,0,0,11.5691,0,0,11.5691,0,0,11.5691,0],"rot":[-0.0352817,-0.53616,-0.0609808,0.841171,-0.0473378,-0.543308,-0.0699599,0.835273,-0.0566054,-0.549565,-0.0769659,0.82997,-0.0633361,-0.554929,-0.082114,0.825408,-0.0677744,-0.559378,-0.0855352,0.821698,-0.0701565,-0.562861,-0.0873747,0.818921,-0.0707106,-0.565313,-0.0877891,0.817138,-0.0696582,-0.566652,-0.0869455,0.81639,-0.0672152,-0.566786,-0.0850189,0.816705,-0.0635938,-0.565613,-0.0821904,0.818097,-0.0590049,-0.563022,-0.0786451,0.820572,-0.0536604,-0.558902,-0.0745693,0.824129,-0.0477757,-0.553132,-0.0701478,0.828759,-0.0415725,-0.545593,-0.0655611,0.834447,-0.0352817,-0.53616,-0.0609808,0.841171,-0.0274901,-0.523632,-0.0553173,0.849702],"scl":[1,1,1,1,1,1,1,1,1,1,1,1,1,1,1,1,1,1,1,1,1,1,1,1,1,1,1,1,1,1,1,1,1,1,1,1,1,1,1,1,1,1,1,1,1,1,1,1]},
{"i":4,"pos":[-10.0879,13.0121,-2.12947E-07,-10.0879,13.0121,-2.12947E-07,-10.0879,13.0121,-2.12947E-07,-10.0879,13.0121,-2.12947E-07,-10.0879,13.0121,-2.12947E-07,-10.0879,13.0121,-2.12947E-07,-10.0879,13.0121,-2.12947E-07,-10.0879,13.0121,-2.12947E-07,-10.0879,13.0121,-2.12947E-07,-10.0879,13.0121,-2.12947E-07,-10.0879,13.0121,-2.12947E-07,-10.0879,13.0121,-2.12947E-07,-10.0879,13.0121,-2.12947E-07,-10.0879,13.0121,-2.12947E-07,-10.0879,13.0121,-2.12947E-07,-10.0879,13.0121,-2.12947E-07],"rot":[0.140435,0.255528,-0.235252,0.927168,0.147204,0.270915,-0.233161,0.922265,0.152542,0.282938,-0.232066,0.918054,0.156623,0.291847,-0.231757,0.914649,0.159575,0.297897,-0.232045,0.912112,0.161494,0.301342,-0.232763,0.910458,0.162449,0.302432,-0.233755,0.909672,0.162489,0.301417,-0.23488,0.909713,0.161652,0.298541,-0.236001,0.910519,0.159975,0.294046,-0.236989,0.912021,0.15749,0.288171,-0.237711,0.914138,0.154239,0.281151,-0.238036,0.91679,0.150271,0.273218,-0.237829,0.919896,0.145646,0.264602,-0.236949,0.923379,0.140435,0.255528,-0.235252,0.927168,0.133763,0.244098,-0.232915,0.931812],"scl":[1,1,1,1,1,1,1,1,1,1,1,1,1,1,1,1,1,1,1,1,1,1,1,1,1,1,1,1,1,1,1,1,1,1,1,1,1,1,1,1,1,1,1,1,1,1,1,1]},
{"i":5,"pos":[-9.88047,2.28882E-05,8.94937E-06,-9.88047,2.28882E-05,8.94937E-06,-9.88047,2.28882E-05,8.94937E-06,-9.88047,2.28882E-05,8.94937E-06,-9.88047,2.28882E-05,8.94937E-06,-9.88047,2.28882E-05,8.94937E-06,-9.88047,2.28882E-05,8.94937E-06,-9.88047,2.28882E-05,8.94937E-06,-9.88047,2.28882E-05,8.94937E-06,-9.88047,2.28882E-05,8.94937E-06,-9.88047,2.28882E-05,8.94937E-06,-9.88047,2.28882E-05,8.94937E-06,-9.88047,2.28882E-05,8.94937E-06,-9.88047,2.28882E-05,8.94937E-06,-9.88047,2.28882E-05,8.94937E-06,-9.88047,2.28882E-05,8.94937E-06],"rot":[-0.646657,0.15353,0.307957,0.680754,-0.636106,0.148449,0.317243,0.687524,-0.630736,0.144497,0.325009,0.689683,-0.629767,0.141398,0.331151,0.688286,-0.6323,0.139006,0.335676,0.684249,-0.637374,0.137269,0.338652,0.6784,-0.644024,0.136198,0.340177,0.671538,-0.651305,0.135833,0.340353,0.664463,-0.658312,0.136219,0.339268,0.658002,-0.664182,0.137388,0.336987,0.653013,-0.668086,0.139343,0.333541,0.650381,-0.669198,0.14205,0.328932,0.650999,-0.666657,0.145422,0.323141,0.655744,-0.659514,0.149317,0.316149,0.665429,-0.646657,0.153533,0.30796,0.680752,-0.626358,0.159312,0.296965,0.702927],"scl":[1,1,1,1,1,1,1,1,1,1,1,1,1,1,1,1,1,1,1,1,1,1,1,1,1,1,1,1,1,1,1,1,1,1,1,1,1,1,1,1,1,1,1,1,1,1,1,1]},
{"i":6,"pos":[-24.1815,7.62939E-06,8.79248E-06,-24.1815,7.62939E-06,8.79248E-06,-24.1815,7.62939E-06,8.79248E-06,-24.1815,7.62939E-06,8.79248E-06,-24.1815,7.62939E-06,8.79248E-06,-24.1815,7.62939E-06,8.79248E-06,-24.1815,7.62939E-06,8.79248E-06,-24.1815,7.62939E-06,8.79248E-06,-24.1815,7.62939E-06,8.79248E-06,-24.1815,7.62939E-06,8.79248E-06,-24.1815,7.62939E-06,8.79248E-06,-24.1815,7.62939E-06,8.79248E-06,-24.1815,7.62939E-06,8.79248E-06,-24.1815,7.62939E-06,8.79248E-06,-24.1815,7.62939E-06,8.79248E-06,-24.1815,7.62939E-06,8.79248E-06],"rot":[0,0.227978,0,0.973666,0,0.196436,0,0.980517,0,0.175044,0,0.984561,0,0.162577,0,0.986696,0,0.157728,0,0.987483,0,0.159149,0,0.987255,0,0.16547,0,0.986215,0,0.17531,0,0.984513,0,0.187289,0,0.982305,0,0.200034,0,0.979789,0,0.212182,0,0.97723,0,0.222386,0,0.974959,0,0.229309,0,0.973354,0,0.23162,0,0.972806,0,0.227978,0,0.973666,0,0.219342,0,0.975648],"scl":[1,1,1,1,1,1,1,1,1,1,1,1,1,1,1,1,1,1,1,1,1,1,1,1,1,1,1,1,1,1,1,1,1,1,1,1,1,1,1,1,1,1,1,1,1,1,1,1]},
{"i":7,"pos":[-76.95,0,1.52005E-05,-76.95,0,1.52005E-05,-76.95,0,1.52005E-05,-76.95,0,1.52005E-05,-76.95,0,1.52005E-05,-76.95,0,1.52005E-05,-76.95,0,1.52005E-05,-76.95,0,1.52005E-05,-76.95,0,1.52005E-05,-76.95,0,1.52005E-05,-76.95,0,1.52005E-05,-76.95,0,1.52005E-05,-76.95,0,1.52005E-05,-76.95,0,1.52005E-05,-76.95,0,1.52005E-05,-76.95,0,1.52005E-05],"rot":[0.174597,-0.081358,0.0921406,0.976937,0.174597,-0.081358,0.0921406,0.976937,0.174597,-0.081358,0.0921406,0.976937,0.174597,-0.081358,0.0921406,0.976937,0.174597,-0.081358,0.0921406,0.976937,0.174597,-0.081358,0.0921406,0.976937,0.174597,-0.081358,0.0921406,0.976937,0.174597,-0.081358,0.0921406,0.976937,0.174597,-0.081358,0.0921406,0.976937,0.174597,-0.081358,0.0921406,0.976937,0.174597,-0.081358,0.0921406,0.976937,0.174597,-0.081358,0.0921406,0.976937,0.174597,-0.081358,0.0921406,0.976937,0.174597,-0.081358,0.0921406,0.976937,0.174597,-0.081358,0.0921406,0.976937,0.174597,-0.081358,0.0921406,0.976937],"scl":[1,1,1,1,1,1,1,1,1,1,1,1,1,1,1,1,1,1,1,1,1,1,1,1,1,1,1,1,1,1,1,1,1,1,1,1,1,1,1,1,1,1,1,1,1,1,1,1]},
{"i":8,"pos":[0,0,0,0,0,0,0,0,0,0,0,0,0,0,0,0,0,0,0,0,0,0,0,0,0,0,0,0,0,0,0,0,0,0,0,0,0,0,0,0,0,0,0,0,0,0,0,0],"rot":[0,0,0,1,0,0,0,1,0,0,0,1,0,0,0,1,0,0,0,1,0,0,0,1,0,0,0,1,0,0,0,1,0,0,0,1,0,0,0,1,0,0,0,1,0,0,0,1,0,0,0,1,0,0,0,1,0,0,0,1,0,0,0,1],"scl":[1,1,1,1,1,1,1,1,1,1,1,1,1,1,1,1,1,1,1,1,1,1,1,1,1,1,1,1,1,1,1,1,1,1,1,1,1,1,1,1,1,1,1,1,1,1,1,1]},
{"i":9,