{
"name":"pl0002mot_g1s0_m0",
"frameCount":16,"fps":60,"rotFormat":"quat_xyzw",
"bones":[
{"i":0,"pos":[0,0,0,0,0,0,0,0,0,0,0,0,0,0,0,0,0,0,0,0,0,0,0,0,0,0,0,0,0,0,0,0,0,0,0,0,0,0,0,0,0,0,0,0,0,0,0,0],"rot":[0,0,0,1,0,0,0,1,0,0,0,1,0,0,0,1,0,0,0,1,0,0,0,1,0,0,0,1,0,0,0,1,0,0,0,1,0,0,0,1,0,0,0,1,0,0,0,1,0,0,0,1,0,0,0,1,0,0,0,1,0,0,0,1],"scl":[1,1,1,1,1,1,1,1,1,1,1,1,1,1,1,1,1,1,1,1,1,1,1,1,1,1,1,1,1,1,1,1,1,1,1,1,1,1,1,1,1,1,1,1,1,1,1,1]},
{"i":1,"pos":[-4.88184,67.8438,-12.9971,-3.32379,64.2122,-17.8628,-1.48879,59.5312,-23.2632,0,47.9043,-26.9814,0,61.0312,-21.5737,0,69.696,-10.327,0,71.5762,3.74512,0,66.1681,16.8723,0,54.9204,25.5369,0,40.8477,27.417,0,27.7207,22.009,0,19.056,10.7619,0,17.1758,-3.31055,0,22.584,-16.4375,0,33.8314,-25.1016,0,47.8965,-26.4189],"rot":[0,0,0,1,0,0,0,1,0,0,0,1,0,0,0,1,0,0,0,1,0,0,0,1,0,0,0,1,0,0,0,1,0,0,0,1,0,0,0,1,0,0,0,1,0,0,0,1,0,0,0,1,0,0,0,1,0,0,0,1,0,0,0,1],"scl":[1,1,1,1,1,1,1,1,1,1,1,1,1,1,1,1,1,1,1,1,1,1,1,1,1,1,1,1,1,1,1,1,1,1,1,1,1,1,1,1,1,1,1,1,1,1,1,1]},
{"i":2,"pos":[0,0,0,0,0,0,0,0,0,0,0,0,0,0,0,0,0,0,0,0,0,0,0,0,0,0,0,0,0,0,0,0,0,0,0,0,0,0,0,0,0,0,0,0,0,0,0,0],"rot":[0.20808,0.350574,-0.0213625,0.912877,0.30446,0.235209,-0.0323042,0.922463,0.39325,0.116961,-0.0254022,0.911608,0.470617,0,0,0.882337,0.682943,0,0,0.730472,0.848728,0,0,0.528829,0.956677,0,0,0.291152,0.999434,0,0,0.0336354,0.974087,0,-0,-0.226172,0.882364,0,-0,-0.470567,-0.730515,0,0,0.682897,-0.528886,0,0,0.848693,-0.291217,0,0,0.956657,-0.0337023,0,0,0.999432,0.226111,0,0,0.974102,0.470517,0,0,0.882391],"scl":[1,1,1,1,1,1,1,1,1,1,1,1,1,1,1,1,1,1,1,1,1,1,1,1,1,1,1,1,1,1,1,1,1,1,1,1,1,1,1,1,1,1,1,1,1,1,1,1]},
{"i":3,"pos":[0,15,0,0,15,0,0,15,0,0,15,0,0,15,0,0,15,0,0,15,0,0,15,0,0,15,0,0,15,0,0,15,0,0,15,0,0,15,0,0,15,0,0,15,0,0,15,0],"rot":[-0.0158331,0.0253961,0.0016136,0.999551,-0.0391907,0.0168195,0.00148235,0.999089,-0.0625442,0.00826808,0.000951171,0.998007,-0.0858622,-0.000246858,2.10345E-05,0.996307,-0.0858622,-0.000246858,2.10345E-05,0.996307,-0.0858622,-0.000246858,2.10345E-05,0.996307,-0.0858622,-0.000246858,2.10345E-05,0.996307,-0.0858622,-0.000246858,2.10345E-05,0.996307,-0.0858622,-0.000246858,2.10345E-05,0.996307,-0.0858622,-0.000246859,2.10345E-05,0.996307,-0.0858622,-0.000246859,2.10345E-05,0.996307,-0.0858622,-0.000246859,2.10345E-05,0.996307,-0.0858622,-0.000246858,2.10345E-05,0.996307,-0.0858622,-0.000246858,2.10345E-05,0.996307,-0.0858622,-0.000246858,2.10345E-05,0.996307,-0.0858622,-0.000246858,2.10345E-05,0.996307],"scl":[1,1,1,1,1,1,1,1,1,1,1,1,1,1,1,1,1,1,1,1,1,1,1,1,1,1,1,1,1,1,1,1,1,1,1,1,1,1,1,1,1,1,1,1,1,1,1,1]},
{"i":4,"pos":[-12,8,-2.5902E-06,-12,8,-2.5902E-06,-12,8,-2.5902E-06,-12,8,-2.5902E-06,-12,8,-2.5902E-06,-12,8,-2.5902E-06,-12,8,-2.5902E-06,-12,8,-2.5902E-06,-12,8,-2.5902E-06,-12,8,-2.5902E-06,-12,8,-2.5902E-06,-12,8,-2.5902E-06,-12,8,-2.5902E-06,-12,8,-2.5902E-06,-12,8,-2.5902E-06,-12,8,-2.5902E-06],"rot":[-0.00254959,0.0317222,0.0800737,0.996281,-0.0011339,0.0211873,0.0534293,0.998346,-0.00028362,0.0106067,0.0267287,0.999586,0,0,0,1,0,6.95647E-11,0,1,0,1.2557E-10,0,1,0,1.6829E-10,0,1,0,1.97997E-10,0,1,0,2.14965E-10,0,1,0,2.19467E-10,0,1,0,2.11777E-10,0,1,0,1.92167E-10,0,1,0,1.60911E-10,0,1,0,1.18282E-10,0,1,0,6.45542E-11,0,1,0,0,0,1],"scl":[1,1,1,1,1,1,1,1,1,1,1,1,1,1,1,1,1,1,1,1,1,1,1,1,1,1,1,1,1,1,1,1,1,1,1,1,1,1,1,1,1,1,1,1,1,1,1,1]},
{"i":5,"pos":[-7.99999,0,1.58307E-07,-7.99999,0,1.58307E-07,-7.99999,0,1.58307E-07,-7.99999,0,1.58307E-07,-7.99999,0,1.58307E-07,-7.99999,0,1.58307E-07,-7.99999,0,1.58307E-07,-7.99999,0,1.58307E-07,-7.99999,0,1.58307E-07,-7.99999,0,1.58307E-07,-7.99999,0,1.58307E-07,-7.99999,0,1.58307E-07,-7.99999,0,1.58307E-07,-7.99999,0,1.58307E-07,-7.99999,0,1.58307E-07,-7.99999,0,1.58307E-07],"rot":[-0.290081,0.160551,-0.0558394,0.941785,-0.327086,0.280196,-0.109847,0.895789,-0.334599,0.39819,-0.139505,0.842631,-0.314051,0.506305,-0.145598,0.789828,-0.314051,0.506305,-0.145598,0.789828,-0.314051,0.506305,-0.145598,0.789828,-0.314051,0.506305,-0.145598,0.789828,-0.314051,0.506305,-0.145598,0.789828,-0.314051,0.506305,-0.145598,0.789828,-0.314051,0.506305,-0.145598,0.789828,-0.314051,0.506305,-0.145598,0.789828,-0.314051,0.506305,-0.145598,0.789828,-0.314051,0.506305,-0.145598,0.789828,-0.314051,0.506305,-0.145598,0.789828,-0.314051,0.506305,-0.145598,0.789828,-0.314051,0.506305,-0.145598,0.789828],"scl":[1,1,1,1,1,1,1,1,1,1,1,1,1,1,1,1,1,1,1,1,1,1,1,1,1,1,1,1,1,1,1,1,1,1,1,1,1,1,1,1,1,1,1,1,1,1,1,1]},
{"i":6,"pos":[-23,0,-6.54836E-08,-23,0,-6.54836E-08,-23,0,-6.54836E-08,-23,0,-6.54836E-08,-23,0,-6.54836E-08,-23,0,-6.54836E-08,-23,0,-6.54836E-08,-23,0,-6.54836E-08,-23,0,-6.54836E-08,-23,0,-6.54836E-08,-23,0,-6.54836E-08,-23,0,-6.54836E-08,-23,0,-6.54836E-08,-23,0,-6.54836E-08,-23,0,-6.54836E-08,-23,0,-6.54836E-08],"rot":[0,0.31211,0,0.950046,0,0.275485,0,0.961305,0,0.238439,0,0.971158,0,0.201058,0,0.979579,0,0.201058,0,0.979579,0,0.201058,0,0.979579,0,0.201058,0,0.979579,0,0.201059,0,0.979579,0,0.201058,0,0.979579,0,0.201058,0,0.979579,0,0.201058,0,0.979579,0,0.201058,0,0.979579,0,0.201058,0,0.979579,0,0.201058,0,0.979579,0,0.201058,0,0.979579,0,0.201058,0,0.979579],"scl":[1,1,1,1,1,1,1,1,1,1,1,1,1,1,1,1,1,1,1,1,1,1,1,1,1,1,1,1,1,1,1,1,1,1,1,1,1,1,1,1,1,1,1,1,1,1,1,1]},
{"i":7,"pos":[-23,0,-1.09625E-06,-23,0,-1.09625E-06,-23,0,-1.09625E-06,-23,0,-1.09625E-06,-23,0,-1.09625E-06,-23,0,-1.09625E-06,-23,0,-1.09625E-06,-23,0,-1.09625E-06,-23,0,-1.09625E-06,-23,0,-1.09625E-06,-23,0,-1.09625E-06,-23,0,-1.09625E-06,-23,0,-1.09625E-06,-23,0,-1.09625E-06,-23,0,-1.09625E-06,-23,0,-1.09625E-06],"rot":[0.283546,-0.00954658,0.0159308,0.958779,0.271733,-0.0194966,0.0316081,0.961656,0.26021,-0.029834,0.0470153,0.963945,0.248884,-0.0405369,0.0621286,0.965688,0.248886,-0.0405368,0.0621287,0.965688,0.248886,-0.0405368,0.0621287,0.965688,0.248887,-0.0405368,0.0621287,0.965687,0.248886,-0.0405368,0.0621287,0.965688,0.248886,-0.0405368,0.0621287,0.965688,0.248885,-0.0405369,0.0621287,0.965688,0.248885,-0.0405369,0.0621286,0.965688,0.248885,-0.0405369,0.0621286,0.965688,0.248884,-0.0405369,0.0621286,0.965688,0.248884,-0.0405369,0.0621286,0.965688,0.248884,-0.0405369,0.0621286,0.965688,0.248884,-0.0405369,0.0621286,0.965688],"scl":[1,1,1,1,1,1,1,1,1,1,1,1,1,1,1,1,1,1,1,1,1,1,1,1,1,1,1,1,1,1,1,1,1,1,1,1,1,1,1,1,1,1,1,1,1,1,1,1]},
{"i":8,"pos":[12,8,2.51267E-06,12,8,2.51267E-06,12,8,2.51267E-06,12,8,2.51267E-06,12,8,2.51267E-06,12,8,2.51267E-06,12,8,2.51267E-06,12,8,2.51267E-06,12,8,2.51267E-06,12,8,2.51267E-06,12,8,2.51267E-06,12,8,2.51267E-06,12,8,2.51267E-06,12,8,2.51267E-06,12,8,2.51267E-06,12,8,2.51267E-06],"rot":[0,0,0,1,0,0,0,1,0,0,0,1,0,0,0,1,0,0,0,1,0,0,0,1,0,0,0,1,0,0,0,1,0,0,0,1,0,0,0,1,0,0,0,1,0,0,0,1,0,0,0,1,0,0,0,1,0,0,0,1,0,0,0,1],"scl":[1,1,1,1,1,1,1,1,1,1,1,1,1,1,1,1,1,1,1,1,1,1,1,1,1,1,1,1,1,1,1,1,1,1,1,1,1,1,1,1,1,1,1,1,1,1,1,1]},
{"i":9,"pos":[8,0,-1.1762E-06,8,0,-1.1762E-06,8,0,-1.1762E-06,8,0,-1.1762E-06,8,0,-1.1762E-06,8,0,-1.1762E-06,8,0,-1.1762E-06,8,0,-1.1762E-06,8,0,-1.1762E-06,8,0,-1.1762E-06,8,0,-1.1762E-06,8,0,-1.1762E-06,8,0,-1.1762E-06,8,0,-1.1762E-06,8,0,-1.1762E-06,8,0,-1.1762E-06],"rot":[0,0,0,1,0,0,0,1,0,0,0,1,0,0,0,1,0,0,0,1,0,0,0,1,0,0,0,1,0,0,0,1,0,0,0,1,0,0,0,1,0,0,0,1,0,0,0,1,0,0,0,1,0,0,0,1,0,0,0,1,0,0,0,1],"scl":[1,1,1,1,1,1,1,1,1,1,1,1,1,1,1,1,1,1,1,1,1,1,1,1,1,1,1,1,1,1,1,1,1,1,1,1,1,1,1,1,1,1,1,1,1,1,1,1]},
{"i":10,"pos":[23,0,-4.66684E-06,23,0,-4.66684E-06,23,0,-4.66684E-06,23,0,-4.66684E-06,23,0,-4.66684E-06,23,0,-4.66684E-06,23,0,-4.66684E-06,23,0,-4.66684E-06,23,0,-4.66684E-06,23,0,-4.66684E-06,23,0,-4.66684E-06,23,0,-4.66684E-06,23,0,-4.66684E-06,23,0,-4.66684E-06,23,0,-4.66684E-06,23,0,-4.66684E-06],"rot":[0,0,-2.08456E-09,1,0,0,-2.08456E-09,1,0,0,-2.08456E-09,1,0,0,-2.08456E-09,1,0,0,-2.08456E-09,1,0,0,-2.08456E-09,1,0,0,-2.08456E-09,1,0,0,-2.08456E-09,1,0,0,-2.08456E-09,1,0,0,-2.08456E-09,1,0,0,-2.08456E-09,1,0,0,-2.08456E-09,1,0,0,-2.08456E-09,1,0,0,-2.08456E-09,1,0,0,-2.08456E-09,1,0,0,-2.08456E-09,1],