{
"name":"pl0c02mot_g0s26_m0",
"frameCount":57,"fps":60,"rotFormat":"quat_xyzw",
"bones":[
{"i":0,"pos":[0,0,0,0,0,0,0,0,0,0,0,0,0,0,0,0,0,0,0,0,0,0,0,0,0,0,0,0,0,0,0,0,0,0,0,0,0,0,0,0,0,0,0,0,0,0,0,0,0,0,0,0,0,0,0,0,0,0,0,0,0,0,0,0,0,0,0,0,0,0,0,0,0,0,0,0,0,0,0,0,0,0,0,0,0,0,0,0,0,0,0,0,0,0,0,0,0,0,0,0,0,0,0,0,0,0,0,0,0,0,0,0,0,0,0,0,0,0,0,0,0,0,0,0,0,0,0,0,0,0,0,0,0,0,0,0,0,0,0,0,0,0,0,0,0,0,0,0,0,0,0,0,0,0,0,0,0,0,0,0,0,0,0,0,0,0,0,0,0,0,0],"rot":[0,0,0,1,0,0,0,1,0,0,0,1,0,0,0,1,0,0,0,1,0,0,0,1,0,0,0,1,0,0,0,1,0,0,0,1,0,0,0,1,0,0,0,1,0,0,0,1,0,0,0,1,0,0,0,1,0,0,0,1,0,0,0,1,0,0,0,1,0,0,0,1,0,0,0,1,0,0,0,1,0,0,0,1,0,0,0,1,0,0,0,1,0,0,0,1,0,0,0,1,0,0,0,1,0,0,0,1,0,0,0,1,0,0,0,1,0,0,0,1,0,0,0,1,0,0,0,1,0,0,0,1,0,0,0,1,0,0,0,1,0,0,0,1,0,0,0,1,0,0,0,1,0,0,0,1,0,0,0,1,0,0,0,1,0,0,0,1,0,0,0,1,0,0,0,1,0,0,0,1,0,0,0,1,0,0,0,1,0,0,0,1,0,0,0,1,0,0,0,1,0,0,0,1,0,0,0,1,0,0,0,1,0,0,0,1,0,0,0,1,0,0,0,1,0,0,0,1],"scl":[1,1,1,1,1,1,1,1,1,1,1,1,1,1,1,1,1,1,1,1,1,1,1,1,1,1,1,1,1,1,1,1,1,1,1,1,1,1,1,1,1,1,1,1,1,1,1,1,1,1,1,1,1,1,1,1,1,1,1,1,1,1,1,1,1,1,1,1,1,1,1,1,1,1,1,1,1,1,1,1,1,1,1,1,1,1,1,1,1,1,1,1,1,1,1,1,1,1,1,1,1,1,1,1,1,1,1,1,1,1,1,1,1,1,1,1,1,1,1,1,1,1,1,1,1,1,1,1,1,1,1,1,1,1,1,1,1,1,1,1,1,1,1,1,1,1,1,1,1,1,1,1,1,1,1,1,1,1,1,1,1,1,1,1,1,1,1,1,1,1,1]},
{"i":1,"pos":[0,47.041,-0.730774,0,47.0405,-0.471889,0,47.0399,-0.245728,0,47.0394,-0.0558815,0,47.0391,0.0940552,0,46.9108,0.0938086,0,46.7826,0.0935576,0,46.6544,0.0933026,0,46.5262,0.0930444,0,46.3979,0.0927835,0,46.2697,0.0925206,0,46.1415,0.0922561,0,46.0133,0.0919907,0,45.8851,0.0917251,0,45.7569,0.0914597,0,45.6287,0.0911953,0,45.5005,0.0909323,0,45.3723,0.0906714,0,45.2441,0.0904132,0,45.1158,0.0901583,0,44.9876,0.0899072,0,44.8594,0.0896606,0,45.0047,0.0899141,0,45.15,0.0901845,0,45.2953,0.0904692,0,45.4406,0.0907657,0,45.5859,0.0910712,0,45.7313,0.0913833,0,45.8766,0.0916993,0,46.0219,0.0920165,0,46.1672,0.0923325,0,46.3125,0.0926446,0,46.4578,0.0929501,0,46.6031,0.0932466,0,46.7484,0.0935313,0,46.8937,0.0938017,0,47.0391,0.0940552,0,47.0391,0.0940552,0,47.0391,0.0940552,0,47.0391,0.0940552,0,47.0391,0.0940552,0,47.0391,0.0940552,0,47.0391,0.0940552,0,47.0391,0.0940552,0,47.0391,0.0940552,0,47.0391,0.0940552,0,47.0391,0.0940552,0,47.0391,0.0940552,0,47.0391,0.0940552,0,47.0391,0.0940552,0,47.0391,0.0940552,0,47.0391,0.0940552,0,47.0391,0.0940552,0,47.0391,0.0940552,0,47.0391,0.0940552,0,47.0391,0.0940552,0,47.0391,0.0940552],"rot":[-0.00598141,0,0,0.999982,0.00203301,0,0,0.999998,0.00956299,0,0,0.999954,0.0152179,0,0,0.999884,0.0176077,0,0,0.999845,0.0178616,0,0,0.99984,0.0180379,0,0,0.999837,0.0181405,0,0,0.999835,0.0181735,0,0,0.999835,0.0181408,0,0,0.999835,0.0180463,0,0,0.999837,0.0178941,0,0,0.99984,0.0176881,0,0,0.999844,0.0174323,0,0,0.999848,0.0171306,0,0,0.999853,0.016787,0,0,0.999859,0.0164055,0,0,0.999865,0.01599,0,0,0.999872,0.0155446,0,0,0.999879,0.0150732,0,0,0.999886,0.0145797,0,0,0.999894,0.0140681,0,0,0.999901,0.0134723,0,0,0.999909,0.0127384,0,0,0.999919,0.0118892,0,0,0.999929,0.0109474,0,0,0.99994,0.0099357,0,0,0.999951,0.0088769,0,0,0.999961,0.00779369,0,0,0.99997,0.00670879,0,0,0.999977,0.00564493,0,0,0.999984,0.00462485,0,0,0.999989,0.00367128,0,0,0.999993,0.00280693,0,0,0.999996,0.00205454,0,0,0.999998,0.00143684,0,0,0.999999,0.000976562,0,0,1,0.000976562,0,0,1,0.000976562,0,0,1,0.000976562,0,0,1,0.000976562,0,0,1,0.000976562,0,0,1,0.000976562,0,0,1,0.000976562,0,0,1,0.000976562,0,0,1,0.000976562,0,0,1,0.000976562,0,0,1,0.000976562,0,0,1,0.000976562,0,0,1,0.000976562,0,0,1,0.000976562,0,0,1,0.000976562,0,0,1,0.000976562,0,0,1,0.000976562,0,0,1,0.000976562,0,0,1,0.000976562,0,0,1,0.000976562,0,0,1],"scl":[1,1,1,1,1,1,1,1,1,1,1,1,1,1,1,1,1,1,1,1,1,1,1,1,1,1,1,1,1,1,1,1,1,1,1,1,1,1,1,1,1,1,1,1,1,1,1,1,1,1,1,1,1,1,1,1,1,1,1,1,1,1,1,1,1,1,1,1,1,1,1,1,1,1,1,1,1,1,1,1,1,1,1,1,1,1,1,1,1,1,1,1,1,1,1,1,1,1,1,1,1,1,1,1,1,1,1,1,1,1,1,1,1,1,1,1,1,1,1,1,1,1,1,1,1,1,1,1,1,1,1,1,1,1,1,1,1,1,1,1,1,1,1,1,1,1,1,1,1,1,1,1,1,1,1,1,1,1,1,1,1,1,1,1,1,1,1,1,1,1,1]},
{"i":2,"pos":[0,77.96,0,0,77.96,0,0,77.96,0,0,77.96,0,0,77.96,0,0,77.96,0,0,77.96,0,0,77.96,0,0,77.96,0,0,77.96,0,0,77.96,0,0,77.96,0,0,77.96,0,0,77.96,0,0,77.96,0,0,77.96,0,0,77.96,0,0,77.96,0,0,77.96,0,0,77.96,0,0,77.96,0,0,77.96,0,0,77.96,0,0,77.96,0,0,77.96,0,0,77.96,0,0,77.96,0,0,77.96,0,0,77.96,0,0,77.96,0,0,77.96,0,0,77.96,0,0,77.96,0,0,77.96,0,0,77.96,0,0,77.96,0,0,77.96,0,0,77.96,0,0,77.96,0,0,77.96,0,0,77.96,0,0,77.96,0,0,77.96,0,0,77.96,0,0,77.96,0,0,77.96,0,0,77.96,0,0,77.96,0,0,77.96,0,0,77.96,0,0,77.96,0,0,77.96,0,0,77.96,0,0,77.96,0,0,77.96,0,0,77.96,0,0,77.96,0],"rot":[-0.0545993,0,0,0.998508,-0.0507427,0,0,0.998712,-0.0468002,0,0,0.998904,-0.0427999,0,0,0.999084,-0.03877,0,0,0.999248,-0.0347386,0,0,0.999396,-0.0307339,0,0,0.999528,-0.0267842,0,0,0.999641,-0.0229175,0,0,0.999737,-0.0191623,0,0,0.999816,-0.0155465,0,0,0.999879,-0.0120985,0,0,0.999927,-0.00884642,0,0,0.999961,-0.00581846,0,0,0.999983,-0.00304282,0,0,0.999995,-0.000547628,0,0,1,0.00163896,0,0,0.999999,0.00348877,0,0,0.999994,0.00497373,0,0,0.999988,0.00606564,0,0,0.999982,0.00673643,0,0,0.999977,0.00695795,0,0,0.999976,0.00687084,0,0,0.999976,0.0066472,0,0,0.999978,0.00630611,0,0,0.99998,0.00586666,0,0,0.999983,0.00534794,0,0,0.999986,0.00476904,0,0,0.999989,0.00414903,0,0,0.999991,0.00350702,0,0,0.999994,0.00286208,0,0,0.999996,0.00223331,0,0,0.999997,0.00163979,0,0,0.999999,0.00110061,0,0,0.999999,0.000634863,0,0,1,0.00026163,0,0,1,0,0,0,1,0,0,0,1,0,0,0,1,0,0,0,1,0,0,0,1,0,0,0,1,0,0,0,1,0,0,0,1,0,0,0,1,0,0,0,1,0,0,0,1,0,0,0,1,0,0,0,1,0,0,0,1,0,0,0,1,0,0,0,1,0,0,0,1,0,0,0,1,0,0,0,1,0,0,0,1,0,0,0,1],"scl":[1,1,1,1,1,1,1,1,1,1,1,1,1,1,1,1,1,1,1,1,1,1,1,1,1,1,1,1,1,1,1,1,1,1,1,1,1,1,1,1,1,1,1,1,1,1,1,1,1,1,1,1,1,1,1,1,1,1,1,1,1,1,1,1,1,1,1,1,1,1,1,1,1,1,1,1,1,1,1,1,1,1,1,1,1,1,1,1,1,1,1,1,1,1,1,1,1,1,1,1,1,1,1,1,1,1,1,1,1,1,1,1,1,1,1,1,1,1,1,1,1,1,1,1,1,1,1,1,1,1,1,1,1,1,1,1,1,1,1,1,1,1,1,1,1,1,1,1,1,1,1,1,1,1,1,1,1,1,1,1,1,1,1,1,1,1,1,1,1,1,1]},
{"i":3,"pos":[0,0,0,0,0,0,0,0,0,0,0,0,0,0,0,0,0,0,0,0,0,0,0,0,0,0,0,0,0,0,0,0,0,0,0,0,0,0,0,0,0,0,0,0,0,0,0,0,0,0,0,0,0,0,0,0,0,0,0,0,0,0,0,0,0,0,0,0,0,0,0,0,0,0,0,0,0,0,0,0,0,0,0,0,0,0,0,0,0,0,0,0,0,0,0,0,0,0,0,0,0,0,0,0,0,0,0,0,0,0,0,0,0,0,0,0,0,0,0,0,0,0,0,0,0,0,0,0,0,0,0,0,0,0,0,0,0,0,0,0,0,0,0,0,0,0,0,0,0,0,0,0,0,0,0,0,0,0,0,0,0,0,0,0,0,0,0,0,0,0,0],"rot":[0,0,0,1,0,0,0,1,0,0,0,1,0,0,0,1,0,0,0,1,0,0,0,1,0,0,0,1,0,0,0,1,0,0,0,1,0,0,0,1,0,0,0,1,0,0,0,1,0,0,0,1,0,0,0,1,0,0,0,1,0,0,0,1,0,0,0,1,0,0,0,1,0,0,0,1,0,0,0,1,0,0,0,1,0,0,0,1,0,0,0,1,0,0,0,1,0,0,0,1,0,0,0,1,0,0,0,1,0,0,0,1,0,0,0,1,0,0,0,1,0,0,0,1,0,0,0,1,0,0,0,1,0,0,0,1,0,0,0,1,0,0,0,1,0,0,0,1,0,0,0,1,0,0,0,1,0,0,0,1,0,0,0,1,0,0,0,1,0,0,0,1,0,0,0,1,0,0,0,1,0,0,0,1,0,0,0,1,0,0,0,1,0,0,0,1,0,0,0,1,0,0,0,1,0,0,0,1,0,0,0,1,0,0,0,1,0,0,0,1,0,0,0,1,0,0,0,1],"scl":[1,1,1,1,1,1,1,1,1,1,1,1,1,1,1,1,1,1,1,1,1,1,1,1,1,1,1,1,1,1,1,1,1,1,1,1,1,1,1,1,1,1,1,1,1,1,1,1,1,1,1,1,1,1,1,1,1,1,1,1,1,1,1,1,1,1,1,1,1,1,1,1,1,1,1,1,1,1,1,1,1,1,1,1,1,1,1,1,1,1,1,1,1,1,1,1,1,1,1,1,1,1,1,1,1,1,1,1,1,1,1,1,1,1,1,1,1,1,1,1,1,1,1,1,1,1,1,1,1,1,1,1,1,1,1,1,1,1,1,1,1,1,1,1,1,1,1,1,1,1,1,1,1,1,1,1,1,1,1,1,1,1,1,1,1,1,1,1,1,1,1]},
{"i":4,"pos":[-70,-2.5,-90,-70,-2.5,-90,-70,-2.5,-90,-70,-2.5,-90,-70,-2.5,-90,-70,-2.5,-90,-70,-2.5,-90,-70,-2.5,-90,-70,-2.5,-90,-70,-2.5,-90,-70,-2.5,-90,-70,-2.5,-90,-70,-2.5,-90,-70,-2.5,-90,-70,-2.5,-90,-70,-2.5,-90,-70,-2.5,-90,-70,-2.5,-90,-70,-2.5,-90,-70,-2.5,-90,-70,-2.5,-90,-70,-2.5,-90,-70,-2.5,-90,-70,-2.5,-90,-70,-2.5,-90,-70,-2.5,-90,-70,-2.5,-90,-70,-2.5,-90,-70,-2.5,-90,-70,-2.5,-90,-70,-2.5,-90,-70,-2.5,-90,-70,-2.5,-90,-70,-2.5,-90,-70,-2.5,-90,-70,-2.5,-90,-70,-2.5,-90,-70,-2.5,-90,-70,-2.5,-90,-70,-2.5,-90,-70,-2.5,-90,-70,-2.5,-90,-70,-2.5,-90,-70,-2.5,-90,-70,-2.5,-90,-70,-2.5,-90,-70,-2.5,-90,-70,-2.5,-90,-70,-2.5,-90,-70,-2.5,-90,-70,-2.5,-90,-70,-2.5,-90,-70,-2.5,-90,-70,-2.5,-90,-70,-2.5,-90,-70,-2.5,-90,-70,-2.5,-90],