{
"name":"pl0c02mot_g7s1_m0",
"frameCount":37,"fps":60,"rotFormat":"quat_xyzw",
"bones":[
{"i":0,"pos":[0,0,0,0,0,0,0,0,0,0,0,0,0,0,0,0,0,0,0,0,0,0,0,0,0,0,0,0,0,0,0,0,0,0,0,0,0,0,0,0,0,0,0,0,0,0,0,0,0,0,0,0,0,0,0,0,0,0,0,0,0,0,0,0,0,0,0,0,0,0,0,0,0,0,0,0,0,0,0,0,0,0,0,0,0,0,0,0,0,0,0,0,0,0,0,0,0,0,0,0,0,0,0,0,0,0,0,0,0,0,0],"rot":[0,0,0,1,0,0,0,1,0,0,0,1,0,0,0,1,0,0,0,1,0,0,0,1,0,0,0,1,0,0,0,1,0,0,0,1,0,0,0,1,0,0,0,1,0,0,0,1,0,0,0,1,0,0,0,1,0,0,0,1,0,0,0,1,0,0,0,1,0,0,0,1,0,0,0,1,0,0,0,1,0,0,0,1,0,0,0,1,0,0,0,1,0,0,0,1,0,0,0,1,0,0,0,1,0,0,0,1,0,0,0,1,0,0,0,1,0,0,0,1,0,0,0,1,0,0,0,1,0,0,0,1,0,0,0,1,0,0,0,1,0,0,0,1,0,0,0,1],"scl":[1,1,1,1,1,1,1,1,1,1,1,1,1,1,1,1,1,1,1,1,1,1,1,1,1,1,1,1,1,1,1,1,1,1,1,1,1,1,1,1,1,1,1,1,1,1,1,1,1,1,1,1,1,1,1,1,1,1,1,1,1,1,1,1,1,1,1,1,1,1,1,1,1,1,1,1,1,1,1,1,1,1,1,1,1,1,1,1,1,1,1,1,1,1,1,1,1,1,1,1,1,1,1,1,1,1,1,1,1,1,1]},
{"i":1,"pos":[0,46.5391,0.0898438,0,51.6159,-0.674046,0,56.2454,-15.561,0,60.875,-30.4492,0,65.5044,-45.3392,0,75.9161,-52.3086,0,86.3281,-59.2773,0,98.6562,-61.6812,0,110.98,-64.0864,0,123.298,-61.6328,0,135.609,-59.1765,0,146.011,-52.1523,0,156.412,-45.1289,0,163.395,-34.7138,0,170.378,-24.2985,0,172.757,-11.9727,0,175.137,0.352502,0,172.698,12.6566,0,170.259,24.9609,0,163.32,35.4091,0,156.381,45.8571,0,145.86,52.7773,0,135.34,59.6974,0,123.058,62.1047,0,110.735,64.5117,0,98.3721,62.0752,0,85.9688,59.6383,0,75.6244,52.6562,0,65.2799,45.6744,0,58.3828,35.14,0,51.4859,24.6055,0,49.0124,12.35,0,46.5391,0.0717773,0,48.9822,-12.2297,0,51.4254,-24.5547,0,58.4648,-34.9473,0,65.5039,-45.3398],"rot":[0.000976562,0,0,1,0.0641017,0,0,0.997943,0.173107,0,0,0.984903,0.280019,0,0,0.959995,0.383549,0,0,0.923521,0.472214,0,0,0.881484,0.556333,0,0,0.83096,0.635091,0,0,0.772437,0.707737,0,0,0.706476,0.77357,0,0,0.63371,0.831956,0,0,0.554841,0.882332,0,0,0.470628,0.924212,0,0,0.381881,0.957192,0,0,0.289455,0.980954,0,0,0.19424,0.995269,0,0,0.0971532,1,0,-0,-0.000870391,0.995099,0,-0,-0.0988861,0.980614,0,-0,-0.195951,0.956684,0,-0,-0.291128,0.92354,0,-0,-0.383502,0.881501,0,-0,-0.472182,-0.830972,0,0,0.556315,-0.772439,0,0,0.635089,-0.706467,0,0,0.707746,-0.633691,0,0,0.773587,-0.554812,0,0,0.831976,-0.470591,0,0,0.882352,-0.381838,0,0,0.924229,-0.28941,0,0,0.957205,-0.194194,0,0,0.980963,-0.0971112,0,0,0.995274,0.000905124,0,0,1,0.0989105,0,0,0.995096,0.195962,0,0,0.980611,0.291125,0,0,0.956685,0.383482,0,0,0.923548],"scl":[1,1,1,1,1,1,1,1,1,1,1,1,1,1,1,1,1,1,1,1,1,1,1,1,1,1,1,1,1,1,1,1,1,1,1,1,1,1,1,1,1,1,1,1,1,1,1,1,1,1,1,1,1,1,1,1,1,1,1,1,1,1,1,1,1,1,1,1,1,1,1,1,1,1,1,1,1,1,1,1,1,1,1,1,1,1,1,1,1,1,1,1,1,1,1,1,1,1,1,1,1,1,1,1,1,1,1,1,1,1,1]},
{"i":2,"pos":[0,77.96,0,0,77.96,0,0,77.96,0,0,77.96,0,0,77.96,0,0,77.96,0,0,77.96,0,0,77.96,0,0,77.96,0,0,77.96,0,0,77.96,0,0,77.96,0,0,77.96,0,0,77.96,0,0,77.96,0,0,77.96,0,0,77.96,0,0,77.96,0,0,77.96,0,0,77.96,0,0,77.96,0,0,77.96,0,0,77.96,0,0,77.96,0,0,77.96,0,0,77.96,0,0,77.96,0,0,77.96,0,0,77.96,0,0,77.96,0,0,77.96,0,0,77.96,0,0,77.96,0,0,77.96,0,0,77.96,0,0,77.96,0,0,77.96,0],"rot":[0,0,0,1,0.104781,0,0,0.994495,0.0699163,0,0,0.997553,0.034966,0,0,0.999389,-1.35601E-05,0,0,1,-6.78003E-06,0,0,1,0,0,0,1,0,0,0,1,0,0,0,1,0,0,0,1,0,0,0,1,0,0,0,1,0,0,0,1,0,0,0,1,0,0,0,1,0,0,0,1,0,0,0,1,0,0,0,1,0,0,0,1,0,0,0,1,0,0,0,1,0,0,0,1,0,0,0,1,0,0,0,1,0,0,0,1,0,0,0,1,0,0,0,1,0,0,0,1,0,0,0,1,0,0,0,1,0,0,0,1,0,0,0,1,0,0,0,1,0,0,0,1,0,0,0,1,0,0,0,1,0,0,0,1],"scl":[1,1,1,1,1,1,1,1,1,1,1,1,1,1,1,1,1,1,1,1,1,1,1,1,1,1,1,1,1,1,1,1,1,1,1,1,1,1,1,1,1,1,1,1,1,1,1,1,1,1,1,1,1,1,1,1,1,1,1,1,1,1,1,1,1,1,1,1,1,1,1,1,1,1,1,1,1,1,1,1,1,1,1,1,1,1,1,1,1,1,1,1,1,1,1,1,1,1,1,1,1,1,1,1,1,1,1,1,1,1,1]},
{"i":3,"pos":[0,0,0,0,0,0,0,0,0,0,0,0,0,0,0,0,0,0,0,0,0,0,0,0,0,0,0,0,0,0,0,0,0,0,0,0,0,0,0,0,0,0,0,0,0,0,0,0,0,0,0,0,0,0,0,0,0,0,0,0,0,0,0,0,0,0,0,0,0,0,0,0,0,0,0,0,0,0,0,0,0,0,0,0,0,0,0,0,0,0,0,0,0,0,0,0,0,0,0,0,0,0,0,0,0,0,0,0,0,0,0],"rot":[0,0,0,1,0,0,0,1,0,0,0,1,0,0,0,1,0,0,0,1,0,0,0,1,0,0,0,1,0,0,0,1,0,0,0,1,0,0,0,1,0,0,0,1,0,0,0,1,0,0,0,1,0,0,0,1,0,0,0,1,0,0,0,1,0,0,0,1,0,0,0,1,0,0,0,1,0,0,0,1,0,0,0,1,0,0,0,1,0,0,0,1,0,0,0,1,0,0,0,1,0,0,0,1,0,0,0,1,0,0,0,1,0,0,0,1,0,0,0,1,0,0,0,1,0,0,0,1,0,0,0,1,0,0,0,1,0,0,0,1,0,0,0,1,0,0,0,1],"scl":[1,1,1,1,1,1,1,1,1,1,1,1,1,1,1,1,1,1,1,1,1,1,1,1,1,1,1,1,1,1,1,1,1,1,1,1,1,1,1,1,1,1,1,1,1,1,1,1,1,1,1,1,1,1,1,1,1,1,1,1,1,1,1,1,1,1,1,1,1,1,1,1,1,1,1,1,1,1,1,1,1,1,1,1,1,1,1,1,1,1,1,1,1,1,1,1,1,1,1,1,1,1,1,1,1,1,1,1,1,1,1]},
{"i":4,"pos":[-70,-2.5,-90,-70,-2.5,-90,-70,-2.5,-90,-70,-2.5,-90,-70,-2.5,-90,-70,-2.5,-90,-70,-2.5,-90,-70,-2.5,-90,-70,-2.5,-90,-70,-2.5,-90,-70,-2.5,-90,-70,-2.5,-90,-70,-2.5,-90,-70,-2.5,-90,-70,-2.5,-90,-70,-2.5,-90,-70,-2.5,-90,-70,-2.5,-90,-70,-2.5,-90,-70,-2.5,-90,-70,-2.5,-90,-70,-2.5,-90,-70,-2.5,-90,-70,-2.5,-90,-70,-2.5,-90,-70,-2.5,-90,-70,-2.5,-90,-70,-2.5,-90,-70,-2.5,-90,-70,-2.5,-90,-70,-2.5,-90,-70,-2.5,-90,-70,-2.5,-90,-70,-2.5,-90,-70,-2.5,-90,-70,-2.5,-90,-70,-2.5,-90],"rot":[0,0,0,1,0,0,0,1,0,0,0,1,0,0,0,1,0,0,0,1,0,0,0,1,0,0,0,1,0,0,0,1,0,0,0,1,0,0,0,1,0,0,0,1,0,0,0,1,0,0,0,1,0,0,0,1,0,0,0,1,0,0,0,1,0,0,0,1,0,0,0,1,0,0,0,1,0,0,0,1,0,0,0,1,0,0,0,1,0,0,0,1,0,0,0,1,0,0,0,1,0,0,0,1,0,0,0,1,0,0,0,1,0,0,0,1,0,0,0,1,0,0,0,1,0,0,0,1,0,0,0,1,0,0,0,1,0,0,0,1,0,0,0,1,0,0,0,1],"scl":[1,1,1,1,1,1,1,1,1,1,1,1,1,1,1,1,1,1,1,1,1,1,1,1,1,1,1,1,1,1,1,1,1,1,1,1,1,1,1,1,1,1,1,1,1,1,1,1,1,1,1,1,1,1,1,1,1,1,1,1,1,1,1,1,1,1,1,1,1,1,1,1,1,1,1,1,1,1,1,1,1,1,1,1,1,1,1,1,1,1,1,1,1,1,1,1,1,1,1,1,1,1,1,1,1,1,1,1,1,1,1]},
{"i":5,"pos":[70,-2.5,-90,70,-2.5,-90,70,-2.5,-90,70,-2.5,-90,70,-2.5,-90,70,-2.5,-90,70,-2.5,-90,70,-2.5,-90,70,-2.5,-90,70,-2.5,-90,70,-2.5,-90,70,-2.5,-90,70,-2.5,-90,70,-2.5,-90,70,-2.5,-90,70,-2.5,-90,70,-2.5,-90,70,-2.5,-90,70,-2.5,-90,70,-2.5,-90,70,-2.5,-90,70,-2.5,-90,70,-2.5,-90,70,-2.5,-90,70,-2.5,-90,70,-2.5,-90,70,-2.5,-90,70,-2.5,-90,70,-2.5,-90,70,-2.5,-90,70,-2.5,-90,70,-2.5,-90,70,-2.5,-90,70,-2.5,-90,70,-2.5,-90,70,-2.5,-90,70,-2.5,-90],"rot":[0,0,0,1,0,0,0,1,0,0,0,1,0,0,0,1,0,0,0,1,0,0,0,1,0,0,0,1,0,0,0,1,0,0,0,1,0,0,0,1,0,0,0,1,0,0,0,1,0,0,0,1,0,0,0,1,0,0,0,1,0,0,0,1,0,0,0,1,0,0,0,1,0,0,0,1,0,0,0,1,0,0,0,1,0,0,0,1,0,0,0,1,0,0,0,1,0,0,0,1,0,0,0,1,0,0,0,1,0,0,0,1,0,0,0,1,0,0,0,1,0,0,0,1,0,0,0,1,0,0,0,1,0,0,0,1,0,0,0,1,0,0,0,1,0,0,0,1],"scl":[1,1,1,1,1,1,1,1,1,1,1,1,1,1,1,1,1,1,1,1,1,1,1,1,1,1,1,1,1,1,1,1,1,1,1,1,1,1,1,1,1,1,1,1,1,1,1,1,1,1,1,1,1,1,1,1,1,1,1,1,1,1,1,1,1,1,1,1,1,1,1,1,1,1,1,1,1,1,1,1,1,1,1,1,1,1,1,1,1,1,1,1,1,1,1,1,1,1,1,1,1,1,1,1,1,1,1,1,1,1,1]},
{"i":6,"pos":[-70,0,0,-70,0,0,-70,0,0,-70,0,0,-70,0,0,-70,0,0,-70,0,0,-70,0,0,-70,0,0,-70,0,0,-70,0,0,-70,0,0,-70,0,0,-70,0,0,-70,0,0,-70,0,0,-70,0,0,-70,0,0,-70,0,0,-70,0,0,-70,0,0,-70,0,0,-70,0,0,-70,0,0,-70,0,0,-70,0,0,-70,0,0,-70,0,0,-70,0,0,-70,0,0,-70,0,0,-70,0,0,-70,0,0,-70,0,0,-70,0,0,-70,0,0,-70,0,0],"rot":[0,0,0,1,0,0,0,1,0,0,0,1,0,0,0,1,0,0,0,1,0,0,0,1,0,0,0,1,0,0,0,1,0,0,0,1,0,0,0,1,0,0,0,1,0,0,0,1,0,0,0,1,0,0,0,1,0,0,0,1,0,0,0,1,0,0,0,1,0,0,0,1,0,0,0,1,0,0,0,1,0,0,0,1,0,0,0,1,0,0,0,1,0,0,0,1,0,0,0,1,0,0,0,1,0,0,0,1,0,0,0,1,0,0,0,1,0,0,0,1,0,0,0,1,0,0,0,1,0,0,0,1,0,0,0,1,0,0,0,1,0,0,0,1,0,0,0,1],"scl":[1,1,1,1,1,1,1,1,1,1,1,1,1,1,1,1,1,1,1,1,1,1,1,1,1,1,1,1,1,1,1,1,1,1,1,1,1,1,1,1,1,1,1,1,1,1,1,1,1,1,1,1,1,1,1,1,1,1,1,1,1,1,1,1,1,1,1,1,1,1,1,1,1,1,1,1,1,1,1,1,1,1,1,1,1,1,1,1,1,1,1,1,1,1,1,1,1,1,1,1,1,1,1,1,1,1,1,1,1,1,1]},
{"i":7,"pos":[70,0,0,70,0,0,70,0,0,70,0,0,70,0,0,70,0,0,70,0,0,70,0,0,70,0,0,70,0,0,70,0,0,70,0,0,70,0,0,70,0,0,70,0,0,70,0,0,70,0,0,70,0,0,70,0,0,70,0,0,70,0,0,70,0,0,70,0,0,70,0,0,70,0,0,70,0,0,70,0,0,70,0,0,70,0,0,70,0,0,70,0,0,70,0,0,70,0,0,70,0,0,70,0,0,70,0,0,70,0,0],"rot":[0,0,0,1,0,0,0,1,0,0,0,1,0,0,0,1,0,0,0,1,0,0,0,1,0,0,0,1,0,0,0,1,0,0,0,1,0,0,0,1,0,0,0,1,0,0,0,1,0,0,0,1,0,0,0,1,0,0,0,1,0,0,0,1,0,0,0,1,0,0,0,1,0,0,0,1,0,0,0,1,0,0,0,1,0,0,0,1,0,0,0,1,0,0,0,1,0,0,0,1,0,0,0,1,0,0,0,1,0,0,0,1,0,0,0,1,0,0,0,1,0,0,0,1,0,0,0,1,0,0,0,1,0,0,0,1,0,0,0,1,0,0,0,1,0,0,0,1],