{
"name":"pl0c02mot_g4s0_m0",
"frameCount":41,"fps":60,"rotFormat":"quat_xyzw",
"bones":[
{"i":0,"pos":[0,0,0,0,0,0,0,0,0,0,0,0,0,0,0,0,0,0,0,0,0,0,0,0,0,0,0,0,0,0,0,0,0,0,0,0,0,0,0,0,0,0,0,0,0,0,0,0,0,0,0,0,0,0,0,0,0,0,0,0,0,0,0,0,0,0,0,0,0,0,0,0,0,0,0,0,0,0,0,0,0,0,0,0,0,0,0,0,0,0,0,0,0,0,0,0,0,0,0,0,0,0,0,0,0,0,0,0,0,0,0,0,0,0,0,0,0,0,0,0,0,0,0],"rot":[0,0,0,1,0,0,0,1,0,0,0,1,0,0,0,1,0,0,0,1,0,0,0,1,0,0,0,1,0,0,0,1,0,0,0,1,0,0,0,1,0,0,0,1,0,0,0,1,0,0,0,1,0,0,0,1,0,0,0,1,0,0,0,1,0,0,0,1,0,0,0,1,0,0,0,1,0,0,0,1,0,0,0,1,0,0,0,1,0,0,0,1,0,0,0,1,0,0,0,1,0,0,0,1,0,0,0,1,0,0,0,1,0,0,0,1,0,0,0,1,0,0,0,1,0,0,0,1,0,0,0,1,0,0,0,1,0,0,0,1,0,0,0,1,0,0,0,1,0,0,0,1,0,0,0,1,0,0,0,1,0,0,0,1],"scl":[1,1,1,1,1,1,1,1,1,1,1,1,1,1,1,1,1,1,1,1,1,1,1,1,1,1,1,1,1,1,1,1,1,1,1,1,1,1,1,1,1,1,1,1,1,1,1,1,1,1,1,1,1,1,1,1,1,1,1,1,1,1,1,1,1,1,1,1,1,1,1,1,1,1,1,1,1,1,1,1,1,1,1,1,1,1,1,1,1,1,1,1,1,1,1,1,1,1,1,1,1,1,1,1,1,1,1,1,1,1,1,1,1,1,1,1,1,1,1,1,1,1,1]},
{"i":1,"pos":[0,47.0391,0,0,46.1703,0,0,45.3016,0,0,44.4328,0,0,43.5641,0,0,42.6953,0,0,42.804,0,0,42.9127,0,0,43.0213,0,0,43.1301,0,0,43.2388,0,0,43.3475,0,0,43.4562,0,0,43.5649,0,0,43.6736,0,0,43.7822,0,0,43.9125,0,0,44.0427,0,0,44.173,0,0,44.3033,0,0,44.4335,0,0,44.5638,0,0,44.6941,0,0,44.8244,0,0,44.9546,0,0,45.0849,0,0,45.2152,0,0,45.3455,0,0,45.4758,0,0,45.6061,0,0,45.7364,0,0,45.8666,0,0,45.9969,0,0,46.1272,0,0,46.2575,0,0,46.3878,0,0,46.518,0,0,46.6483,0,0,46.7786,0,0,46.9088,0,0,47.0391,0],"rot":[0,0,0,1,-1.16415E-10,0,0,1,-0.00225,0,0,0.999997,-0.00449998,0,0,0.99999,-0.00674995,0,0,0.999977,-0.00899987,0,0,0.99996,-0.00959985,0,0,0.999954,-0.0101998,0,0,0.999948,-0.0107998,0,0,0.999942,-0.0113998,0,0,0.999935,-0.0119997,0,0,0.999928,-0.0125997,0,0,0.999921,-0.0131996,0,0,0.999913,-0.0137996,0,0,0.999905,-0.0143995,0,0,0.999896,-0.0149994,0,0,0.999888,-0.0143995,0,0,0.999896,-0.0137996,0,0,0.999905,-0.0131996,0,0,0.999913,-0.0125997,0,0,0.999921,-0.0119997,0,0,0.999928,-0.0113998,0,0,0.999935,-0.0107998,0,0,0.999942,-0.0101998,0,0,0.999948,-0.00959985,0,0,0.999954,-0.00899988,0,0,0.99996,-0.0083999,0,0,0.999965,-0.00779992,0,0,0.99997,-0.00719994,0,0,0.999974,-0.00659995,0,0,0.999978,-0.00599996,0,0,0.999982,-0.00539997,0,0,0.999985,-0.00479998,0,0,0.999988,-0.00419999,0,0,0.999991,-0.00359999,0,0,0.999994,-0.003,0,0,0.999996,-0.0024,0,0,0.999997,-0.0018,0,0,0.999998,-0.0012,0,0,0.999999,-0.0006,0,0,1,0,0,0,1],"scl":[1,1,1,1,1,1,1,1,1,1,1,1,1,1,1,1,1,1,1,1,1,1,1,1,1,1,1,1,1,1,1,1,1,1,1,1,1,1,1,1,1,1,1,1,1,1,1,1,1,1,1,1,1,1,1,1,1,1,1,1,1,1,1,1,1,1,1,1,1,1,1,1,1,1,1,1,1,1,1,1,1,1,1,1,1,1,1,1,1,1,1,1,1,1,1,1,1,1,1,1,1,1,1,1,1,1,1,1,1,1,1,1,1,1,1,1,1,1,1,1,1,1,1]},
{"i":2,"pos":[0,77.96,0,0,77.96,-3.9999,0,77.96,-6.15627,0,77.96,-6.76266,0,77.96,-6.11264,0,77.96,-4.49978,0,77.96,-2.21766,0,77.96,0.440176,0,77.96,3.18014,0,77.96,5.70867,0,77.96,7.7322,0,77.96,8.95718,0,77.96,9.08999,0,77.96,7.83713,0,77.96,4.90498,0,77.96,0,0,77.96,0.11835,0,77.96,0.217386,0,77.96,0.298341,0,77.96,0.362447,0,77.96,0.410938,0,77.96,0.445045,0,77.96,0.466003,0,77.96,0.475044,0,77.96,0.4734,0,77.96,0.462305,0,77.96,0.442991,0,77.96,0.416691,0,77.96,0.384638,0,77.96,0.348064,0,77.96,0.308203,0,77.96,0.266288,0,77.96,0.22355,0,77.96,0.181224,0,77.96,0.140541,0,77.96,0.102734,0,77.96,0.0690377,0,77.96,0.0406832,0,77.96,0.0189031,0,77.96,0.00493158,0,77.96,0],"rot":[0,0,0,1,-0.0129911,0,0,0.999916,-0.0175456,0,0,0.999846,-0.0220929,0,0,0.999756,-0.0266364,0,0,0.999645,-0.0311862,0,0,0.999514,-0.0263336,0,0,0.999653,-0.0214796,0,0,0.999769,-0.0166198,0,0,0.999862,-0.0117558,0,0,0.999931,-0.00688926,0,0,0.999976,-0.00202182,0,0,0.999998,0.00284492,0,0,0.999996,0.00770932,0,0,0.99997,0.0125698,0,0,0.999921,0.0174247,0,0,0.999848,0.0167504,0,0,0.99986,0.0160704,0,0,0.999871,0.0153853,0,0,0.999882,0.0146955,0,0,0.999892,0.0140015,0,0,0.999902,0.0133038,0,0,0.999911,0.0126029,0,0,0.999921,0.0118993,0,0,0.999929,0.0111935,0,0,0.999937,0.0104859,0,0,0.999945,0.00977709,0,0,0.999952,0.00906755,0,0,0.999959,0.00835777,0,0,0.999965,0.00764821,0,0,0.999971,0.0069394,0,0,0.999976,0.00623181,0,0,0.999981,0.00552594,0,0,0.999985,0.00482229,0,0,0.999988,0.00412133,0,0,0.999992,0.00342358,0,0,0.999994,0.00272951,0,0,0.999996,0.00203963,0,0,0.999998,0.00135442,0,0,0.999999,0.000674381,0,0,1,0,0,0,1],"scl":[1,1,1,1,1,1,1,1,1,1,1,1,1,1,1,1,1,1,1,1,1,1,1,1,1,1,1,1,1,1,1,1,1,1,1,1,1,1,1,1,1,1,1,1,1,1,1,1,1,1,1,1,1,1,1,1,1,1,1,1,1,1,1,1,1,1,1,1,1,1,1,1,1,1,1,1,1,1,1,1,1,1,1,1,1,1,1,1,1,1,1,1,1,1,1,1,1,1,1,1,1,1,1,1,1,1,1,1,1,1,1,1,1,1,1,1,1,1,1,1,1,1,1]},
{"i":3,"pos":[0,0,0,0,0,0,0,0,0,0,0,0,0,0,0,0,0,0,0,0,0,0,0,0,0,0,0,0,0,0,0,0,0,0,0,0,0,0,0,0,0,0,0,0,0,0,0,0,0,0,0,0,0,0,0,0,0,0,0,0,0,0,0,0,0,0,0,0,0,0,0,0,0,0,0,0,0,0,0,0,0,0,0,0,0,0,0,0,0,0,0,0,0,0,0,0,0,0,0,0,0,0,0,0,0,0,0,0,0,0,0,0,0,0,0,0,0,0,0,0,0,0,0],"rot":[0,0,0,1,0,0,0,1,0,0,0,1,0,0,0,1,0,0,0,1,0,0,0,1,0,0,0,1,0,0,0,1,0,0,0,1,0,0,0,1,0,0,0,1,0,0,0,1,0,0,0,1,0,0,0,1,0,0,0,1,0,0,0,1,0,0,0,1,0,0,0,1,0,0,0,1,0,0,0,1,0,0,0,1,0,0,0,1,0,0,0,1,0,0,0,1,0,0,0,1,0,0,0,1,0,0,0,1,0,0,0,1,0,0,0,1,0,0,0,1,0,0,0,1,0,0,0,1,0,0,0,1,0,0,0,1,0,0,0,1,0,0,0,1,0,0,0,1,0,0,0,1,0,0,0,1,0,0,0,1,0,0,0,1],"scl":[1,1,1,1,1,1,1,1,1,1,1,1,1,1,1,1,1,1,1,1,1,1,1,1,1,1,1,1,1,1,1,1,1,1,1,1,1,1,1,1,1,1,1,1,1,1,1,1,1,1,1,1,1,1,1,1,1,1,1,1,1,1,1,1,1,1,1,1,1,1,1,1,1,1,1,1,1,1,1,1,1,1,1,1,1,1,1,1,1,1,1,1,1,1,1,1,1,1,1,1,1,1,1,1,1,1,1,1,1,1,1,1,1,1,1,1,1,1,1,1,1,1,1]},
{"i":4,"pos":[-70,-2.5,-90,-70,-2.5,-90,-70,-2.5,-90,-70,-2.5,-90,-70,-2.5,-90,-70,-2.5,-90,-70,-2.5,-90,-70,-2.5,-90,-70,-2.5,-90,-70,-2.5,-90,-70,-2.5,-90,-70,-2.5,-90,-70,-2.5,-90,-70,-2.5,-90,-70,-2.5,-90,-70,-2.5,-90,-70,-2.5,-90,-70,-2.5,-90,-70,-2.5,-90,-70,-2.5,-90,-70,-2.5,-90,-70,-2.5,-90,-70,-2.5,-90,-70,-2.5,-90,-70,-2.5,-90,-70,-2.5,-90,-70,-2.5,-90,-70,-2.5,-90,-70,-2.5,-90,-70,-2.5,-90,-70,-2.5,-90,-70,-2.5,-90,-70,-2.5,-90,-70,-2.5,-90,-70,-2.5,-90,-70,-2.5,-90,-70,-2.5,-90,-70,-2.5,-90,-70,-2.5,-90,-70,-2.5,-90,-70,-2.5,-90],"rot":[0,0,0,1,0,0,0,1,0,0,0,1,0,0,0,1,0,0,0,1,0,0,0,1,0,0,0,1,0,0,0,1,0,0,0,1,0,0,0,1,0,0,0,1,0,0,0,1,0,0,0,1,0,0,0,1,0,0,0,1,0,0,0,1,0,0,0,1,0,0,0,1,0,0,0,1,0,0,0,1,0,0,0,1,0,0,0,1,0,0,0,1,0,0,0,1,0,0,0,1,0,0,0,1,0,0,0,1,0,0,0,1,0,0,0,1,0,0,0,1,0,0,0,1,0,0,0,1,0,0,0,1,0,0,0,1,0,0,0,1,0,0,0,1,0,0,0,1,0,0,0,1,0,0,0,1,0,0,0,1,0,0,0,1],"scl":[1,1,1,1,1,1,1,1,1,1,1,1,1,1,1,1,1,1,1,1,1,1,1,1,1,1,1,1,1,1,1,1,1,1,1,1,1,1,1,1,1,1,1,1,1,1,1,1,1,1,1,1,1,1,1,1,1,1,1,1,1,1,1,1,1,1,1,1,1,1,1,1,1,1,1,1,1,1,1,1,1,1,1,1,1,1,1,1,1,1,1,1,1,1,1,1,1,1,1,1,1,1,1,1,1,1,1,1,1,1,1,1,1,1,1,1,1,1,1,1,1,1,1]},
{"i":5,"pos":[70,-2.5,-90,70,-2.5,-90,70,-2.5,-90,70,-2.5,-90,70,-2.5,-90,70,-2.5,-90,70,-2.5,-90,70,-2.5,-90,70,-2.5,-90,70,-2.5,-90,70,-2.5,-90,70,-2.5,-90,70,-2.5,-90,70,-2.5,-90,70,-2.5,-90,70,-2.5,-90,70,-2.5,-90,70,-2.5,-90,70,-2.5,-90,70,-2.5,-90,70,-2.5,-90,70,-2.5,-90,70,-2.5,-90,70,-2.5,-90,70,-2.5,-90,70,-2.5,-90,70,-2.5,-90,70,-2.5,-90,70,-2.5,-90,70,-2.5,-90,70,-2.5,-90,70,-2.5,-90,70,-2.5,-90,70,-2.5,-90,70,-2.5,-90,70,-2.5,-90,70,-2.5,-90,70,-2.5,-90,70,-2.5,-90,70,-2.5,-90,70,-2.5,-90],"rot":[0,0,0,1,0,0,0,1,0,0,0,1,0,0,0,1,0,0,0,1,0,0,0,1,0,0,0,1,0,0,0,1,0,0,0,1,0,0,0,1,0,0,0,1,0,0,0,1,0,0,0,1,0,0,0,1,0,0,0,1,0,0,0,1,0,0,0,1,0,0,0,1,0,0,0,1,0,0,0,1,0,0,0,1,0,0,0,1,0,0,0,1,0,0,0,1,0,0,0,1,0,0,0,1,0,0,0,1,0,0,0,1,0,0,0,1,0,0,0,1,0,0,0,1,0,0,0,1,0,0,0,1,0,0,0,1,0,0,0,1,0,0,0,1,0,0,0,1,0,0,0,1,0,0,0,1,0,0,0,1,0,0,0,1],"scl":[1,1,1,1,1,1,1,1,1,1,1,1,1,1,1,1,1,1,1,1,1,1,1,1,1,1,1,1,1,1,1,1,1,1,1,1,1,1,1,1,1,1,1,1,1,1,1,1,1,1,1,1,1,1,1,1,1,1,1,1,1,1,1,1,1,1,1,1,1,1,1,1,1,1,1,1,1,1,1,1,1,1,1,1,1,1,1,1,1,1,1,1,1,1,1,1,1,1,1,1,1,1,1,1,1,1,1,1,1,1,1,1,1,1,1,1,1,1,1,1,1,1,1]},
{"i":6,"pos":[-70,0,0,-70,0,0,-70,0,0,-70,0,0,-70,0,0,-70,0,0,-70,0,0,-70,0,0,-70,0,0,-70,0,0,-70,0,0,-70,0,0,-70,0,0,-70,0,0,-70,0,0,-70,0,0,-70,0,0,-70,0,0,-70,0,0,-70,0,0,-70,0,0,-70,0,0,-70,0,0,-70,0,0,-70,0,0,-70,0,0,-70,0,0,-70,0,0,-70,0,0,-70,0,0,-70,0,0,-70,0,0,-70,0,0,-70,0,0,-70,0,0,-70,0,0,-70,0,0,-70,0,0,-70,0,0,-70,0,0,-70,0,0],