{
"name":"pl0c02mot_g0s1_m0",
"frameCount":31,"fps":60,"rotFormat":"quat_xyzw",
"bones":[
{"i":0,"pos":[0,0,0,0,0,0,0,0,0,0,0,0,0,0,0,0,0,0,0,0,0,0,0,0,0,0,0,0,0,0,0,0,0,0,0,0,0,0,0,0,0,0,0,0,0,0,0,0,0,0,0,0,0,0,0,0,0,0,0,0,0,0,0,0,0,0,0,0,0,0,0,0,0,0,0,0,0,0,0,0,0,0,0,0,0,0,0,0,0,0,0,0,0],"rot":[0,0,0,1,0,0,0,1,0,0,0,1,0,0,0,1,0,0,0,1,0,0,0,1,0,0,0,1,0,0,0,1,0,0,0,1,0,0,0,1,0,0,0,1,0,0,0,1,0,0,0,1,0,0,0,1,0,0,0,1,0,0,0,1,0,0,0,1,0,0,0,1,0,0,0,1,0,0,0,1,0,0,0,1,0,0,0,1,0,0,0,1,0,0,0,1,0,0,0,1,0,0,0,1,0,0,0,1,0,0,0,1,0,0,0,1,0,0,0,1,0,0,0,1],"scl":[1,1,1,1,1,1,1,1,1,1,1,1,1,1,1,1,1,1,1,1,1,1,1,1,1,1,1,1,1,1,1,1,1,1,1,1,1,1,1,1,1,1,1,1,1,1,1,1,1,1,1,1,1,1,1,1,1,1,1,1,1,1,1,1,1,1,1,1,1,1,1,1,1,1,1,1,1,1,1,1,1,1,1,1,1,1,1,1,1,1,1,1,1]},
{"i":1,"pos":[0,47.0391,0.0940799,0,46.9961,0.093994,0,46.8828,0.0937981,0,46.7227,0.0935274,0,46.5391,0.0932168,0,46.3555,0.0929013,0,46.1953,0.0926159,0,46.082,0.0923958,0,46.0391,0.0922758,0,46.0945,0.092291,0,46.2373,0.0924765,0,46.4326,0.0928671,0,46.6455,0.0932928,0,46.8408,0.0935588,0,46.9837,0.093688,0,47.0391,0.0937032,0,46.9961,0.0936272,0,46.8828,0.0934828,0,46.7227,0.0932928,0,46.5391,0.0930799,0,46.3555,0.0928671,0,46.1953,0.0926771,0,46.082,0.0925327,0,46.0391,0.0924567,0,46.0945,0.0924719,0,46.2373,0.0926011,0,46.4326,0.0928671,0,46.6455,0.0932928,0,46.8408,0.0936834,0,46.9837,0.0939691,0,47.0391,0.0940799],"rot":[0.000991821,0,0,1,0.000991821,0,0,1,0.000991821,0,0,1,0.000991821,0,0,1,0.000991821,0,0,1,0.000991821,0,0,1,0.000991821,0,0,1,0.000991821,0,0,1,0.000991821,0,0,1,0.000991821,0,0,1,0.000991821,0,0,1,0.000991821,0,0,1,0.000991821,0,0,1,0.000991821,0,0,1,0.000991821,0,0,1,0.000991821,0,0,1,0.000991821,0,0,1,0.000991821,0,0,1,0.000991821,0,0,1,0.000991821,0,0,1,0.000991821,0,0,1,0.000991821,0,0,1,0.000991821,0,0,1,0.000991821,0,0,1,0.000991821,0,0,1,0.000991821,0,0,1,0.000991821,0,0,1,0.000991821,0,0,1,0.000991821,0,0,1,0.000991821,0,0,1,0.000991821,0,0,1],"scl":[1,1,1,1,1,1,1,1,1,1,1,1,1,1,1,1,1,1,1,1,1,1,1,1,1,1,1,1,1,1,1,1,1,1,1,1,1,1,1,1,1,1,1,1,1,1,1,1,1,1,1,1,1,1,1,1,1,1,1,1,1,1,1,1,1,1,1,1,1,1,1,1,1,1,1,1,1,1,1,1,1,1,1,1,1,1,1,1,1,1,1,1,1]},
{"i":2,"pos":[0,77.96,0,0,77.96,0,0,77.96,0,0,77.96,0,0,77.96,0,0,77.96,0,0,77.96,0,0,77.96,0,0,77.96,0,0,77.96,0,0,77.96,0,0,77.96,0,0,77.96,0,0,77.96,0,0,77.96,0,0,77.96,0,0,77.96,0,0,77.96,0,0,77.96,0,0,77.96,0,0,77.96,0,0,77.96,0,0,77.96,0,0,77.96,0,0,77.96,0,0,77.96,0,0,77.96,0,0,77.96,0,0,77.96,0,0,77.96,0,0,77.96,0],"rot":[0,0,0,1,-0.000545415,0,0,1,-0.00109083,0,0,0.999999,-0.00163625,0,0,0.999999,-0.00218166,0,0,0.999998,-0.00163625,0,0,0.999999,-0.00109083,0,0,0.999999,-0.000545415,0,0,1,0,0,0,1,0.00072722,0,0,1,0.00145444,0,0,0.999999,0.00218166,0,0,0.999998,0.00163625,0,0,0.999999,0.00109083,0,0,0.999999,0.000545415,0,0,1,1.16415E-10,0,0,1,-0.000545415,0,0,1,-0.00109083,0,0,0.999999,-0.00163625,0,0,0.999999,-0.00218166,0,0,0.999998,-0.00163624,0,0,0.999999,-0.00109083,0,0,0.999999,-0.000545416,0,0,1,0,0,0,1,0.00072722,0,0,1,0.00145444,0,0,0.999999,0.00218166,0,0,0.999998,0.00163624,0,0,0.999999,0.00109083,0,0,0.999999,0.000545415,0,0,1,0,0,0,1],"scl":[1,1,1,1,1,1,1,1,1,1,1,1,1,1,1,1,1,1,1,1,1,1,1,1,1,1,1,1,1,1,1,1,1,1,1,1,1,1,1,1,1,1,1,1,1,1,1,1,1,1,1,1,1,1,1,1,1,1,1,1,1,1,1,1,1,1,1,1,1,1,1,1,1,1,1,1,1,1,1,1,1,1,1,1,1,1,1,1,1,1,1,1,1]},
{"i":3,"pos":[0,0,0,0,0,0,0,0,0,0,0,0,0,0,0,0,0,0,0,0,0,0,0,0,0,0,0,0,0,0,0,0,0,0,0,0,0,0,0,0,0,0,0,0,0,0,0,0,0,0,0,0,0,0,0,0,0,0,0,0,0,0,0,0,0,0,0,0,0,0,0,0,0,0,0,0,0,0,0,0,0,0,0,0,0,0,0,0,0,0,0,0,0],"rot":[0,0,0,1,0,0,0,1,0,0,0,1,0,0,0,1,0,0,0,1,0,0,0,1,0,0,0,1,0,0,0,1,0,0,0,1,0,0,0,1,0,0,0,1,0,0,0,1,0,0,0,1,0,0,0,1,0,0,0,1,0,0,0,1,0,0,0,1,0,0,0,1,0,0,0,1,0,0,0,1,0,0,0,1,0,0,0,1,0,0,0,1,0,0,0,1,0,0,0,1,0,0,0,1,0,0,0,1,0,0,0,1,0,0,0,1,0,0,0,1,0,0,0,1],"scl":[1,1,1,1,1,1,1,1,1,1,1,1,1,1,1,1,1,1,1,1,1,1,1,1,1,1,1,1,1,1,1,1,1,1,1,1,1,1,1,1,1,1,1,1,1,1,1,1,1,1,1,1,1,1,1,1,1,1,1,1,1,1,1,1,1,1,1,1,1,1,1,1,1,1,1,1,1,1,1,1,1,1,1,1,1,1,1,1,1,1,1,1,1]},
{"i":4,"pos":[-70,-2.5,-90,-70,-2.5,-90,-70,-2.5,-90,-70,-2.5,-90,-70,-2.5,-90,-70,-2.5,-90,-70,-2.5,-90,-70,-2.5,-90,-70,-2.5,-90,-70,-2.5,-90,-70,-2.5,-90,-70,-2.5,-90,-70,-2.5,-90,-70,-2.5,-90,-70,-2.5,-90,-70,-2.5,-90,-70,-2.5,-90,-70,-2.5,-90,-70,-2.5,-90,-70,-2.5,-90,-70,-2.5,-90,-70,-2.5,-90,-70,-2.5,-90,-70,-2.5,-90,-70,-2.5,-90,-70,-2.5,-90,-70,-2.5,-90,-70,-2.5,-90,-70,-2.5,-90,-70,-2.5,-90,-70,-2.5,-90],"rot":[0,0,0,1,0,0,0,1,0,0,0,1,0,0,0,1,0,0,0,1,0,0,0,1,0,0,0,1,0,0,0,1,0,0,0,1,0,0,0,1,0,0,0,1,0,0,0,1,0,0,0,1,0,0,0,1,0,0,0,1,0,0,0,1,0,0,0,1,0,0,0,1,0,0,0,1,0,0,0,1,0,0,0,1,0,0,0,1,0,0,0,1,0,0,0,1,0,0,0,1,0,0,0,1,0,0,0,1,0,0,0,1,0,0,0,1,0,0,0,1,0,0,0,1],"scl":[1,1,1,1,1,1,1,1,1,1,1,1,1,1,1,1,1,1,1,1,1,1,1,1,1,1,1,1,1,1,1,1,1,1,1,1,1,1,1,1,1,1,1,1,1,1,1,1,1,1,1,1,1,1,1,1,1,1,1,1,1,1,1,1,1,1,1,1,1,1,1,1,1,1,1,1,1,1,1,1,1,1,1,1,1,1,1,1,1,1,1,1,1]},
{"i":5,"pos":[70,-2.5,-90,70,-2.5,-90,70,-2.5,-90,70,-2.5,-90,70,-2.5,-90,70,-2.5,-90,70,-2.5,-90,70,-2.5,-90,70,-2.5,-90,70,-2.5,-90,70,-2.5,-90,70,-2.5,-90,70,-2.5,-90,70,-2.5,-90,70,-2.5,-90,70,-2.5,-90,70,-2.5,-90,70,-2.5,-90,70,-2.5,-90,70,-2.5,-90,70,-2.5,-90,70,-2.5,-90,70,-2.5,-90,70,-2.5,-90,70,-2.5,-90,70,-2.5,-90,70,-2.5,-90,70,-2.5,-90,70,-2.5,-90,70,-2.5,-90,70,-2.5,-90],"rot":[0,0,0,1,0,0,0,1,0,0,0,1,0,0,0,1,0,0,0,1,0,0,0,1,0,0,0,1,0,0,0,1,0,0,0,1,0,0,0,1,0,0,0,1,0,0,0,1,0,0,0,1,0,0,0,1,0,0,0,1,0,0,0,1,0,0,0,1,0,0,0,1,0,0,0,1,0,0,0,1,0,0,0,1,0,0,0,1,0,0,0,1,0,0,0,1,0,0,0,1,0,0,0,1,0,0,0,1,0,0,0,1,0,0,0,1,0,0,0,1,0,0,0,1],"scl":[1,1,1,1,1,1,1,1,1,1,1,1,1,1,1,1,1,1,1,1,1,1,1,1,1,1,1,1,1,1,1,1,1,1,1,1,1,1,1,1,1,1,1,1,1,1,1,1,1,1,1,1,1,1,1,1,1,1,1,1,1,1,1,1,1,1,1,1,1,1,1,1,1,1,1,1,1,1,1,1,1,1,1,1,1,1,1,1,1,1,1,1,1]},
{"i":6,"pos":[-70,0,0,-70,0,0,-70,0,0,-70,0,0,-70,0,0,-70,0,0,-70,0,0,-70,0,0,-70,0,0,-70,0,0,-70,0,0,-70,0,0,-70,0,0,-70,0,0,-70,0,0,-70,0,0,-70,0,0,-70,0,0,-70,0,0,-70,0,0,-70,0,0,-70,0,0,-70,0,0,-70,0,0,-70,0,0,-70,0,0,-70,0,0,-70,0,0,-70,0,0,-70,0,0,-70,0,0],"rot":[0,0,0,1,0,0,0,1,0,0,0,1,0,0,0,1,0,0,0,1,0,0,0,1,0,0,0,1,0,0,0,1,0,0,0,1,0,0,0,1,0,0,0,1,0,0,0,1,0,0,0,1,0,0,0,1,0,0,0,1,0,0,0,1,0,0,0,1,0,0,0,1,0,0,0,1,0,0,0,1,0,0,0,1,0,0,0,1,0,0,0,1,0,0,0,1,0,0,0,1,0,0,0,1,0,0,0,1,0,0,0,1,0,0,0,1,0,0,0,1,0,0,0,1],"scl":[1,1,1,1,1,1,1,1,1,1,1,1,1,1,1,1,1,1,1,1,1,1,1,1,1,1,1,1,1,1,1,1,1,1,1,1,1,1,1,1,1,1,1,1,1,1,1,1,1,1,1,1,1,1,1,1,1,1,1,1,1,1,1,1,1,1,1,1,1,1,1,1,1,1,1,1,1,1,1,1,1,1,1,1,1,1,1,1,1,1,1,1,1]},
{"i":7,"pos":[70,0,0,70,0,0,70,0,0,70,0,0,70,0,0,70,0,0,70,0,0,70,0,0,70,0,0,70,0,0,70,0,0,70,0,0,70,0,0,70,0,0,70,0,0,70,0,0,70,0,0,70,0,0,70,0,0,70,0,0,70,0,0,70,0,0,70,0,0,70,0,0,70,0,0,70,0,0,70,0,0,70,0,0,70,0,0,70,0,0,70,0,0],"rot":[0,0,0,1,0,0,0,1,0,0,0,1,0,0,0,1,0,0,0,1,0,0,0,1,0,0,0,1,0,0,0,1,0,0,0,1,0,0,0,1,0,0,0,1,0,0,0,1,0,0,0,1,0,0,0,1,0,0,0,1,0,0,0,1,0,0,0,1,0,0,0,1,0,0,0,1,0,0,0,1,0,0,0,1,0,0,0,1,0,0,0,1,0,0,0,1,0,0,0,1,0,0,0,1,0,0,0,1,0,0,0,1,0,0,0,1,0,0,0,1,0,0,0,1],"scl":[1,1,1,1,1,1,1,1,1,1,1,1,1,1,1,1,1,1,1,1,1,1,1,1,1,1,1,1,1,1,1,1,1,1,1,1,1,1,1,1,1,1,1,1,1,1,1,1,1,1,1,1,1,1,1,1,1,1,1,1,1,1,1,1,1,1,1,1,1,1,1,1,1,1,1,1,1,1,1,1,1,1,1,1,1,1,1,1,1,1,1,1,1]},
{"i":8,"pos":[0,16.7598,-90,0,16.7598,-90,0,16.7598,-90,0,16.7598,-90,0,16.7598,-90,0,16.7598,-90,0,16.7598,-90,0,16.7598,-90,0,16.7598,-90,0,16.7598,-90,0,16.7598,-90,0,16.7598,-90,0,16.7598,-90,0,16.7598,-90,0,16.7598,-90,0,16.7598,-90,0,16.7598,-90,0,16.7598,-90,0,16.7598,-90,0,16.7598,-90,0,16.7598,-90,0,16.7598,-90,0,16.7598,-90,0,16.7598,-90,0,16.7598,-90,0,16.7598,-90,0,16.7598,-90,0,16.7598,-90,0,16.7598,-90,0,16.7598,-90,0,16.7598,-90],"rot":[0,0,0,1,0,0,0,1,0,0,0,1,0,0,0,1,0,0,0,1,0,0,0,1,0,0,0,1,0,0,0,1,0,0,0,1,0,0,0,1,0,0,0,1,0,0,0,1,0,0,0,1,0,0,0,1,0,0,0,1,0,0,0,1,0,0,0,1,0,0,0,1,0,0,0,1,0,0,0,1,0,0,0,1,0,0,0,1,0,0,0,1,0,0,0,1,0,0,0,1,0,0,0,1,0,0,0,1,0,0,0,1,0,0,0,1,0,0,0,1,0,0,0,1],"scl":[1,1,1,1,1,1,1,1,1,1,1,1,1,1,1,1,1,1,1,1,1,1,1,1,1,1,1,1,1,1,1,1,1,1,1,1,1,1,1,1,1,1,1,1,1,1,1,1,1,1,1,1,1,1,1,1,1,1,1,1,1,1,1,1,1,1,1,1,1,1,1,1,1,1,1,1,1,1,1,1,1,1,1,1,1,1,1,1,1,1,1,1,1]},
{"i":9,