{
"name":"pl0c02mot_g0s23_m0",
"frameCount":26,"fps":60,"rotFormat":"quat_xyzw",
"bones":[
{"i":0,"pos":[0,0,0,0,0,0,0,0,0,0,0,0,0,0,0,0,0,0,0,0,0,0,0,0,0,0,0,0,0,0,0,0,0,0,0,0,0,0,0,0,0,0,0,0,0,0,0,0,0,0,0,0,0,0,0,0,0,0,0,0,0,0,0,0,0,0,0,0,0,0,0,0,0,0,0,0,0,0],"rot":[0,0,0,1,0,0,0,1,0,0,0,1,0,0,0,1,0,0,0,1,0,0,0,1,0,0,0,1,0,0,0,1,0,0,0,1,0,0,0,1,0,0,0,1,0,0,0,1,0,0,0,1,0,0,0,1,0,0,0,1,0,0,0,1,0,0,0,1,0,0,0,1,0,0,0,1,0,0,0,1,0,0,0,1,0,0,0,1,0,0,0,1,0,0,0,1,0,0,0,1,0,0,0,1],"scl":[1,1,1,1,1,1,1,1,1,1,1,1,1,1,1,1,1,1,1,1,1,1,1,1,1,1,1,1,1,1,1,1,1,1,1,1,1,1,1,1,1,1,1,1,1,1,1,1,1,1,1,1,1,1,1,1,1,1,1,1,1,1,1,1,1,1,1,1,1,1,1,1,1,1,1,1,1,1]},
{"i":1,"pos":[0,47.0391,0.0940552,0,46.0986,0.0921936,0,45.1582,0.0903015,0,44.2178,0.0884094,0,43.2773,0.0865479,0,42.3369,0.0846558,0,43.7236,0.0874329,0,45.1094,0.09021,0,46.4961,0.0929871,0,47.8818,0.0957642,0,49.2686,0.0985107,0,50.6543,0.101288,0,52.041,0.104065,0,53.4268,0.106842,0,54.8135,0.109619,0,56.1992,0.112396,0,56.3652,0.112701,0,56.5312,0.113037,0,56.6973,0.113373,0,56.8633,0.113708,0,57.0293,0.114044,0,57.1953,0.11438,0,57.3613,0.114716,0,57.5273,0.115051,0,57.6934,0.115387,0,57.8594,0.115692],"rot":[0.000991821,0,0,1,0.000900268,0,0,1,0.00102234,0,0,0.999999,0.00201416,0,0,0.999998,0.00447081,0,0,0.99999,0.00903308,0,0,0.999959,0.0155328,0,0,0.999879,0.0231608,0,0,0.999732,0.0316414,0,0,0.999499,0.0406382,0,0,0.999174,0.0498603,0,0,0.998756,0.0589563,0,0,0.998261,0.0676515,0,0,0.997709,0.0756266,0,0,0.997136,0.0825476,0,0,0.996587,0.0881423,0,0,0.996108,0.0925341,0,0,0.99571,0.0961191,0,0,0.99537,0.098974,0,0,0.99509,0.101191,0,0,0.994867,0.102845,0,0,0.994697,0.104014,0,0,0.994576,0.104788,0,0,0.994495,0.105243,0,0,0.994447,0.105455,0,0,0.994424,0.105516,0,0,0.994418],"scl":[1,1,1,1,1,1,1,1,1,1,1,1,1,1,1,1,1,1,1,1,1,1,1,1,1,1,1,1,1,1,1,1,1,1,1,1,1,1,1,1,1,1,1,1,1,1,1,1,1,1,1,1,1,1,1,1,1,1,1,1,1,1,1,1,1,1,1,1,1,1,1,1,1,1,1,1,1,1]},
{"i":2,"pos":[0,77.96,0,0,77.96,0,0,77.96,0,0,77.96,0,0,77.96,0,0,77.96,0,0,77.96,0,0,77.96,0,0,77.96,0,0,77.96,0,0,77.96,0,0,77.96,0,0,77.96,0,0,77.96,0,0,77.96,0,0,77.96,0,0,77.96,0,0,77.96,0,0,77.96,0,0,77.96,0,0,77.96,0,0,77.96,0,0,77.96,0,0,77.96,0,0,77.96,0,0,77.96,0],"rot":[0,0,0,1,-0.00749993,0,0,0.999972,-0.0149994,0,0,0.999888,-0.0137496,0,0,0.999905,-0.0124998,0,0,0.999922,-0.0112499,0,0,0.999937,-0.01,0,0,0.99995,-0.00875012,0,0,0.999962,-0.00750021,0,0,0.999972,-0.00625028,0,0,0.99998,-0.00500035,0,0,0.999987,-0.00700028,0,0,0.999976,-0.00900019,0,0,0.999959,-0.0110001,0,0,0.99994,-0.0129999,0,0,0.999915,-0.0149997,0,0,0.999888,-0.0149997,0,0,0.999888,-0.0149997,0,0,0.999888,-0.0149997,0,0,0.999888,-0.0149997,0,0,0.999888,-0.0149997,0,0,0.999888,-0.0149997,0,0,0.999888,-0.0149997,0,0,0.999888,-0.0149997,0,0,0.999888,-0.0149997,0,0,0.999888,-0.0149997,0,0,0.999888],"scl":[1,1,1,1,1,1,1,1,1,1,1,1,1,1,1,1,1,1,1,1,1,1,1,1,1,1,1,1,1,1,1,1,1,1,1,1,1,1,1,1,1,1,1,1,1,1,1,1,1,1,1,1,1,1,1,1,1,1,1,1,1,1,1,1,1,1,1,1,1,1,1,1,1,1,1,1,1,1]},
{"i":3,"pos":[0,0,0,0,0,0,0,0,0,0,0,0,0,0,0,0,0,0,0,0,0,0,0,0,0,0,0,0,0,0,0,0,0,0,0,0,0,0,0,0,0,0,0,0,0,0,0,0,0,0,0,0,0,0,0,0,0,0,0,0,0,0,0,0,0,0,0,0,0,0,0,0,0,0,0,0,0,0],"rot":[0,0,0,1,0,0,0,1,0,0,0,1,0,0,0,1,0,0,0,1,0,0,0,1,0,0,0,1,0,0,0,1,0,0,0,1,0,0,0,1,0,0,0,1,0,0,0,1,0,0,0,1,0,0,0,1,0,0,0,1,0,0,0,1,0,0,0,1,0,0,0,1,0,0,0,1,0,0,0,1,0,0,0,1,0,0,0,1,0,0,0,1,0,0,0,1,0,0,0,1,0,0,0,1],"scl":[1,1,1,1,1,1,1,1,1,1,1,1,1,1,1,1,1,1,1,1,1,1,1,1,1,1,1,1,1,1,1,1,1,1,1,1,1,1,1,1,1,1,1,1,1,1,1,1,1,1,1,1,1,1,1,1,1,1,1,1,1,1,1,1,1,1,1,1,1,1,1,1,1,1,1,1,1,1]},
{"i":4,"pos":[-70,-2.5,-90,-70,-2.5,-90,-70,-2.5,-90,-70,-2.5,-90,-70,-2.5,-90,-70,-2.5,-90,-70,-2.5,-90,-70,-2.5,-90,-70,-2.5,-90,-70,-2.5,-90,-70,-2.5,-90,-70,-2.5,-90,-70,-2.5,-90,-70,-2.5,-90,-70,-2.5,-90,-70,-2.5,-90,-70,-2.5,-90,-70,-2.5,-90,-70,-2.5,-90,-70,-2.5,-90,-70,-2.5,-90,-70,-2.5,-90,-70,-2.5,-90,-70,-2.5,-90,-70,-2.5,-90,-70,-2.5,-90],"rot":[0,0,0,1,0,0,0,1,0,0,0,1,0,0,0,1,0,0,0,1,0,0,0,1,0,0,0,1,0,0,0,1,0,0,0,1,0,0,0,1,0,0,0,1,0,0,0,1,0,0,0,1,0,0,0,1,0,0,0,1,0,0,0,1,0,0,0,1,0,0,0,1,0,0,0,1,0,0,0,1,0,0,0,1,0,0,0,1,0,0,0,1,0,0,0,1,0,0,0,1,0,0,0,1],"scl":[1,1,1,1,1,1,1,1,1,1,1,1,1,1,1,1,1,1,1,1,1,1,1,1,1,1,1,1,1,1,1,1,1,1,1,1,1,1,1,1,1,1,1,1,1,1,1,1,1,1,1,1,1,1,1,1,1,1,1,1,1,1,1,1,1,1,1,1,1,1,1,1,1,1,1,1,1,1]},
{"i":5,"pos":[70,-2.5,-90,70,-2.5,-90,70,-2.5,-90,70,-2.5,-90,70,-2.5,-90,70,-2.5,-90,70,-2.5,-90,70,-2.5,-90,70,-2.5,-90,70,-2.5,-90,70,-2.5,-90,70,-2.5,-90,70,-2.5,-90,70,-2.5,-90,70,-2.5,-90,70,-2.5,-90,70,-2.5,-90,70,-2.5,-90,70,-2.5,-90,70,-2.5,-90,70,-2.5,-90,70,-2.5,-90,70,-2.5,-90,70,-2.5,-90,70,-2.5,-90,70,-2.5,-90],"rot":[0,0,0,1,0,0,0,1,0,0,0,1,0,0,0,1,0,0,0,1,0,0,0,1,0,0,0,1,0,0,0,1,0,0,0,1,0,0,0,1,0,0,0,1,0,0,0,1,0,0,0,1,0,0,0,1,0,0,0,1,0,0,0,1,0,0,0,1,0,0,0,1,0,0,0,1,0,0,0,1,0,0,0,1,0,0,0,1,0,0,0,1,0,0,0,1,0,0,0,1,0,0,0,1],"scl":[1,1,1,1,1,1,1,1,1,1,1,1,1,1,1,1,1,1,1,1,1,1,1,1,1,1,1,1,1,1,1,1,1,1,1,1,1,1,1,1,1,1,1,1,1,1,1,1,1,1,1,1,1,1,1,1,1,1,1,1,1,1,1,1,1,1,1,1,1,1,1,1,1,1,1,1,1,1]},
{"i":6,"pos":[-70,0,0,-70,0,0,-70,0,0,-70,0,0,-70,0,0,-70,0,0,-70,0,0,-70,0,0,-70,0,0,-70,0,0,-70,0,0,-70,0,0,-70,0,0,-70,0,0,-70,0,0,-70,0,0,-70,0,0,-70,0,0,-70,0,0,-70,0,0,-70,0,0,-70,0,0,-70,0,0,-70,0,0,-70,0,0,-70,0,0],"rot":[0,0,0,1,0,0,0,1,0,0,0,1,0,0,0,1,0,0,0,1,0,0,0,1,0,0,0,1,0,0,0,1,0,0,0,1,0,0,0,1,0,0,0,1,0,0,0,1,0,0,0,1,0,0,0,1,0,0,0,1,0,0,0,1,0,0,0,1,0,0,0,1,0,0,0,1,0,0,0,1,0,0,0,1,0,0,0,1,0,0,0,1,0,0,0,1,0,0,0,1,0,0,0,1],"scl":[1,1,1,1,1,1,1,1,1,1,1,1,1,1,1,1,1,1,1,1,1,1,1,1,1,1,1,1,1,1,1,1,1,1,1,1,1,1,1,1,1,1,1,1,1,1,1,1,1,1,1,1,1,1,1,1,1,1,1,1,1,1,1,1,1,1,1,1,1,1,1,1,1,1,1,1,1,1]},
{"i":7,"pos":[70,0,0,70,0,0,70,0,0,70,0,0,70,0,0,70,0,0,70,0,0,70,0,0,70,0,0,70,0,0,70,0,0,70,0,0,70,0,0,70,0,0,70,0,0,70,0,0,70,0,0,70,0,0,70,0,0,70,0,0,70,0,0,70,0,0,70,0,0,70,0,0,70,0,0,70,0,0],"rot":[0,0,0,1,0,0,0,1,0,0,0,1,0,0,0,1,0,0,0,1,0,0,0,1,0,0,0,1,0,0,0,1,0,0,0,1,0,0,0,1,0,0,0,1,0,0,0,1,0,0,0,1,0,0,0,1,0,0,0,1,0,0,0,1,0,0,0,1,0,0,0,1,0,0,0,1,0,0,0,1,0,0,0,1,0,0,0,1,0,0,0,1,0,0,0,1,0,0,0,1,0,0,0,1],"scl":[1,1,1,1,1,1,1,1,1,1,1,1,1,1,1,1,1,1,1,1,1,1,1,1,1,1,1,1,1,1,1,1,1,1,1,1,1,1,1,1,1,1,1,1,1,1,1,1,1,1,1,1,1,1,1,1,1,1,1,1,1,1,1,1,1,1,1,1,1,1,1,1,1,1,1,1,1,1]},
{"i":8,"pos":[0,16.7598,-90,0,16.7598,-90,0,16.7598,-90,0,16.7598,-90,0,16.7598,-90,0,16.7598,-90,0,16.7598,-90,0,16.7598,-90,0,16.7598,-90,0,16.7598,-90,0,16.7598,-90,0,16.7598,-90,0,16.7598,-90,0,16.7598,-90,0,16.7598,-90,0,16.7598,-90,0,16.7598,-90,0,16.7598,-90,0,16.7598,-90,0,16.7598,-90,0,16.7598,-90,0,16.7598,-90,0,16.7598,-90,0,16.7598,-90,0,16.7598,-90,0,16.7598,-90],"rot":[0,0,0,1,0,0,0,1,0,0,0,1,0,0,0,1,0,0,0,1,0,0,0,1,0,0,0,1,0,0,0,1,0,0,0,1,0,0,0,1,0,0,0,1,0,0,0,1,0,0,0,1,0,0,0,1,0,0,0,1,0,0,0,1,0,0,0,1,0,0,0,1,0,0,0,1,0,0,0,1,0,0,0,1,0,0,0,1,0,0,0,1,0,0,0,1,0,0,0,1,0,0,0,1],"scl":[1,1,1,1,1,1,1,1,1,1,1,1,1,1,1,1,1,1,1,1,1,1,1,1,1,1,1,1,1,1,1,1,1,1,1,1,1,1,1,1,1,1,1,1,1,1,1,1,1,1,1,1,1,1,1,1,1,1,1,1,1,1,1,1,1,1,1,1,1,1,1,1,1,1,1,1,1,1]},
{"i":9,"pos":[-52.8,-13.4399,0,-52.8,-12.5913,0,-52.8,-11.7427,0,-52.8,-10.8945,0,-52.8,-10.0459,0,-52.8,-9.19727,0,-52.8,-9.62158,0,-52.8,-10.0459,0,-52.8,-10.4702,0,-52.8,-10.8945,0,-52.8,-11.3184,0,-52.8,-11.7427,0,-52.8,-12.167,0,-52.8,-12.5913,0,-52.8,-13.0156,0,-52.8,-13.4399,0,-52.8,-13.4399,0,-52.8,-13.4399,0,-52.8,-13.4399,0,-52.8,-13.4399,0,-52.8,-13.4399,0,-52.8,-13.4399,0,-52.8,-13.4399,0,-52.8,-13.4399,0,-52.8,-13.4399,0,-52.8,-13.4399,0],"rot":[0,0,0,1,0,0,-0.00115967,0.999999,0,0,-0.00424193,0.999991,0,0,-0.00845327,0.999964,0,0,-0.0131222,0.999914,0,0,-0.0174247,0.999848,0,0,-0.0220319,0.999757,0,0,-0.0274319,0.999624,0,0,-0.0326785,0.999466,0,0,-0.0369179,0.999318,0,0,-0.0392355,0.99923,0,0,-0.0401808,0.999192,0,0,-0.0408822,0.999164,0,0,-0.0413395,0.999145,0,0,-0.0415835,0.999135,0,0,-0.0416749,0.999131,0,0,-0.041614,0.999134,0,0,-0.0414005,0.999143,0,0,-0.0411566,0.999153,0,0,-0.0408212,0.999166,0,0,-0.0404553,0.999181,0,0,-0.0400894,0.999196,0,0,-0.0397539,0.99921,0,0,-0.03951,0.999219,0,0,-0.039327,0.999226,0,0,-0.0392355,0.99923],