{
"name":"pl0701mot_g3s8_m0",
"frameCount":12,"fps":60,"rotFormat":"quat_xyzw",
"bones":[
{"i":0,"pos":[0,0,0,0,0,0,0,0,0,0,0,0,0,0,0,0,0,0,0,0,0,0,0,0,0,0,0,0,0,0,0,0,0,0,0,0],"rot":[-6.47874E-08,1.07061E-33,-2.08727E-33,1,-6.47874E-08,1.07061E-33,-2.08727E-33,1,-6.47874E-08,1.07061E-33,-2.08727E-33,1,-6.47874E-08,1.07061E-33,-2.08727E-33,1,-6.47874E-08,1.07061E-33,-2.08727E-33,1,-6.47874E-08,1.07061E-33,-2.08727E-33,1,-6.47874E-08,1.07061E-33,-2.08727E-33,1,-6.47874E-08,1.07061E-33,-2.08727E-33,1,-6.47874E-08,1.07061E-33,-2.08727E-33,1,-6.47874E-08,1.07061E-33,-2.08727E-33,1,-6.47874E-08,1.07061E-33,-2.08727E-33,1,-6.47874E-08,1.07061E-33,-2.08727E-33,1],"scl":[1,1,1,1,1,1,1,1,1,1,1,1,1,1,1,1,1,1,1,1,1,1,1,1,1,1,1,1,1,1,1,1,1,1,1,1]},
{"i":1,"pos":[-0.000549316,136.434,0.243164,-0.00215261,137.512,0.926079,-0.00462092,139.195,1.97729,-0.0077877,141.389,3.3256,-0.0114864,144.001,4.89983,-0.0155505,146.938,6.62877,-0.0198134,150.105,8.44124,-0.0241086,153.41,10.266,-0.0282696,156.759,12.032,-0.0321297,160.058,13.6679,-0.0355225,163.215,15.1025,-0.0372314,172.703,15.7241],"rot":[0,0,0,1,0,0,0,1,0,0,0,1,0,0,0,1,0,0,0,1,0,0,0,1,0,0,0,1,0,0,0,1,0,0,0,1,0,0,0,1,0,0,0,1,0,0,0,1],"scl":[1,1,1,1,1,1,1,1,1,1,1,1,1,1,1,1,1,1,1,1,1,1,1,1,1,1,1,1,1,1,1,1,1,1,1,1]},
{"i":2,"pos":[0,0,0,0,0,0,0,0,0,0,0,0,0,0,0,0,0,0,0,0,0,0,0,0,0,0,0,0,0,0,0,0,0,0,0,0],"rot":[-0.0186757,1.18403E-05,-1.65695E-06,0.999826,-0.022217,4.42619E-05,-3.10007E-06,0.999753,-0.027886,9.27986E-05,-7.48249E-06,0.999611,-0.0354815,0.000152926,-1.34693E-05,0.99937,-0.0448014,0.000220112,-1.97549E-05,0.998996,-0.0556429,0.000289795,-2.51647E-05,0.998451,-0.0678024,0.000357371,-2.87407E-05,0.997699,-0.0810754,0.000418191,-2.98077E-05,0.996708,-0.0952567,0.000467565,-2.80229E-05,0.995453,-0.110141,0.000500769,-2.34061E-05,0.993916,-0.125522,0.000513062,-1.63522E-05,0.992091,-0.20454,4.25154E-42,-4.50293E-41,0.978858],"scl":[1,1,1,1,1,1,1,1,1,1,1,1,1,1,1,1,1,1,1,1,1,1,1,1,1,1,1,1,1,1,1,1,1,1,1,1]},
{"i":3,"pos":[0,11.8669,0,0,11.8669,0,0,11.8669,0,0,11.8669,0,0,11.8669,0,0,11.8669,0,0,11.8669,0,0,11.8669,0,0,11.8669,0,0,11.8669,0,0,11.8669,0,0,11.8669,0],"rot":[-0.0273098,9.60732E-06,8.22486E-06,0.999627,-0.0305438,3.58502E-05,3.0893E-05,0.999533,-0.0356267,7.477E-05,6.50967E-05,0.999365,-0.0423077,0.000122359,0.000107976,0.999105,-0.0503357,0.000174638,0.000156623,0.998732,-0.0594593,0.00022772,0.000208015,0.998231,-0.0694266,0.00027786,0.000258955,0.997587,-0.0799861,0.000321495,0.000306045,0.996796,-0.0908862,0.000355262,0.000345677,0.995861,-0.101876,0.000376008,0.000374034,0.994797,-0.112706,0.00038078,0.000387124,0.993628,-0.154379,-1.67231E-40,-5.19097E-41,0.988012],"scl":[1,1,1,1,1,1,1,1,1,1,1,1,1,1,1,1,1,1,1,1,1,1,1,1,1,1,1,1,1,1,1,1,1,1,1,1]},
{"i":4,"pos":[-16.4749,28.4146,4.17314E-06,-16.4749,28.4146,4.17314E-06,-16.4749,28.4146,4.17314E-06,-16.4749,28.4146,4.17314E-06,-16.4749,28.4146,4.17314E-06,-16.4749,28.4146,4.17314E-06,-16.4749,28.4146,4.17314E-06,-16.4749,28.4146,4.17314E-06,-16.4749,28.4146,4.17314E-06,-16.4749,28.4146,4.17314E-06,-16.4749,28.4146,4.17314E-06,-16.4749,28.4146,4.17314E-06],"rot":[0.0290185,-0.148934,0.17822,0.972221,0.0273321,-0.143417,0.171443,0.974316,0.0248617,-0.134847,0.160915,0.977397,0.0219282,-0.12373,0.147253,0.981084,0.0188461,-0.110582,0.131086,0.985004,0.0158916,-0.0959345,0.113068,0.988817,0.0132776,-0.08034,0.0938827,0.992248,0.0111371,-0.0643669,0.0742439,0.995098,0.00951379,-0.0485953,0.0548876,0.997264,0.00836216,-0.0336099,0.0365659,0.998731,0.00755531,-0.0199934,0.0200357,0.999571,4.20622E-08,0,0,1],"scl":[1,1,1,1,1,1,1,1,1,1,1,1,1,1,1,1,1,1,1,1,1,1,1,1,1,1,1,1,1,1,1,1,1,1,1,1]},
{"i":5,"pos":[-11.8566,0,2.28364E-05,-11.8566,0,2.28364E-05,-11.8566,0,2.28364E-05,-11.8566,0,2.28364E-05,-11.8566,0,2.28364E-05,-11.8566,0,2.28364E-05,-11.8566,0,2.28364E-05,-11.8566,0,2.28364E-05,-11.8566,0,2.28364E-05,-11.8566,0,2.28364E-05,-11.8566,0,2.28364E-05,-11.8566,0,2.28364E-05],"rot":[-0.0745026,-0.06937,0.340745,0.934628,-0.0897893,-0.0707293,0.316126,0.941806,-0.113427,-0.0715124,0.277724,0.951257,-0.143812,-0.0701577,0.227773,0.960477,-0.179138,-0.0652049,0.168746,0.967048,-0.217383,-0.0556142,0.103402,0.969,-0.2564,-0.0410053,0.0347111,0.965077,-0.294096,-0.0217933,-0.0343075,0.954911,-0.328635,0.000792256,-0.100802,0.939062,-0.358613,0.0247954,-0.162281,0.918938,-0.383155,0.0477044,-0.216735,0.896628,-0.399539,0.016778,-0.311721,0.861927],"scl":[1,1,1,1,1,1,1,1,1,1,1,1,1,1,1,1,1,1,1,1,1,1,1,1,1,1,1,1,1,1,1,1,1,1,1,1]},
{"i":6,"pos":[-29.021,4.57764E-05,-1.00359E-05,-29.021,4.57764E-05,-1.00359E-05,-29.021,4.57764E-05,-1.00359E-05,-29.021,4.57764E-05,-1.00359E-05,-29.021,4.57764E-05,-1.00359E-05,-29.021,4.57764E-05,-1.00359E-05,-29.021,4.57764E-05,-1.00359E-05,-29.021,4.57764E-05,-1.00359E-05,-29.021,4.57764E-05,-1.00359E-05,-29.021,4.57764E-05,-1.00359E-05,-29.021,4.57764E-05,-1.00359E-05,-29.021,4.57764E-05,-1.00359E-05],"rot":[0,0,0,1,0,0,0,1,0,0,0,1,0,0,0,1,0,0,0,1,0,0,0,1,0,0,0,1,0,0,0,1,0,0,0,1,0,0,0,1,0,0,0,1,0,0,0,1],"scl":[1,1,1,1,1,1,1,1,1,1,1,1,1,1,1,1,1,1,1,1,1,1,1,1,1,1,1,1,1,1,1,1,1,1,1,1]},
{"i":7,"pos":[-29.021,4.57764E-05,-2.98743E-06,-29.021,4.57764E-05,-2.98743E-06,-29.021,4.57764E-05,-2.98743E-06,-29.021,4.57764E-05,-2.98743E-06,-29.021,4.57764E-05,-2.98743E-06,-29.021,4.57764E-05,-2.98743E-06,-29.021,4.57764E-05,-2.98743E-06,-29.021,4.57764E-05,-2.98743E-06,-29.021,4.57764E-05,-2.98743E-06,-29.021,4.57764E-05,-2.98743E-06,-29.021,4.57764E-05,-2.98743E-06,-29.021,4.57764E-05,-2.98743E-06],"rot":[0.181392,-0.336312,-0.064018,0.921896,0.165078,-0.340379,-0.054018,0.924107,0.140876,-0.347615,-0.0396037,0.926148,0.111417,-0.358383,-0.0228362,0.926621,0.0793707,-0.372671,-0.00578129,0.924545,0.0472674,-0.389916,0.00969548,0.919586,0.0172959,-0.409,0.0221418,0.912102,-0.00885177,-0.428391,0.0306702,0.90303,-0.0300258,-0.446352,0.0349907,0.893669,-0.0455238,-0.461165,0.0352973,0.885442,-0.0548586,-0.471289,0.0320158,0.879689,0.0766831,-0.414682,-0.0799006,0.903202],"scl":[1,1,1,1,1,1,1,1,1,1,1,1,1,1,1,1,1,1,1,1,1,1,1,1,1,1,1,1,1,1,1,1,1,1,1,1]},
{"i":8,"pos":[-14.6803,-7.85304,53.9865,-14.6803,-7.85304,53.9865,-14.6803,-7.85304,53.9865,-14.6803,-7.85304,53.9865,-14.6803,-7.85304,53.9865,-14.6803,-7.85304,53.9865,-14.6803,-7.85304,53.9865,-14.6803,-7.85304,53.9865,-14.6803,-7.85304,53.9865,-14.6803,-7.85304,53.9865,-14.6803,-7.85304,53.9865,-14.6803,-7.85304,53.9865],"rot":[0,3.68626E-41,-1.39555E-41,1,0,3.68626E-41,-1.39555E-41,1,0,3.68626E-41,-1.39555E-41,1,0,3.68626E-41,-1.39555E-41,1,0,3.68626E-41,-1.39555E-41,1,0,3.68626E-41,-1.39555E-41,1,0,3.68626E-41,-1.39555E-41,1,0,3.68626E-41,-1.39555E-41,1,0,3.68626E-41,-1.39555E-41,1,0,3.68626E-41,-1.39555E-41,1,0,3.68626E-41,-1.39555E-41,1,0,3.68626E-41,-1.39555E-41,1],"scl":[1,1,1,1,1,1,1,1,1,1,1,1,1,1,1,1,1,1,1,1,1,1,1,1,1,1,1,1,1,1,1,1,1,1,1,1]},
{"i":9,"pos":[16.4749,28.4146,4.17314E-06,16.4749,28.4146,4.17314E-06,16.4749,28.4146,4.17314E-06,16.4749,28.4146,4.17314E-06,16.4749,28.4146,4.17314E-06,16.4749,28.4146,4.17314E-06,16.4749,28.4146,4.17314E-06,16.4749,28.4146,4.17314E-06,16.4749,28.4146,4.17314E-06,16.4749,28.4146,4.17314E-06,16.4749,28.4146,4.17314E-06,16.4749,28.4146,4.17314E-06],"rot":[0,0,0,1,0,0,0,1,0,0,0,1,0,0,0,1,0,0,0,1,0,0,0,1,0,0,0,1,0,0,0,1,0,0,0,1,0,0,0,1,0,0,0,1,0,0,0,1],"scl":[1,1,1,1,1,1,1,1,1,1,1,1,1,1,1,1,1,1,1,1,1,1,1,1,1,1,1,1,1,1,1,1,1,1,1,1]},
{"i":10,"pos":[11.8566,0,2.28364E-05,11.8566,0,2.28364E-05,11.8566,0,2.28364E-05,11.8566,0,2.28364E-05,11.8566,0,2.28364E-05,11.8566,0,2.28364E-05,11.8566,0,2.28364E-05,11.8566,0,2.28364E-05,11.8566,0,2.28364E-05,11.8566,0,2.28364E-05,11.8566,0,2.28364E-05,11.8566,0,2.28364E-05],"rot":[0,0,0,1,0,0,0,1,0,0,0,1,0,0,0,1,0,0,0,1,0,0,0,1,0,0,0,1,0,0,0,1,0,0,0,1,0,0,0,1,0,0,0,1,0,0,0,1],"scl":[1,1,1,1,1,1,1,1,1,1,1,1,1,1,1,1,1,1,1,1,1,1,1,1,1,1,1,1,1,1,1,1,1,1,1,1]},
{"i":11,