{
"name":"pl0701mot_g3s0_m0",
"frameCount":12,"fps":60,"rotFormat":"quat_xyzw",
"bones":[
{"i":0,"pos":[0,0,0,0,0,0,0,0,0,0,0,0,0,0,0,0,0,0,0,0,0,0,0,0,0,0,0,0,0,0,0,0,0,0,0,0],"rot":[-6.47874E-08,1.07061E-33,-2.08727E-33,1,-6.47874E-08,1.07061E-33,-2.08727E-33,1,-6.47874E-08,1.07061E-33,-2.08727E-33,1,-6.47874E-08,1.07061E-33,-2.08727E-33,1,-6.47874E-08,1.07061E-33,-2.08727E-33,1,-6.47874E-08,1.07061E-33,-2.08727E-33,1,-6.47874E-08,1.07061E-33,-2.08727E-33,1,-6.47874E-08,1.07061E-33,-2.08727E-33,1,-6.47874E-08,1.07061E-33,-2.08727E-33,1,-6.47874E-08,1.07061E-33,-2.08727E-33,1,-6.47874E-08,1.07061E-33,-2.08727E-33,1,-6.47874E-08,1.07061E-33,-2.08727E-33,1],"scl":[1,1,1,1,1,1,1,1,1,1,1,1,1,1,1,1,1,1,1,1,1,1,1,1,1,1,1,1,1,1,1,1,1,1,1,1]},
{"i":1,"pos":[-0.0011359,109.559,-0.261719,-0.00410495,105.042,-1.78971,-0.00824922,99.6493,-3.65887,-0.0129108,95.1075,-5.31481,-0.0174316,93.143,-6.20316,-0.0211538,95.4822,-5.76953,-0.0243147,103.852,-3.13034,-0.0274879,117.174,1.44763,-0.0305205,133.086,6.79318,-0.0332593,149.221,11.7352,-0.0355512,163.215,15.1024,-0.037243,172.703,15.7236],"rot":[0,0,0,1,0,0,0,1,0,0,0,1,0,0,0,1,0,0,0,1,0,0,0,1,0,0,0,1,0,0,0,1,0,0,0,1,0,0,0,1,0,0,0,1,0,0,0,1],"scl":[1,1,1,1,1,1,1,1,1,1,1,1,1,1,1,1,1,1,1,1,1,1,1,1,1,1,1,1,1,1,1,1,1,1,1,1]},
{"i":2,"pos":[0,0,0,0,0,0,0,0,0,0,0,0,0,0,0,0,0,0,0,0,0,0,0,0,0,0,0,0,0,0,0,0,0,0,0,0],"rot":[0.0298095,-0.0408229,0.00773537,0.998692,0.0905021,-0.0334162,0.0084693,0.995299,0.167352,-0.0236217,0.00798175,0.985582,0.240412,-0.0136075,0.00576202,0.970559,0.29069,-0.00526079,0.00255885,0.9568,0.300286,-1.34973E-41,-4.28727E-41,0.953849,0.260847,0.00234185,-0.00105034,0.965377,0.184474,0.00309361,-0.00110565,0.982832,0.0845328,0.00269093,-0.000665217,0.996417,-0.0240745,0.00162798,-0.000218865,0.999709,-0.125531,0.00051306,-1.63477E-05,0.99209,-0.20454,9.19392E-42,-4.39966E-41,0.978858],"scl":[1,1,1,1,1,1,1,1,1,1,1,1,1,1,1,1,1,1,1,1,1,1,1,1,1,1,1,1,1,1,1,1,1,1,1,1]},
{"i":3,"pos":[0,11.8669,0,0,11.8669,0,0,11.8669,0,0,11.8669,0,0,11.8669,0,0,11.8669,0,0,11.8669,0,0,11.8669,0,0,11.8669,0,0,11.8669,0,0,11.8669,0,0,11.8669,0],"rot":[0.0707943,-0.0360579,-0.0251354,0.996522,0.0907184,-0.0303249,-0.0202647,0.995209,0.114854,-0.0222802,-0.0141301,0.993032,0.135833,-0.0133771,-0.00809705,0.990608,0.146432,-0.00532912,-0.00314912,0.989201,0.139527,0,0,0.990218,0.109795,0.00228478,0.0014667,0.993951,0.0617931,0.0028307,0.00201605,0.998083,0.00333746,0.00228487,0.00183777,0.99999,-0.0575359,0.0012852,0.00116945,0.998342,-0.112741,0.000380765,0.000387136,0.993624,-0.154379,0,0,0.988012],"scl":[1,1,1,1,1,1,1,1,1,1,1,1,1,1,1,1,1,1,1,1,1,1,1,1,1,1,1,1,1,1,1,1,1,1,1,1]},
{"i":4,"pos":[-16.4749,28.4146,4.17314E-06,-16.4749,28.4146,4.17314E-06,-16.4749,28.4146,4.17314E-06,-16.4749,28.4146,4.17314E-06,-16.4749,28.4146,4.17314E-06,-16.4749,28.4146,4.17314E-06,-16.4749,28.4146,4.17314E-06,-16.4749,28.4146,4.17314E-06,-16.4749,28.4146,4.17314E-06,-16.4749,28.4146,4.17314E-06,-16.4749,28.4146,4.17314E-06,-16.4749,28.4146,4.17314E-06],"rot":[-0.0392487,-0.252038,0.150158,0.955191,-0.0358926,-0.241447,0.147463,0.958473,-0.0308718,-0.225122,0.142668,0.963334,-0.0245765,-0.204163,0.135465,0.969207,-0.0174159,-0.179692,0.125616,0.975514,-0.00987762,-0.15284,0.113032,0.981716,-0.00256623,-0.124728,0.0978199,0.987354,0.00377697,-0.0964314,0.0803057,0.992088,0.00827125,-0.068956,0.0610209,0.995717,0.00990579,-0.0432083,0.0406655,0.998189,0.00755569,-0.0199886,0.0200464,0.999571,0,0,0,1],"scl":[1,1,1,1,1,1,1,1,1,1,1,1,1,1,1,1,1,1,1,1,1,1,1,1,1,1,1,1,1,1,1,1,1,1,1,1]},
{"i":5,"pos":[-11.8566,0,2.28364E-05,-11.8566,0,2.28364E-05,-11.8566,0,2.28364E-05,-11.8566,0,2.28364E-05,-11.8566,0,2.28364E-05,-11.8566,0,2.28364E-05,-11.8566,0,2.28364E-05,-11.8566,0,2.28364E-05,-11.8566,0,2.28364E-05,-11.8566,0,2.28364E-05,-11.8566,0,2.28364E-05,-11.8566,0,2.28364E-05],"rot":[0.175777,0.251659,0.214359,0.927265,0.140247,0.298027,0.219527,0.918324,0.0912803,0.330266,0.228468,0.91126,0.037727,0.343109,0.238269,0.907789,-0.0124239,0.340995,0.242632,0.908128,-0.0549792,0.326421,0.233848,0.914189,-0.106136,0.292858,0.205499,0.92776,-0.181599,0.23783,0.148656,0.942528,-0.270401,0.168928,0.048908,0.946549,-0.344891,0.100788,-0.0858127,0.929262,-0.383147,0.0476735,-0.216747,0.896631,-0.399539,0.016778,-0.311721,0.861927],"scl":[1,1,1,1,1,1,1,1,1,1,1,1,1,1,1,1,1,1,1,1,1,1,1,1,1,1,1,1,1,1,1,1,1,1,1,1]},
{"i":6,"pos":[-29.021,4.57764E-05,-1.00359E-05,-29.021,4.57764E-05,-1.00359E-05,-29.021,4.57764E-05,-1.00359E-05,-29.021,4.57764E-05,-1.00359E-05,-29.021,4.57764E-05,-1.00359E-05,-29.021,4.57764E-05,-1.00359E-05,-29.021,4.57764E-05,-1.00359E-05,-29.021,4.57764E-05,-1.00359E-05,-29.021,4.57764E-05,-1.00359E-05,-29.021,4.57764E-05,-1.00359E-05,-29.021,4.57764E-05,-1.00359E-05,-29.021,4.57764E-05,-1.00359E-05],"rot":[0,0,0,1,0,0,0,1,0,0,0,1,0,0,0,1,0,0,0,1,0,0,0,1,0,0,0,1,0,0,0,1,0,0,0,1,0,0,0,1,0,0,0,1,0,0,0,1],"scl":[1,1,1,1,1,1,1,1,1,1,1,1,1,1,1,1,1,1,1,1,1,1,1,1,1,1,1,1,1,1,1,1,1,1,1,1]},
{"i":7,"pos":[-29.021,4.57764E-05,-2.98743E-06,-29.021,4.57764E-05,-2.98743E-06,-29.021,4.57764E-05,-2.98743E-06,-29.021,4.57764E-05,-2.98743E-06,-29.021,4.57764E-05,-2.98743E-06,-29.021,4.57764E-05,-2.98743E-06,-29.021,4.57764E-05,-2.98743E-06,-29.021,4.57764E-05,-2.98743E-06,-29.021,4.57764E-05,-2.98743E-06,-29.021,4.57764E-05,-2.98743E-06,-29.021,4.57764E-05,-2.98743E-06,-29.021,4.57764E-05,-2.98743E-06],"rot":[-0.359509,-0.329756,0.139474,0.86172,-0.356113,-0.310152,0.131975,0.871534,-0.350127,-0.289621,0.121874,0.882427,-0.342871,-0.278287,0.112478,0.890137,-0.336522,-0.286016,0.107921,0.890674,-0.331486,-0.321963,0.111138,0.879832,-0.317128,-0.467425,0.129482,0.814971,-0.219359,-0.632712,0.0976208,0.736225,-0.12239,-0.678643,0.0621893,0.721524,-0.117731,-0.61615,0.0836778,0.774272,-0.054848,-0.471266,0.0320482,0.879701,0.0766831,-0.414682,-0.0799006,0.903202],"scl":[1,1,1,1,1,1,1,1,1,1,1,1,1,1,1,1,1,1,1,1,1,1,1,1,1,1,1,1,1,1,1,1,1,1,1,1]},
{"i":8,"pos":[-14.6803,-7.85304,53.9865,-14.6803,-7.85304,53.9865,-14.6803,-7.85304,53.9865,-14.6803,-7.85304,53.9865,-14.6803,-7.85304,53.9865,-14.6803,-7.85304,53.9865,-14.6803,-7.85304,53.9865,-14.6803,-7.85304,53.9865,-14.6803,-7.85304,53.9865,-14.6803,-7.85304,53.9865,-14.6803,-7.85304,53.9865,-14.6803,-7.85304,53.9865],"rot":[0,3.68626E-41,-1.39555E-41,1,0,3.68626E-41,-1.39555E-41,1,0,3.68626E-41,-1.39555E-41,1,0,3.68626E-41,-1.39555E-41,1,0,3.68626E-41,-1.39555E-41,1,0,3.68626E-41,-1.39555E-41,1,0,3.68626E-41,-1.39555E-41,1,0,3.68626E-41,-1.39555E-41,1,0,3.68626E-41,-1.39555E-41,1,0,3.68626E-41,-1.39555E-41,1,0,3.68626E-41,-1.39555E-41,1,0,3.68626E-41,-1.39555E-41,1],"scl":[1,1,1,1,1,1,1,1,1,1,1,1,1,1,1,1,1,1,1,1,1,1,1,1,1,1,1,1,1,1,1,1,1,1,1,1]},
{"i":9,"pos":[16.4749,28.4146,4.17314E-06,16.4749,28.4146,4.17314E-06,16.4749,28.4146,4.17314E-06,16.4749,28.4146,4.17314E-06,16.4749,28.4146,4.17314E-06,16.4749,28.4146,4.17314E-06,16.4749,28.4146,4.17314E-06,16.4749,28.4146,4.17314E-06,16.4749,28.4146,4.17314E-06,16.4749,28.4146,4.17314E-06,16.4749,28.4146,4.17314E-06,16.4749,28.4146,4.17314E-06],"rot":[0,0,0,1,0,0,0,1,0,0,0,1,0,0,0,1,0,0,0,1,0,0,0,1,0,0,0,1,0,0,0,1,0,0,0,1,0,0,0,1,0,0,0,1,0,0,0,1],"scl":[1,1,1,1,1,1,1,1,1,1,1,1,1,1,1,1,1,1,1,1,1,1,1,1,1,1,1,1,1,1,1,1,1,1,1,1]},
{"i":10,"pos":[11.8566,0,2.28364E-05,11.8566,0,2.28364E-05,11.8566,0,2.28364E-05,11.8566,0,2.28364E-05,11.8566,0,2.28364E-05,11.8566,0,2.28364E-05,11.8566,0,2.28364E-05,11.8566,0,2.28364E-05,11.8566,0,2.28364E-05,11.8566,0,2.28364E-05,11.8566,0,2.28364E-05,11.8566,0,2.28364E-05],"rot":[0,0,0,1,0,0,0,1,0,0,0,1,0,0,0,1,0,0,0,1,0,0,0,1,0,0,0,1,0,0,0,1,0,0,0,1,0,0,0,1,0,0,0,1,0,0,0,1],"scl":[1,1,1,1,1,1,1,1,1,1,1,1,1,1,1,1,1,1,1,1,1,1,1,1,1,1,1,1,1,1,1,1,1,1,1,1]},
{"i":11,