{
"name":"pl0c00mot_g7s0_m0",
"frameCount":37,"fps":60,"rotFormat":"quat_xyzw",
"bones":[
{"i":0,"pos":[0,0,0,0,0,0,0,0,0,0,0,0,0,0,0,0,0,0,0,0,0,0,0,0,0,0,0,0,0,0,0,0,0,0,0,0,0,0,0,0,0,0,0,0,0,0,0,0,0,0,0,0,0,0,0,0,0,0,0,0,0,0,0,0,0,0,0,0,0,0,0,0,0,0,0,0,0,0,0,0,0,0,0,0,0,0,0,0,0,0,0,0,0,0,0,0,0,0,0,0,0,0,0,0,0,0,0,0,0,0,0],"rot":[0,0,0,1,0,0,0,1,0,0,0,1,0,0,0,1,0,0,0,1,0,0,0,1,0,0,0,1,0,0,0,1,0,0,0,1,0,0,0,1,0,0,0,1,0,0,0,1,0,0,0,1,0,0,0,1,0,0,0,1,0,0,0,1,0,0,0,1,0,0,0,1,0,0,0,1,0,0,0,1,0,0,0,1,0,0,0,1,0,0,0,1,0,0,0,1,0,0,0,1,0,0,0,1,0,0,0,1,0,0,0,1,0,0,0,1,0,0,0,1,0,0,0,1,0,0,0,1,0,0,0,1,0,0,0,1,0,0,0,1,0,0,0,1,0,0,0,1],"scl":[1,1,1,1,1,1,1,1,1,1,1,1,1,1,1,1,1,1,1,1,1,1,1,1,1,1,1,1,1,1,1,1,1,1,1,1,1,1,1,1,1,1,1,1,1,1,1,1,1,1,1,1,1,1,1,1,1,1,1,1,1,1,1,1,1,1,1,1,1,1,1,1,1,1,1,1,1,1,1,1,1,1,1,1,1,1,1,1,1,1,1,1,1,1,1,1,1,1,1,1,1,1,1,1,1,1,1,1,1,1,1]},
{"i":1,"pos":[0,46.5391,0,0,51.614,0.774957,0,56.2131,15.6743,0,60.8125,30.5742,0,65.4129,45.4751,0,75.812,52.4663,0,86.2109,59.457,0,98.5336,61.8852,0,110.854,64.3134,0,123.172,61.8828,0,135.488,59.4523,0,145.904,52.4507,0,156.32,45.4492,0,163.324,35.0464,0,170.328,24.643,0,172.733,12.3203,0,175.137,-0.00101185,0,172.723,-12.3108,0,170.309,-24.6211,0,163.391,-35.0848,0,156.472,-45.5493,0,145.964,-52.4922,0,135.457,-59.4337,0,123.181,-61.8651,0,110.861,-64.2969,0,98.4977,-61.8851,0,86.0898,-59.4736,0,75.7311,-52.5117,0,65.3718,-45.5493,0,58.4531,-35.0263,0,51.5351,-24.5039,0,49.0372,-12.2519,0,46.5391,0.0258789,0,48.9576,12.3298,0,51.376,24.6602,0,58.3945,35.0684,0,65.4141,45.4766],"rot":[0,0,0,1,-0.0630888,0,0,0.998008,-0.172052,0,0,0.985088,-0.278964,0,0,0.960302,-0.382534,0,0,0.923941,-0.471245,0,0,0.882002,-0.555419,0,0,0.83157,-0.634232,0,0,0.773143,-0.706945,0,0,0.707269,-0.772855,0,0,0.634582,-0.831328,0,0,0.555782,0.881799,0,-0,-0.471626,0.923779,0,-0,-0.382925,0.956865,0,-0,-0.290532,0.980736,0,-0,-0.195337,0.995161,0,-0,-0.0982586,1,0,-0,-0.000230626,0.995206,0,0,0.0978017,0.980824,0,0,0.194894,0.956994,0,0,0.290109,0.923943,0,0,0.382531,0.88199,0,0,0.471268,0.831541,0,0,0.555464,0.77308,0,0,0.634308,0.707172,0,0,0.707041,0.634453,0,0,0.772962,0.555622,0,0,0.831435,0.471442,0,0,0.881897,0.382722,0,0,0.923864,0.290318,0,0,0.95693,0.195122,0,0,0.980779,0.0980501,0,0,0.995182,3.85364E-05,0,0,1,-0.0979684,0,0,0.99519,-0.195027,0,0,0.980798,-0.290204,0,0,0.956965,-0.38258,0,0,0.923922],"scl":[1,1,1,1,1,1,1,1,1,1,1,1,1,1,1,1,1,1,1,1,1,1,1,1,1,1,1,1,1,1,1,1,1,1,1,1,1,1,1,1,1,1,1,1,1,1,1,1,1,1,1,1,1,1,1,1,1,1,1,1,1,1,1,1,1,1,1,1,1,1,1,1,1,1,1,1,1,1,1,1,1,1,1,1,1,1,1,1,1,1,1,1,1,1,1,1,1,1,1,1,1,1,1,1,1,1,1,1,1,1,1]},
{"i":2,"pos":[0,59.7598,0,0,59.7598,0,0,59.7598,0,0,59.7598,0,0,59.7598,0,0,59.7598,0,0,59.7598,0,0,59.7598,0,0,59.7598,0,0,59.7598,0,0,59.7598,0,0,59.7598,0,0,59.7598,0,0,59.7598,0,0,59.7598,0,0,59.7598,0,0,59.7598,0,0,59.7598,0,0,59.7598,0,0,59.7598,0,0,59.7598,0,0,59.7598,0,0,59.7598,0,0,59.7598,0,0,59.7598,0,0,59.7598,0,0,59.7598,0,0,59.7598,0,0,59.7598,0,0,59.7598,0,0,59.7598,0,0,59.7598,0,0,59.7598,0,0,59.7598,0,0,59.7598,0,0,59.7598,0,0,59.7598,0],"rot":[0,0,0,1,-0.104794,0,0,0.994494,-0.0699231,0,0,0.997552,-0.034966,0,0,0.999389,1.35601E-05,0,0,1,6.78003E-06,0,0,1,0,0,0,1,0,0,0,1,0,0,0,1,0,0,0,1,0,0,0,1,0,0,0,1,0,0,0,1,0,0,0,1,0,0,0,1,0,0,0,1,0,0,0,1,0,0,0,1,0,0,0,1,0,0,0,1,0,0,0,1,0,0,0,1,0,0,0,1,0,0,0,1,0,0,0,1,0,0,0,1,0,0,0,1,0,0,0,1,0,0,0,1,0,0,0,1,0,0,0,1,0,0,0,1,0,0,0,1,0,0,0,1,0,0,0,1,0,0,0,1,0,0,0,1],"scl":[1,1,1,1,1,1,1,1,1,1,1,1,1,1,1,1,1,1,1,1,1,1,1,1,1,1,1,1,1,1,1,1,1,1,1,1,1,1,1,1,1,1,1,1,1,1,1,1,1,1,1,1,1,1,1,1,1,1,1,1,1,1,1,1,1,1,1,1,1,1,1,1,1,1,1,1,1,1,1,1,1,1,1,1,1,1,1,1,1,1,1,1,1,1,1,1,1,1,1,1,1,1,1,1,1,1,1,1,1,1,1]},
{"i":3,"pos":[0,4.55994,0,0,4.55994,0,0,4.55994,0,0,4.55994,0,0,4.55994,0,0,4.55994,0,0,4.55994,0,0,4.55994,0,0,4.55994,0,0,4.55994,0,0,4.55994,0,0,4.55994,0,0,4.55994,0,0,4.55994,0,0,4.55994,0,0,4.55994,0,0,4.55994,0,0,4.55994,0,0,4.55994,0,0,4.55994,0,0,4.55994,0,0,4.55994,0,0,4.55994,0,0,4.55994,0,0,4.55994,0,0,4.55994,0,0,4.55994,0,0,4.55994,0,0,4.55994,0,0,4.55994,0,0,4.55994,0,0,4.55994,0,0,4.55994,0,0,4.55994,0,0,4.55994,0,0,4.55994,0,0,4.55994,0],"rot":[0,0,0,1,0,0,0,1,0,0,0,1,0,0,0,1,0,0,0,1,0,0,0,1,0,0,0,1,0,0,0,1,0,0,0,1,0,0,0,1,0,0,0,1,0,0,0,1,0,0,0,1,0,0,0,1,0,0,0,1,0,0,0,1,0,0,0,1,0,0,0,1,0,0,0,1,0,0,0,1,0,0,0,1,0,0,0,1,0,0,0,1,0,0,0,1,0,0,0,1,0,0,0,1,0,0,0,1,0,0,0,1,0,0,0,1,0,0,0,1,0,0,0,1,0,0,0,1,0,0,0,1,0,0,0,1,0,0,0,1,0,0,0,1,0,0,0,1],"scl":[1,1,1,1,1,1,1,1,1,1,1,1,1,1,1,1,1,1,1,1,1,1,1,1,1,1,1,1,1,1,1,1,1,1,1,1,1,1,1,1,1,1,1,1,1,1,1,1,1,1,1,1,1,1,1,1,1,1,1,1,1,1,1,1,1,1,1,1,1,1,1,1,1,1,1,1,1,1,1,1,1,1,1,1,1,1,1,1,1,1,1,1,1,1,1,1,1,1,1,1,1,1,1,1,1,1,1,1,1,1,1]},
{"i":4,"pos":[0,0,0,0,0,0,0,0,0,0,0,0,0,0,0,0,0,0,0,0,0,0,0,0,0,0,0,0,0,0,0,0,0,0,0,0,0,0,0,0,0,0,0,0,0,0,0,0,0,0,0,0,0,0,0,0,0,0,0,0,0,0,0,0,0,0,0,0,0,0,0,0,0,0,0,0,0,0,0,0,0,0,0,0,0,0,0,0,0,0,0,0,0,0,0,0,0,0,0,0,0,0,0,0,0,0,0,0,0,0,0],"rot":[0,0,0,1,0,0,0,1,0,0,0,1,0,0,0,1,0,0,0,1,0,0,0,1,0,0,0,1,0,0,0,1,0,0,0,1,0,0,0,1,0,0,0,1,0,0,0,1,0,0,0,1,0,0,0,1,0,0,0,1,0,0,0,1,0,0,0,1,0,0,0,1,0,0,0,1,0,0,0,1,0,0,0,1,0,0,0,1,0,0,0,1,0,0,0,1,0,0,0,1,0,0,0,1,0,0,0,1,0,0,0,1,0,0,0,1,0,0,0,1,0,0,0,1,0,0,0,1,0,0,0,1,0,0,0,1,0,0,0,1,0,0,0,1,0,0,0,1],"scl":[1,1,1,1,1,1,1,1,1,1,1,1,1,1,1,1,1,1,1,1,1,1,1,1,1,1,1,1,1,1,1,1,1,1,1,1,1,1,1,1,1,1,1,1,1,1,1,1,1,1,1,1,1,1,1,1,1,1,1,1,1,1,1,1,1,1,1,1,1,1,1,1,1,1,1,1,1,1,1,1,1,1,1,1,1,1,1,1,1,1,1,1,1,1,1,1,1,1,1,1,1,1,1,1,1,1,1,1,1,1,1]},
{"i":5,"pos":[0,18.5596,28.7998,0,18.5596,28.7998,0,18.5596,28.7998,0,18.5596,28.7998,0,18.5596,28.7998,0,18.5596,28.7998,0,18.5596,28.7998,0,18.5596,28.7998,0,18.5596,28.7998,0,18.5596,28.7998,0,18.5596,28.7998,0,18.5596,28.7998,0,18.5596,28.7998,0,18.5596,28.7998,0,18.5596,28.7998,0,18.5596,28.7998,0,18.5596,28.7998,0,18.5596,28.7998,0,18.5596,28.7998,0,18.5596,28.7998,0,18.5596,28.7998,0,18.5596,28.7998,0,18.5596,28.7998,0,18.5596,28.7998,0,18.5596,28.7998,0,18.5596,28.7998,0,18.5596,28.7998,0,18.5596,28.7998,0,18.5596,28.7998,0,18.5596,28.7998,0,18.5596,28.7998,0,18.5596,28.7998,0,18.5596,28.7998,0,18.5596,28.7998,0,18.5596,28.7998,0,18.5596,28.7998,0,18.5596,28.7998],"rot":[0,0,0,1,0,0,0,1,0,0,0,1,0,0,0,1,0,0,0,1,0,0,0,1,0,0,0,1,0,0,0,1,0,0,0,1,0,0,0,1,0,0,0,1,0,0,0,1,0,0,0,1,0,0,0,1,0,0,0,1,0,0,0,1,0,0,0,1,0,0,0,1,0,0,0,1,0,0,0,1,0,0,0,1,0,0,0,1,0,0,0,1,0,0,0,1,0,0,0,1,0,0,0,1,0,0,0,1,0,0,0,1,0,0,0,1,0,0,0,1,0,0,0,1,0,0,0,1,0,0,0,1,0,0,0,1,0,0,0,1,0,0,0,1,0,0,0,1],"scl":[1,1,1,1,1,1,1,1,1,1,1,1,1,1,1,1,1,1,1,1,1,1,1,1,1,1,1,1,1,1,1,1,1,1,1,1,1,1,1,1,1,1,1,1,1,1,1,1,1,1,1,1,1,1,1,1,1,1,1,1,1,1,1,1,1,1,1,1,1,1,1,1,1,1,1,1,1,1,1,1,1,1,1,1,1,1,1,1,1,1,1,1,1,1,1,1,1,1,1,1,1,1,1,1,1,1,1,1,1,1,1]},
{"i":6,"pos":[76.3516,4.55994,0,76.3516,4.55994,0,76.3516,4.55994,0,76.3516,4.55994,0,76.3516,4.55994,0,76.3516,4.55994,0,76.3516,4.55994,0,76.3516,4.55994,0,76.3516,4.55994,0,76.3516,4.55994,0,76.3516,4.55994,0,76.3516,4.55994,0,76.3516,4.55994,0,76.3516,4.55994,0,76.3516,4.55994,0,76.3516,4.55994,0,76.3516,4.55994,0,76.3516,4.55994,0,76.3516,4.55994,0,76.3516,4.55994,0,76.3516,4.55994,0,76.3516,4.55994,0,76.3516,4.55994,0,76.3516,4.55994,0,76.3516,4.55994,0,76.3516,4.55994,0,76.3516,4.55994,0,76.3516,4.55994,0,76.3516,4.55994,0,76.3516,4.55994,0,76.3516,4.55994,0,76.3516,4.55994,0,76.3516,4.55994,0,76.3516,4.55994,0,76.3516,4.55994,0,76.3516,4.55994,0,76.3516,4.55994,0],"rot":[0,0,0,1,0,0,0,1,0,0,0,1,0,0,0,1,0,0,0,1,0,0,0,1,0,0,0,1,0,0,0,1,0,0,0,1,0,0,0,1,0,0,0,1,0,0,0,1,0,0,0,1,0,0,0,1,0,0,0,1,0,0,0,1,0,0,0,1,0,0,0,1,0,0,0,1,0,0,0,1,0,0,0,1,0,0,0,1,0,0,0,1,0,0,0,1,0,0,0,1,0,0,0,1,0,0,0,1,0,0,0,1,0,0,0,1,0,0,0,1,0,0,0,1,0,0,0,1,0,0,0,1,0,0,0,1,0,0,0,1,0,0,0,1,0,0,0,1],"scl":[1,1,1,1,1,1,1,1,1,1,1,1,1,1,1,1,1,1,1,1,1,1,1,1,1,1,1,1,1,1,1,1,1,1,1,1,1,1,1,1,1,1,1,1,1,1,1,1,1,1,1,1,1,1,1,1,1,1,1,1,1,1,1,1,1,1,1,1,1,1,1,1,1,1,1,1,1,1,1,1,1,1,1,1,1,1,1,1,1,1,1,1,1,1,1,1,1,1,1,1,1,1,1,1,1,1,1,1,1,1,1]},
{"i":7,