{
"name":"pl0c00mot_g7s1_m0",
"frameCount":37,"fps":60,"rotFormat":"quat_xyzw",
"bones":[
{"i":0,"pos":[0,0,0,0,0,0,0,0,0,0,0,0,0,0,0,0,0,0,0,0,0,0,0,0,0,0,0,0,0,0,0,0,0,0,0,0,0,0,0,0,0,0,0,0,0,0,0,0,0,0,0,0,0,0,0,0,0,0,0,0,0,0,0,0,0,0,0,0,0,0,0,0,0,0,0,0,0,0,0,0,0,0,0,0,0,0,0,0,0,0,0,0,0,0,0,0,0,0,0,0,0,0,0,0,0,0,0,0,0,0,0],"rot":[0,0,0,1,0,0,0,1,0,0,0,1,0,0,0,1,0,0,0,1,0,0,0,1,0,0,0,1,0,0,0,1,0,0,0,1,0,0,0,1,0,0,0,1,0,0,0,1,0,0,0,1,0,0,0,1,0,0,0,1,0,0,0,1,0,0,0,1,0,0,0,1,0,0,0,1,0,0,0,1,0,0,0,1,0,0,0,1,0,0,0,1,0,0,0,1,0,0,0,1,0,0,0,1,0,0,0,1,0,0,0,1,0,0,0,1,0,0,0,1,0,0,0,1,0,0,0,1,0,0,0,1,0,0,0,1,0,0,0,1,0,0,0,1,0,0,0,1],"scl":[1,1,1,1,1,1,1,1,1,1,1,1,1,1,1,1,1,1,1,1,1,1,1,1,1,1,1,1,1,1,1,1,1,1,1,1,1,1,1,1,1,1,1,1,1,1,1,1,1,1,1,1,1,1,1,1,1,1,1,1,1,1,1,1,1,1,1,1,1,1,1,1,1,1,1,1,1,1,1,1,1,1,1,1,1,1,1,1,1,1,1,1,1,1,1,1,1,1,1,1,1,1,1,1,1,1,1,1,1,1,1]},
{"i":1,"pos":[0,46.5391,0,0,51.614,-0.774812,0,56.2131,-15.6725,0,60.8125,-30.5703,0,65.4129,-45.4695,0,75.812,-52.4595,0,86.2109,-59.4492,0,98.5336,-61.8782,0,110.854,-64.308,0,123.172,-61.8789,0,135.488,-59.4484,0,145.904,-52.4468,0,156.32,-45.4453,0,163.324,-35.0438,0,170.328,-24.6418,0,172.733,-12.3203,0,175.137,-0.000217915,0,172.723,12.3082,0,170.309,24.6172,0,163.391,35.0794,0,156.472,45.5423,0,145.964,52.4844,0,135.457,59.4267,0,123.181,61.8604,0,110.861,64.293,0,98.4977,61.88,0,86.0898,59.4664,0,75.7311,52.5039,0,65.3718,45.5422,0,58.4531,35.0209,0,51.5351,24.5,0,49.0372,12.2495,0,46.5391,-0.0273438,0,48.9576,-12.3306,0,51.376,-24.6602,0,58.3945,-35.0664,0,65.4141,-45.4727],"rot":[0,0,0,1,0.0630955,0,0,0.998007,0.172056,0,0,0.985087,0.278964,0,0,0.960302,0.382563,0,0,0.923929,0.471325,0,0,0.881959,0.555521,0,0,0.831503,0.634337,0,0,0.773057,0.707047,0,0,0.707166,0.772951,0,0,0.634465,0.831414,0,0,0.555653,0.881872,0,0,0.471489,0.923838,0,0,0.382783,0.956909,0,0,0.290389,0.980764,0,0,0.195198,0.995174,0,0,0.098125,1,0,0,0.000106291,0.995195,0,-0,-0.0979144,0.980805,0,-0,-0.194993,0.956968,0,-0,-0.290194,0.923914,0,-0,-0.3826,0.881962,0,-0,-0.471321,-0.831514,0,0,0.555503,-0.773059,0,0,0.634334,-0.707157,0,0,0.707056,-0.634446,0,0,0.772967,-0.555624,0,0,0.831433,-0.471452,0,0,0.881892,-0.382741,0,0,0.923856,-0.290344,0,0,0.956922,-0.195152,0,0,0.980773,-0.0980831,0,0,0.995178,-7.14382E-05,0,0,1,0.097939,0,0,0.995192,0.195004,0,0,0.980802,0.290191,0,0,0.956969,0.38258,0,0,0.923922],"scl":[1,1,1,1,1,1,1,1,1,1,1,1,1,1,1,1,1,1,1,1,1,1,1,1,1,1,1,1,1,1,1,1,1,1,1,1,1,1,1,1,1,1,1,1,1,1,1,1,1,1,1,1,1,1,1,1,1,1,1,1,1,1,1,1,1,1,1,1,1,1,1,1,1,1,1,1,1,1,1,1,1,1,1,1,1,1,1,1,1,1,1,1,1,1,1,1,1,1,1,1,1,1,1,1,1,1,1,1,1,1,1]},
{"i":2,"pos":[0,59.7598,0,0,59.7598,0,0,59.7598,0,0,59.7598,0,0,59.7598,0,0,59.7598,0,0,59.7598,0,0,59.7598,0,0,59.7598,0,0,59.7598,0,0,59.7598,0,0,59.7598,0,0,59.7598,0,0,59.7598,0,0,59.7598,0,0,59.7598,0,0,59.7598,0,0,59.7598,0,0,59.7598,0,0,59.7598,0,0,59.7598,0,0,59.7598,0,0,59.7598,0,0,59.7598,0,0,59.7598,0,0,59.7598,0,0,59.7598,0,0,59.7598,0,0,59.7598,0,0,59.7598,0,0,59.7598,0,0,59.7598,0,0,59.7598,0,0,59.7598,0,0,59.7598,0,0,59.7598,0,0,59.7598,0],"rot":[0,0,0,1,0.104785,0,0,0.994495,0.0699276,0,0,0.997552,0.0349813,0,0,0.999388,-2.25753E-06,0,0,1,-2.82377E-06,0,0,1,0,0,0,1,0,0,0,1,0,0,0,1,0,0,0,1,0,0,0,1,0,0,0,1,0,0,0,1,0,0,0,1,0,0,0,1,0,0,0,1,0,0,0,1,0,0,0,1,0,0,0,1,0,0,0,1,0,0,0,1,0,0,0,1,0,0,0,1,0,0,0,1,0,0,0,1,0,0,0,1,0,0,0,1,0,0,0,1,0,0,0,1,0,0,0,1,0,0,0,1,0,0,0,1,0,0,0,1,0,0,0,1,0,0,0,1,0,0,0,1,0,0,0,1],"scl":[1,1,1,1,1,1,1,1,1,1,1,1,1,1,1,1,1,1,1,1,1,1,1,1,1,1,1,1,1,1,1,1,1,1,1,1,1,1,1,1,1,1,1,1,1,1,1,1,1,1,1,1,1,1,1,1,1,1,1,1,1,1,1,1,1,1,1,1,1,1,1,1,1,1,1,1,1,1,1,1,1,1,1,1,1,1,1,1,1,1,1,1,1,1,1,1,1,1,1,1,1,1,1,1,1,1,1,1,1,1,1]},
{"i":3,"pos":[0,4.55994,0,0,4.55994,0,0,4.55994,0,0,4.55994,0,0,4.55994,0,0,4.55994,0,0,4.55994,0,0,4.55994,0,0,4.55994,0,0,4.55994,0,0,4.55994,0,0,4.55994,0,0,4.55994,0,0,4.55994,0,0,4.55994,0,0,4.55994,0,0,4.55994,0,0,4.55994,0,0,4.55994,0,0,4.55994,0,0,4.55994,0,0,4.55994,0,0,4.55994,0,0,4.55994,0,0,4.55994,0,0,4.55994,0,0,4.55994,0,0,4.55994,0,0,4.55994,0,0,4.55994,0,0,4.55994,0,0,4.55994,0,0,4.55994,0,0,4.55994,0,0,4.55994,0,0,4.55994,0,0,4.55994,0],"rot":[0,0,0,1,0,0,0,1,0,0,0,1,0,0,0,1,0,0,0,1,0,0,0,1,0,0,0,1,0,0,0,1,0,0,0,1,0,0,0,1,0,0,0,1,0,0,0,1,0,0,0,1,0,0,0,1,0,0,0,1,0,0,0,1,0,0,0,1,0,0,0,1,0,0,0,1,0,0,0,1,0,0,0,1,0,0,0,1,0,0,0,1,0,0,0,1,0,0,0,1,0,0,0,1,0,0,0,1,0,0,0,1,0,0,0,1,0,0,0,1,0,0,0,1,0,0,0,1,0,0,0,1,0,0,0,1,0,0,0,1,0,0,0,1,0,0,0,1],"scl":[1,1,1,1,1,1,1,1,1,1,1,1,1,1,1,1,1,1,1,1,1,1,1,1,1,1,1,1,1,1,1,1,1,1,1,1,1,1,1,1,1,1,1,1,1,1,1,1,1,1,1,1,1,1,1,1,1,1,1,1,1,1,1,1,1,1,1,1,1,1,1,1,1,1,1,1,1,1,1,1,1,1,1,1,1,1,1,1,1,1,1,1,1,1,1,1,1,1,1,1,1,1,1,1,1,1,1,1,1,1,1]},
{"i":4,"pos":[0,0,0,0,0,0,0,0,0,0,0,0,0,0,0,0,0,0,0,0,0,0,0,0,0,0,0,0,0,0,0,0,0,0,0,0,0,0,0,0,0,0,0,0,0,0,0,0,0,0,0,0,0,0,0,0,0,0,0,0,0,0,0,0,0,0,0,0,0,0,0,0,0,0,0,0,0,0,0,0,0,0,0,0,0,0,0,0,0,0,0,0,0,0,0,0,0,0,0,0,0,0,0,0,0,0,0,0,0,0,0],"rot":[0,0,0,1,0,0,0,1,0,0,0,1,0,0,0,1,0,0,0,1,0,0,0,1,0,0,0,1,0,0,0,1,0,0,0,1,0,0,0,1,0,0,0,1,0,0,0,1,0,0,0,1,0,0,0,1,0,0,0,1,0,0,0,1,0,0,0,1,0,0,0,1,0,0,0,1,0,0,0,1,0,0,0,1,0,0,0,1,0,0,0,1,0,0,0,1,0,0,0,1,0,0,0,1,0,0,0,1,0,0,0,1,0,0,0,1,0,0,0,1,0,0,0,1,0,0,0,1,0,0,0,1,0,0,0,1,0,0,0,1,0,0,0,1,0,0,0,1],"scl":[1,1,1,1,1,1,1,1,1,1,1,1,1,1,1,1,1,1,1,1,1,1,1,1,1,1,1,1,1,1,1,1,1,1,1,1,1,1,1,1,1,1,1,1,1,1,1,1,1,1,1,1,1,1,1,1,1,1,1,1,1,1,1,1,1,1,1,1,1,1,1,1,1,1,1,1,1,1,1,1,1,1,1,1,1,1,1,1,1,1,1,1,1,1,1,1,1,1,1,1,1,1,1,1,1,1,1,1,1,1,1]},
{"i":5,"pos":[0,18.5596,28.7998,0,18.5596,28.7998,0,18.5596,28.7998,0,18.5596,28.7998,0,18.5596,28.7998,0,18.5596,28.7998,0,18.5596,28.7998,0,18.5596,28.7998,0,18.5596,28.7998,0,18.5596,28.7998,0,18.5596,28.7998,0,18.5596,28.7998,0,18.5596,28.7998,0,18.5596,28.7998,0,18.5596,28.7998,0,18.5596,28.7998,0,18.5596,28.7998,0,18.5596,28.7998,0,18.5596,28.7998,0,18.5596,28.7998,0,18.5596,28.7998,0,18.5596,28.7998,0,18.5596,28.7998,0,18.5596,28.7998,0,18.5596,28.7998,0,18.5596,28.7998,0,18.5596,28.7998,0,18.5596,28.7998,0,18.5596,28.7998,0,18.5596,28.7998,0,18.5596,28.7998,0,18.5596,28.7998,0,18.5596,28.7998,0,18.5596,28.7998,0,18.5596,28.7998,0,18.5596,28.7998,0,18.5596,28.7998],"rot":[0,0,0,1,0,0,0,1,0,0,0,1,0,0,0,1,0,0,0,1,0,0,0,1,0,0,0,1,0,0,0,1,0,0,0,1,0,0,0,1,0,0,0,1,0,0,0,1,0,0,0,1,0,0,0,1,0,0,0,1,0,0,0,1,0,0,0,1,0,0,0,1,0,0,0,1,0,0,0,1,0,0,0,1,0,0,0,1,0,0,0,1,0,0,0,1,0,0,0,1,0,0,0,1,0,0,0,1,0,0,0,1,0,0,0,1,0,0,0,1,0,0,0,1,0,0,0,1,0,0,0,1,0,0,0,1,0,0,0,1,0,0,0,1,0,0,0,1],"scl":[1,1,1,1,1,1,1,1,1,1,1,1,1,1,1,1,1,1,1,1,1,1,1,1,1,1,1,1,1,1,1,1,1,1,1,1,1,1,1,1,1,1,1,1,1,1,1,1,1,1,1,1,1,1,1,1,1,1,1,1,1,1,1,1,1,1,1,1,1,1,1,1,1,1,1,1,1,1,1,1,1,1,1,1,1,1,1,1,1,1,1,1,1,1,1,1,1,1,1,1,1,1,1,1,1,1,1,1,1,1,1]},
{"i":6,"pos":[76.3516,4.55994,0,76.3516,4.55994,0,76.3516,4.55994,0,76.3516,4.55994,0,76.3516,4.55994,0,76.3516,4.55994,0,76.3516,4.55994,0,76.3516,4.55994,0,76.3516,4.55994,0,76.3516,4.55994,0,76.3516,4.55994,0,76.3516,4.55994,0,76.3516,4.55994,0,76.3516,4.55994,0,76.3516,4.55994,0,76.3516,4.55994,0,76.3516,4.55994,0,76.3516,4.55994,0,76.3516,4.55994,0,76.3516,4.55994,0,76.3516,4.55994,0,76.3516,4.55994,0,76.3516,4.55994,0,76.3516,4.55994,0,76.3516,4.55994,0,76.3516,4.55994,0,76.3516,4.55994,0,76.3516,4.55994,0,76.3516,4.55994,0,76.3516,4.55994,0,76.3516,4.55994,0,76.3516,4.55994,0,76.3516,4.55994,0,76.3516,4.55994,0,76.3516,4.55994,0,76.3516,4.55994,0,76.3516,4.55994,0],"rot":[0,0,0,1,0,0,0,1,0,0,0,1,0,0,0,1,0,0,0,1,0,0,0,1,0,0,0,1,0,0,0,1,0,0,0,1,0,0,0,1,0,0,0,1,0,0,0,1,0,0,0,1,0,0,0,1,0,0,0,1,0,0,0,1,0,0,0,1,0,0,0,1,0,0,0,1,0,0,0,1,0,0,0,1,0,0,0,1,0,0,0,1,0,0,0,1,0,0,0,1,0,0,0,1,0,0,0,1,0,0,0,1,0,0,0,1,0,0,0,1,0,0,0,1,0,0,0,1,0,0,0,1,0,0,0,1,0,0,0,1,0,0,0,1,0,0,0,1],"scl":[1,1,1,1,1,1,1,1,1,1,1,1,1,1,1,1,1,1,1,1,1,1,1,1,1,1,1,1,1,1,1,1,1,1,1,1,1,1,1,1,1,1,1,1,1,1,1,1,1,1,1,1,1,1,1,1,1,1,1,1,1,1,1,1,1,1,1,1,1,1,1,1,1,1,1,1,1,1,1,1,1,1,1,1,1,1,1,1,1,1,1,1,1,1,1,1,1,1,1,1,1,1,1,1,1,1,1,1,1,1,1]},
{"i":7,