{
"name":"pl0c00mot_g0s1_m0",
"frameCount":31,"fps":60,"rotFormat":"quat_xyzw",
"bones":[
{"i":0,"pos":[0,0,0,0,0,0,0,0,0,0,0,0,0,0,0,0,0,0,0,0,0,0,0,0,0,0,0,0,0,0,0,0,0,0,0,0,0,0,0,0,0,0,0,0,0,0,0,0,0,0,0,0,0,0,0,0,0,0,0,0,0,0,0,0,0,0,0,0,0,0,0,0,0,0,0,0,0,0,0,0,0,0,0,0,0,0,0,0,0,0,0,0,0],"rot":[0,0,0,1,0,0,0,1,0,0,0,1,0,0,0,1,0,0,0,1,0,0,0,1,0,0,0,1,0,0,0,1,0,0,0,1,0,0,0,1,0,0,0,1,0,0,0,1,0,0,0,1,0,0,0,1,0,0,0,1,0,0,0,1,0,0,0,1,0,0,0,1,0,0,0,1,0,0,0,1,0,0,0,1,0,0,0,1,0,0,0,1,0,0,0,1,0,0,0,1,0,0,0,1,0,0,0,1,0,0,0,1,0,0,0,1,0,0,0,1,0,0,0,1],"scl":[1,1,1,1,1,1,1,1,1,1,1,1,1,1,1,1,1,1,1,1,1,1,1,1,1,1,1,1,1,1,1,1,1,1,1,1,1,1,1,1,1,1,1,1,1,1,1,1,1,1,1,1,1,1,1,1,1,1,1,1,1,1,1,1,1,1,1,1,1,1,1,1,1,1,1,1,1,1,1,1,1,1,1,1,1,1,1,1,1,1,1,1,1]},
{"i":1,"pos":[0,47.0391,0,0,46.9961,0,0,46.8828,0,0,46.7227,0,0,46.5391,0,0,46.3555,0,0,46.1953,0,0,46.082,0,0,46.0391,0,0,46.0945,0,0,46.2373,0,0,46.4326,0,0,46.6455,0,0,46.8408,0,0,46.9837,0,0,47.0391,0,0,46.9961,0,0,46.8828,0,0,46.7227,0,0,46.5391,0,0,46.3555,0,0,46.1953,0,0,46.082,0,0,46.0391,0,0,46.0945,0,0,46.2373,0,0,46.4326,0,0,46.6455,0,0,46.8408,0,0,46.9837,0,0,47.0391,0],"rot":[0,0,0,1,0,0,0,1,0,0,0,1,0,0,0,1,0,0,0,1,0,0,0,1,0,0,0,1,0,0,0,1,0,0,0,1,0,0,0,1,0,0,0,1,0,0,0,1,0,0,0,1,0,0,0,1,0,0,0,1,0,0,0,1,0,0,0,1,0,0,0,1,0,0,0,1,0,0,0,1,0,0,0,1,0,0,0,1,0,0,0,1,0,0,0,1,0,0,0,1,0,0,0,1,0,0,0,1,0,0,0,1,0,0,0,1,0,0,0,1,0,0,0,1],"scl":[1,1,1,1,1,1,1,1,1,1,1,1,1,1,1,1,1,1,1,1,1,1,1,1,1,1,1,1,1,1,1,1,1,1,1,1,1,1,1,1,1,1,1,1,1,1,1,1,1,1,1,1,1,1,1,1,1,1,1,1,1,1,1,1,1,1,1,1,1,1,1,1,1,1,1,1,1,1,1,1,1,1,1,1,1,1,1,1,1,1,1,1,1]},
{"i":2,"pos":[0,59.7598,0,0,59.7598,0,0,59.7598,0,0,59.7598,0,0,59.7598,0,0,59.7598,0,0,59.7598,0,0,59.7598,0,0,59.7598,0,0,59.7598,0,0,59.7598,0,0,59.7598,0,0,59.7598,0,0,59.7598,0,0,59.7598,0,0,59.7598,0,0,59.7598,0,0,59.7598,0,0,59.7598,0,0,59.7598,0,0,59.7598,0,0,59.7598,0,0,59.7598,0,0,59.7598,0,0,59.7598,0,0,59.7598,0,0,59.7598,0,0,59.7598,0,0,59.7598,0,0,59.7598,0,0,59.7598,0],"rot":[0,0,0,1,-0.000545415,0,0,1,-0.00109083,0,0,0.999999,-0.00163625,0,0,0.999999,-0.00218166,0,0,0.999998,-0.00163625,0,0,0.999999,-0.00109083,0,0,0.999999,-0.000545415,0,0,1,0,0,0,1,0.00072722,0,0,1,0.00145444,0,0,0.999999,0.00218166,0,0,0.999998,0.00163625,0,0,0.999999,0.00109083,0,0,0.999999,0.000545415,0,0,1,0,0,0,1,-0.000545415,0,0,1,-0.00109083,0,0,0.999999,-0.00163625,0,0,0.999999,-0.00218166,0,0,0.999998,-0.00163625,0,0,0.999999,-0.00109083,0,0,0.999999,-0.000545415,0,0,1,0,0,0,1,0.00072722,0,0,1,0.00145444,0,0,0.999999,0.00218166,0,0,0.999998,0.00163625,0,0,0.999999,0.00109083,0,0,0.999999,0.000545415,0,0,1,0,0,0,1],"scl":[1,1,1,1,1,1,1,1,1,1,1,1,1,1,1,1,1,1,1,1,1,1,1,1,1,1,1,1,1,1,1,1,1,1,1,1,1,1,1,1,1,1,1,1,1,1,1,1,1,1,1,1,1,1,1,1,1,1,1,1,1,1,1,1,1,1,1,1,1,1,1,1,1,1,1,1,1,1,1,1,1,1,1,1,1,1,1,1,1,1,1,1,1]},
{"i":3,"pos":[0,4.55994,0,0,4.55994,0,0,4.55994,0,0,4.55994,0,0,4.55994,0,0,4.55994,0,0,4.55994,0,0,4.55994,0,0,4.55994,0,0,4.55994,0,0,4.55994,0,0,4.55994,0,0,4.55994,0,0,4.55994,0,0,4.55994,0,0,4.55994,0,0,4.55994,0,0,4.55994,0,0,4.55994,0,0,4.55994,0,0,4.55994,0,0,4.55994,0,0,4.55994,0,0,4.55994,0,0,4.55994,0,0,4.55994,0,0,4.55994,0,0,4.55994,0,0,4.55994,0,0,4.55994,0,0,4.55994,0],"rot":[0,0,0,1,0,0,0,1,0,0,0,1,0,0,0,1,0,0,0,1,0,0,0,1,0,0,0,1,0,0,0,1,0,0,0,1,0,0,0,1,0,0,0,1,0,0,0,1,0,0,0,1,0,0,0,1,0,0,0,1,0,0,0,1,0,0,0,1,0,0,0,1,0,0,0,1,0,0,0,1,0,0,0,1,0,0,0,1,0,0,0,1,0,0,0,1,0,0,0,1,0,0,0,1,0,0,0,1,0,0,0,1,0,0,0,1,0,0,0,1,0,0,0,1],"scl":[1,1,1,1,1,1,1,1,1,1,1,1,1,1,1,1,1,1,1,1,1,1,1,1,1,1,1,1,1,1,1,1,1,1,1,1,1,1,1,1,1,1,1,1,1,1,1,1,1,1,1,1,1,1,1,1,1,1,1,1,1,1,1,1,1,1,1,1,1,1,1,1,1,1,1,1,1,1,1,1,1,1,1,1,1,1,1,1,1,1,1,1,1]},
{"i":4,"pos":[0,0,0,0,0,0,0,0,0,0,0,0,0,0,0,0,0,0,0,0,0,0,0,0,0,0,0,0,0,0,0,0,0,0,0,0,0,0,0,0,0,0,0,0,0,0,0,0,0,0,0,0,0,0,0,0,0,0,0,0,0,0,0,0,0,0,0,0,0,0,0,0,0,0,0,0,0,0,0,0,0,0,0,0,0,0,0,0,0,0,0,0,0],"rot":[0,0,0,1,0,0,0,1,0,0,0,1,0,0,0,1,0,0,0,1,0,0,0,1,0,0,0,1,0,0,0,1,0,0,0,1,0,0,0,1,0,0,0,1,0,0,0,1,0,0,0,1,0,0,0,1,0,0,0,1,0,0,0,1,0,0,0,1,0,0,0,1,0,0,0,1,0,0,0,1,0,0,0,1,0,0,0,1,0,0,0,1,0,0,0,1,0,0,0,1,0,0,0,1,0,0,0,1,0,0,0,1,0,0,0,1,0,0,0,1,0,0,0,1],"scl":[1,1,1,1,1,1,1,1,1,1,1,1,1,1,1,1,1,1,1,1,1,1,1,1,1,1,1,1,1,1,1,1,1,1,1,1,1,1,1,1,1,1,1,1,1,1,1,1,1,1,1,1,1,1,1,1,1,1,1,1,1,1,1,1,1,1,1,1,1,1,1,1,1,1,1,1,1,1,1,1,1,1,1,1,1,1,1,1,1,1,1,1,1]},
{"i":5,"pos":[0,18.5596,28.7998,0,18.5596,28.7998,0,18.5596,28.7998,0,18.5596,28.7998,0,18.5596,28.7998,0,18.5596,28.7998,0,18.5596,28.7998,0,18.5596,28.7998,0,18.5596,28.7998,0,18.5596,28.7998,0,18.5596,28.7998,0,18.5596,28.7998,0,18.5596,28.7998,0,18.5596,28.7998,0,18.5596,28.7998,0,18.5596,28.7998,0,18.5596,28.7998,0,18.5596,28.7998,0,18.5596,28.7998,0,18.5596,28.7998,0,18.5596,28.7998,0,18.5596,28.7998,0,18.5596,28.7998,0,18.5596,28.7998,0,18.5596,28.7998,0,18.5596,28.7998,0,18.5596,28.7998,0,18.5596,28.7998,0,18.5596,28.7998,0,18.5596,28.7998,0,18.5596,28.7998],"rot":[0,0,0,1,0,0,0,1,0,0,0,1,0,0,0,1,0,0,0,1,0,0,0,1,0,0,0,1,0,0,0,1,0,0,0,1,0,0,0,1,0,0,0,1,0,0,0,1,0,0,0,1,0,0,0,1,0,0,0,1,0,0,0,1,0,0,0,1,0,0,0,1,0,0,0,1,0,0,0,1,0,0,0,1,0,0,0,1,0,0,0,1,0,0,0,1,0,0,0,1,0,0,0,1,0,0,0,1,0,0,0,1,0,0,0,1,0,0,0,1,0,0,0,1],"scl":[1,1,1,1,1,1,1,1,1,1,1,1,1,1,1,1,1,1,1,1,1,1,1,1,1,1,1,1,1,1,1,1,1,1,1,1,1,1,1,1,1,1,1,1,1,1,1,1,1,1,1,1,1,1,1,1,1,1,1,1,1,1,1,1,1,1,1,1,1,1,1,1,1,1,1,1,1,1,1,1,1,1,1,1,1,1,1,1,1,1,1,1,1]},
{"i":6,"pos":[76.3516,4.55994,0,76.3516,4.55994,0,76.3516,4.55994,0,76.3516,4.55994,0,76.3516,4.55994,0,76.3516,4.55994,0,76.3516,4.55994,0,76.3516,4.55994,0,76.3516,4.55994,0,76.3516,4.55994,0,76.3516,4.55994,0,76.3516,4.55994,0,76.3516,4.55994,0,76.3516,4.55994,0,76.3516,4.55994,0,76.3516,4.55994,0,76.3516,4.55994,0,76.3516,4.55994,0,76.3516,4.55994,0,76.3516,4.55994,0,76.3516,4.55994,0,76.3516,4.55994,0,76.3516,4.55994,0,76.3516,4.55994,0,76.3516,4.55994,0,76.3516,4.55994,0,76.3516,4.55994,0,76.3516,4.55994,0,76.3516,4.55994,0,76.3516,4.55994,0,76.3516,4.55994,0],"rot":[0,0,0,1,0,0,0,1,0,0,0,1,0,0,0,1,0,0,0,1,0,0,0,1,0,0,0,1,0,0,0,1,0,0,0,1,0,0,0,1,0,0,0,1,0,0,0,1,0,0,0,1,0,0,0,1,0,0,0,1,0,0,0,1,0,0,0,1,0,0,0,1,0,0,0,1,0,0,0,1,0,0,0,1,0,0,0,1,0,0,0,1,0,0,0,1,0,0,0,1,0,0,0,1,0,0,0,1,0,0,0,1,0,0,0,1,0,0,0,1,0,0,0,1],"scl":[1,1,1,1,1,1,1,1,1,1,1,1,1,1,1,1,1,1,1,1,1,1,1,1,1,1,1,1,1,1,1,1,1,1,1,1,1,1,1,1,1,1,1,1,1,1,1,1,1,1,1,1,1,1,1,1,1,1,1,1,1,1,1,1,1,1,1,1,1,1,1,1,1,1,1,1,1,1,1,1,1,1,1,1,1,1,1,1,1,1,1,1,1]},
{"i":7,"pos":[9.47192,0,0,9.47192,0,0,9.47192,0,0,9.47192,0,0,9.47192,0,0,9.47192,0,0,9.47192,0,0,9.47192,0,0,9.47192,0,0,9.47192,0,0,9.47192,0,0,9.47192,0,0,9.47192,0,0,9.47192,0,0,9.47192,0,0,9.47192,0,0,9.47192,0,0,9.47192,0,0,9.47192,0,0,9.47192,0,0,9.47192,0,0,9.47192,0,0,9.47192,0,0,9.47192,0,0,9.47192,0,0,9.47192,0,0,9.47192,0,0,9.47192,0,0,9.47192,0,0,9.47192,0,0,9.47192,0,0],"rot":[0,0,0,1,0,0,0,1,0,0,0,1,0,0,0,1,0,0,0,1,0,0,0,1,0,0,0,1,0,0,0,1,0,0,0,1,0,0,0,1,0,0,0,1,0,0,0,1,0,0,0,1,0,0,0,1,0,0,0,1,0,0,0,1,0,0,0,1,0,0,0,1,0,0,0,1,0,0,0,1,0,0,0,1,0,0,0,1,0,0,0,1,0,0,0,1,0,0,0,1,0,0,0,1,0,0,0,1,0,0,0,1,0,0,0,1,0,0,0,1,0,0,0,1],"scl":[1,1,1,1,1,1,1,1,1,1,1,1,1,1,1,1,1,1,1,1,1,1,1,1,1,1,1,1,1,1,1,1,1,1,1,1,1,1,1,1,1,1,1,1,1,1,1,1,1,1,1,1,1,1,1,1,1,1,1,1,1,1,1,1,1,1,1,1,1,1,1,1,1,1,1,1,1,1,1,1,1,1,1,1,1,1,1,1,1,1,1,1,1]},
{"i":8,"pos":[-76.3516,4.55994,0,-76.3516,4.55994,0,-76.3516,4.55994,0,-76.3516,4.55994,0,-76.3516,4.55994,0,-76.3516,4.55994,0,-76.3516,4.55994,0,-76.3516,4.55994,0,-76.3516,4.55994,0,-76.3516,4.55994,0,-76.3516,4.55994,0,-76.3516,4.55994,0,-76.3516,4.55994,0,-76.3516,4.55994,0,-76.3516,4.55994,0,-76.3516,4.55994,0,-76.3516,4.55994,0,-76.3516,4.55994,0,-76.3516,4.55994,0,-76.3516,4.55994,0,-76.3516,4.55994,0,-76.3516,4.55994,0,-76.3516,4.55994,0,-76.3516,4.55994,0,-76.3516,4.55994,0,-76.3516,4.55994,0,-76.3516,4.55994,0,-76.3516,4.55994,0,-76.3516,4.55994,0,-76.3516,4.55994,0,-76.3516,4.55994,0],