{
"name":"pl0c00mot_g0s6_m0",
"frameCount":19,"fps":60,"rotFormat":"quat_xyzw",
"bones":[
{"i":0,"pos":[0,0,0,0,0,0,0,0,0,0,0,0,0,0,0,0,0,0,0,0,0,0,0,0,0,0,0,0,0,0,0,0,0,0,0,0,0,0,0,0,0,0,0,0,0,0,0,0,0,0,0,0,0,0,0,0,0],"rot":[0,0,0,1,0,0,0,1,0,0,0,1,0,0,0,1,0,0,0,1,0,0,0,1,0,0,0,1,0,0,0,1,0,0,0,1,0,0,0,1,0,0,0,1,0,0,0,1,0,0,0,1,0,0,0,1,0,0,0,1,0,0,0,1,0,0,0,1,0,0,0,1,0,0,0,1],"scl":[1,1,1,1,1,1,1,1,1,1,1,1,1,1,1,1,1,1,1,1,1,1,1,1,1,1,1,1,1,1,1,1,1,1,1,1,1,1,1,1,1,1,1,1,1,1,1,1,1,1,1,1,1,1,1,1,1]},
{"i":1,"pos":[0,46.5166,0,0,45.9941,0,0,45.4717,0,0,44.9492,0,0,44.4268,0,0,43.9043,0,0,43.3818,0,0,42.8594,0,0,42.3369,0,0,42.5072,0,0,42.6775,0,0,42.8479,0,0,43.0182,0,0,43.1885,0,0,43.3588,0,0,43.5291,0,0,43.6994,0,0,43.8697,0,0,44.04,0],"rot":[0.000137329,0,0,1,0.000291612,0,0,1,0.000730726,0,0,1,0.00141907,0,0,0.999999,0.00232103,0,0,0.999997,0.00340101,0,0,0.999994,0.0046234,0,0,0.999989,0.00595259,0,0,0.999982,0.00735297,0,0,0.999973,0.00878895,0,0,0.999961,0.0102249,0,0,0.999948,0.0116252,0,0,0.999932,0.0129543,0,0,0.999916,0.0141766,0,0,0.9999,0.0152565,0,0,0.999884,0.0161584,0,0,0.999869,0.0168466,0,0,0.999858,0.0172857,0,0,0.999851,0.0174399,0,0,0.999848],"scl":[1,1,1,1,1,1,1,1,1,1,1,1,1,1,1,1,1,1,1,1,1,1,1,1,1,1,1,1,1,1,1,1,1,1,1,1,1,1,1,1,1,1,1,1,1,1,1,1,1,1,1,1,1,1,1,1,1]},
{"i":2,"pos":[0,59.7598,0,0,59.7598,0,0,59.7598,0,0,59.7598,0,0,59.7598,0,0,59.7598,0,0,59.7598,0,0,59.7598,0,0,59.7598,0,0,59.7598,0,0,59.7598,0,0,59.7598,0,0,59.7598,0,0,59.7598,0,0,59.7598,0,0,59.7598,0,0,59.7598,0,0,59.7598,0,0,59.7598,0],"rot":[-0.00372314,0,0,0.999993,-0.00747674,0,0,0.999972,-0.0112302,0,0,0.999937,-0.0149836,0,0,0.999888,-0.0129879,0,0,0.999916,-0.0109922,0,0,0.99994,-0.00899646,0,0,0.99996,-0.00700067,0,0,0.999976,-0.00500486,0,0,0.999987,-0.00300903,0,0,0.999995,-0.00101318,0,0,0.999999,0.000982666,0,0,1,0.00297851,0,0,0.999996,0.00497434,0,0,0.999988,0.00697626,0,0,0.999976,0.00897815,0,0,0.99996,0.01098,0,0,0.99994,0.0129818,0,0,0.999916,0.0149836,0,0,0.999888],"scl":[1,1,1,1,1,1,1,1,1,1,1,1,1,1,1,1,1,1,1,1,1,1,1,1,1,1,1,1,1,1,1,1,1,1,1,1,1,1,1,1,1,1,1,1,1,1,1,1,1,1,1,1,1,1,1,1,1]},
{"i":3,"pos":[0,4.55994,0,0,4.55994,0,0,4.55994,0,0,4.55994,0,0,4.55994,0,0,4.55994,0,0,4.55994,0,0,4.55994,0,0,4.55994,0,0,4.55994,0,0,4.55994,0,0,4.55994,0,0,4.55994,0,0,4.55994,0,0,4.55994,0,0,4.55994,0,0,4.55994,0,0,4.55994,0,0,4.55994,0],"rot":[0,0,0,1,0,0,0,1,0,0,0,1,0,0,0,1,0,0,0,1,0,0,0,1,0,0,0,1,0,0,0,1,0,0,0,1,0,0,0,1,0,0,0,1,0,0,0,1,0,0,0,1,0,0,0,1,0,0,0,1,0,0,0,1,0,0,0,1,0,0,0,1,0,0,0,1],"scl":[1,1,1,1,1,1,1,1,1,1,1,1,1,1,1,1,1,1,1,1,1,1,1,1,1,1,1,1,1,1,1,1,1,1,1,1,1,1,1,1,1,1,1,1,1,1,1,1,1,1,1,1,1,1,1,1,1]},
{"i":4,"pos":[0,0,0,0,0,0,0,0,0,0,0,0,0,0,0,0,0,0,0,0,0,0,0,0,0,0,0,0,0,0,0,0,0,0,0,0,0,0,0,0,0,0,0,0,0,0,0,0,0,0,0,0,0,0,0,0,0],"rot":[0,0,0,1,0,0,0,1,0,0,0,1,0,0,0,1,0,0,0,1,0,0,0,1,0,0,0,1,0,0,0,1,0,0,0,1,0,0,0,1,0,0,0,1,0,0,0,1,0,0,0,1,0,0,0,1,0,0,0,1,0,0,0,1,0,0,0,1,0,0,0,1,0,0,0,1],"scl":[1,1,1,1,1,1,1,1,1,1,1,1,1,1,1,1,1,1,1,1,1,1,1,1,1,1,1,1,1,1,1,1,1,1,1,1,1,1,1,1,1,1,1,1,1,1,1,1,1,1,1,1,1,1,1,1,1]},
{"i":5,"pos":[0,18.5596,28.7998,0,18.5596,28.7998,0,18.5596,28.7998,0,18.5596,28.7998,0,18.5596,28.7998,0,18.5596,28.7998,0,18.5596,28.7998,0,18.5596,28.7998,0,18.5596,28.7998,0,18.5596,28.7998,0,18.5596,28.7998,0,18.5596,28.7998,0,18.5596,28.7998,0,18.5596,28.7998,0,18.5596,28.7998,0,18.5596,28.7998,0,18.5596,28.7998,0,18.5596,28.7998,0,18.5596,28.7998],"rot":[0,0,0,1,0,0,0,1,0,0,0,1,0,0,0,1,0,0,0,1,0,0,0,1,0,0,0,1,0,0,0,1,0,0,0,1,0,0,0,1,0,0,0,1,0,0,0,1,0,0,0,1,0,0,0,1,0,0,0,1,0,0,0,1,0,0,0,1,0,0,0,1,0,0,0,1],"scl":[1,1,1,1,1,1,1,1,1,1,1,1,1,1,1,1,1,1,1,1,1,1,1,1,1,1,1,1,1,1,1,1,1,1,1,1,1,1,1,1,1,1,1,1,1,1,1,1,1,1,1,1,1,1,1,1,1]},
{"i":6,"pos":[76.3516,4.55994,0,76.3516,4.55994,0,76.3516,4.55994,0,76.3516,4.55994,0,76.3516,4.55994,0,76.3516,4.55994,0,76.3516,4.55994,0,76.3516,4.55994,0,76.3516,4.55994,0,76.3516,4.55994,0,76.3516,4.55994,0,76.3516,4.55994,0,76.3516,4.55994,0,76.3516,4.55994,0,76.3516,4.55994,0,76.3516,4.55994,0,76.3516,4.55994,0,76.3516,4.55994,0,76.3516,4.55994,0],"rot":[0,0,0,1,0,0,0,1,0,0,0,1,0,0,0,1,0,0,0,1,0,0,0,1,0,0,0,1,0,0,0,1,0,0,0,1,0,0,0,1,0,0,0,1,0,0,0,1,0,0,0,1,0,0,0,1,0,0,0,1,0,0,0,1,0,0,0,1,0,0,0,1,0,0,0,1],"scl":[1,1,1,1,1,1,1,1,1,1,1,1,1,1,1,1,1,1,1,1,1,1,1,1,1,1,1,1,1,1,1,1,1,1,1,1,1,1,1,1,1,1,1,1,1,1,1,1,1,1,1,1,1,1,1,1,1]},
{"i":7,"pos":[9.47192,0,0,9.47192,0,0,9.47192,0,0,9.47192,0,0,9.47192,0,0,9.47192,0,0,9.47192,0,0,9.47192,0,0,9.47192,0,0,9.47192,0,0,9.47192,0,0,9.47192,0,0,9.47192,0,0,9.47192,0,0,9.47192,0,0,9.47192,0,0,9.47192,0,0,9.47192,0,0,9.47192,0,0],"rot":[0,0,0,1,0,0,0,1,0,0,0,1,0,0,0,1,0,0,0,1,0,0,0,1,0,0,0,1,0,0,0,1,0,0,0,1,0,0,0,1,0,0,0,1,0,0,0,1,0,0,0,1,0,0,0,1,0,0,0,1,0,0,0,1,0,0,0,1,0,0,0,1,0,0,0,1],"scl":[1,1,1,1,1,1,1,1,1,1,1,1,1,1,1,1,1,1,1,1,1,1,1,1,1,1,1,1,1,1,1,1,1,1,1,1,1,1,1,1,1,1,1,1,1,1,1,1,1,1,1,1,1,1,1,1,1]},
{"i":8,"pos":[-76.3516,4.55994,0,-76.3516,4.55994,0,-76.3516,4.55994,0,-76.3516,4.55994,0,-76.3516,4.55994,0,-76.3516,4.55994,0,-76.3516,4.55994,0,-76.3516,4.55994,0,-76.3516,4.55994,0,-76.3516,4.55994,0,-76.3516,4.55994,0,-76.3516,4.55994,0,-76.3516,4.55994,0,-76.3516,4.55994,0,-76.3516,4.55994,0,-76.3516,4.55994,0,-76.3516,4.55994,0,-76.3516,4.55994,0,-76.3516,4.55994,0],"rot":[0,0,0,1,0,0,0,1,0,0,0,1,0,0,0,1,0,0,0,1,0,0,0,1,0,0,0,1,0,0,0,1,0,0,0,1,0,0,0,1,0,0,0,1,0,0,0,1,0,0,0,1,0,0,0,1,0,0,0,1,0,0,0,1,0,0,0,1,0,0,0,1,0,0,0,1],"scl":[1,1,1,1,1,1,1,1,1,1,1,1,1,1,1,1,1,1,1,1,1,1,1,1,1,1,1,1,1,1,1,1,1,1,1,1,1,1,1,1,1,1,1,1,1,1,1,1,1,1,1,1,1,1,1,1,1]},
{"i":9,"pos":[-9.47168,0,0,-9.47168,0,0,-9.47168,0,0,-9.47168,0,0,-9.47168,0,0,-9.47168,0,0,-9.47168,0,0,-9.47168,0,0,-9.47168,0,0,-9.47168,0,0,-9.47168,0,0,-9.47168,0,0,-9.47168,0,0,-9.47168,0,0,-9.47168,0,0,-9.47168,0,0,-9.47168,0,0,-9.47168,0,0,-9.47168,0,0],"rot":[0,0,0,1,0,0,0,1,0,0,0,1,0,0,0,1,0,0,0,1,0,0,0,1,0,0,0,1,0,0,0,1,0,0,0,1,0,0,0,1,0,0,0,1,0,0,0,1,0,0,0,1,0,0,0,1,0,0,0,1,0,0,0,1,0,0,0,1,0,0,0,1,0,0,0,1],"scl":[1,1,1,1,1,1,1,1,1,1,1,1,1,1,1,1,1,1,1,1,1,1,1,1,1,1,1,1,1,1,1,1,1,1,1,1,1,1,1,1,1,1,1,1,1,1,1,1,1,1,1,1,1,1,1,1,1]},
{"i":10,"pos":[-31.744,-6,-79.936,-31.744,-6,-79.936,-31.744,-6,-79.936,-31.744,-6,-79.936,-31.744,-6,-79.936,-31.744,-6,-79.936,-31.744,-6,-79.936,-31.744,-6,-79.936,-31.744,-6,-79.936,-31.744,-6,-79.936,-31.744,-6,-79.936,-31.744,-6,-79.936,-31.744,-6,-79.936,-31.744,-6,-79.936,-31.744,-6,-79.936,-31.744,-6,-79.936,-31.744,-6,-79.936,-31.744,-6,-79.936,-31.744,-6,-79.936],"rot":[0,0,0,1,0,0,0,1,0,0,0,1,0,0,0,1,0,0,0,1,0,0,0,1,0,0,0,1,0,0,0,1,0,0,0,1,0,0,0,1,0,0,0,1,0,0,0,1,0,0,0,1,0,0,0,1,0,0,0,1,0,0,0,1,0,0,0,1,0,0,0,1,0,0,0,1],"scl":[1,1,1,1,1,1,1,1,1,1,1,1,1,1,1,1,1,1,1,1,1,1,1,1,1,1,1,1,1,1,1,1,1,1,1,1,1,1,1,1,1,1,1,1,1,1,1,1,1,1,1,1,1,1,1,1,1]},
{"i":11,"pos":[31.7432,-6,-79.936,31.7432,-6,-79.936,31.7432,-6,-79.936,31.7432,-6,-79.936,31.7432,-6,-79.936,31.7432,-6,-79.936,31.7432,-6,-79.936,31.7432,-6,-79.936,31.7432,-6,-79.936,31.7432,-6,-79.936,31.7432,-6,-79.936,31.7432,-6,-79.936,31.7432,-6,-79.936,31.7432,-6,-79.936,31.7432,-6,-79.936,31.7432,-6,-79.936,31.7432,-6,-79.936,31.7432,-6,-79.936,31.7432,-6,-79.936],"rot":[0,0,0,1,0,0,0,1,0,0,0,1,0,0,0,1,0,0,0,1,0,0,0,1,0,0,0,1,0,0,0,1,0,0,0,1,0,0,0,1,0,0,0,1,0,0,0,1,0,0,0,1,0,0,0,1,0,0,0,1,0,0,0,1,0,0,0,1,0,0,0,1,0,0,0,1],"scl":[1,1,1,1,1,1,1,1,1,1,1,1,1,1,1,1,1,1,1,1,1,1,1,1,1,1,1,1,1,1,1,1,1,1,1,1,1,1,1,1,1,1,1,1,1,1,1,1,1,1,1,1,1,1,1,1,1]},
{"i":12,"pos":[-52.8,-12.9683,0,-52.8,-12.4969,0,-52.8,-12.0255,0,-52.8,-11.5541,0,-52.8,-11.0828,0,-52.8,-10.6114,0,-52.8,-10.14,0,-52.8,-9.66864,0,-52.8,-9.19727,0,-52.8,-9.62153,0,-52.8,-10.0458,0,-52.8,-10.4701,0,-52.8,-10.8943,0,-52.8,-11.3186,0,-52.8,-11.7429,0,-52.8,-12.1671,0,-52.8,-12.5914,0,-52.8,-13.0157,0,-52.8,-13.4399,0],"rot":[0,0,0,1,0,0,0,1,0,0,0,1,0,0,0,1,0,0,0,1,0,0,0,1,0,0,0,1,0,0,0,1,0,0,0,1,0,0,0,1,0,0,0,1,0,0,0,1,0,0,0,1,0,0,0,1,0,0,0,1,0,0,0,1,0,0,0,1,0,0,0,1,0,0,0,1],