{
"name":"pl0c00mot_g7s3_m0",
"frameCount":37,"fps":60,"rotFormat":"quat_xyzw",
"bones":[
{"i":0,"pos":[0,0,0,0,0,0,0,0,0,0,0,0,0,0,0,0,0,0,0,0,0,0,0,0,0,0,0,0,0,0,0,0,0,0,0,0,0,0,0,0,0,0,0,0,0,0,0,0,0,0,0,0,0,0,0,0,0,0,0,0,0,0,0,0,0,0,0,0,0,0,0,0,0,0,0,0,0,0,0,0,0,0,0,0,0,0,0,0,0,0,0,0,0,0,0,0,0,0,0,0,0,0,0,0,0,0,0,0,0,0,0],"rot":[0,0,0,1,0,0,0,1,0,0,0,1,0,0,0,1,0,0,0,1,0,0,0,1,0,0,0,1,0,0,0,1,0,0,0,1,0,0,0,1,0,0,0,1,0,0,0,1,0,0,0,1,0,0,0,1,0,0,0,1,0,0,0,1,0,0,0,1,0,0,0,1,0,0,0,1,0,0,0,1,0,0,0,1,0,0,0,1,0,0,0,1,0,0,0,1,0,0,0,1,0,0,0,1,0,0,0,1,0,0,0,1,0,0,0,1,0,0,0,1,0,0,0,1,0,0,0,1,0,0,0,1,0,0,0,1,0,0,0,1,0,0,0,1,0,0,0,1],"scl":[1,1,1,1,1,1,1,1,1,1,1,1,1,1,1,1,1,1,1,1,1,1,1,1,1,1,1,1,1,1,1,1,1,1,1,1,1,1,1,1,1,1,1,1,1,1,1,1,1,1,1,1,1,1,1,1,1,1,1,1,1,1,1,1,1,1,1,1,1,1,1,1,1,1,1,1,1,1,1,1,1,1,1,1,1,1,1,1,1,1,1,1,1,1,1,1,1,1,1,1,1,1,1,1,1,1,1,1,1,1,1]},
{"i":1,"pos":[0,46.5391,0,7.24792E-05,54.7896,0.775483,6.78769,56.1049,0.517017,13.5752,57.4199,0.258484,20.3632,58.7352,-1.80751E-05,23.9451,63.0994,-4.29451E-05,26.6064,68.0781,0,28.2454,73.4805,0,28.792,79.0923,0,28.2461,84.7051,0,26.6074,90.1102,0,23.9463,95.099,0,20.3508,99.4629,0,15.9869,103.044,0,11.0207,105.699,0,5.61816,107.345,0,-0.000135779,107.898,0,-5.60395,107.345,0,-10.9968,105.687,0,-15.9823,103.026,0,-20.364,99.4633,0,-23.9453,95.0996,0,-26.6068,90.1206,0,-28.2388,84.7206,0,-28.7993,79.1091,0,-28.2461,73.4953,0,-26.6074,68.0887,0,-23.9295,63.0986,0,-20.3485,58.7344,0,-16.0004,55.153,0,-11.0215,52.498,0,-5.61916,50.8524,0,-0.00730658,50.2988,0,5.60547,50.8524,0,11.0106,52.498,0,15.9994,55.153,0,20.3633,58.7344,0],"rot":[0,0,0,1,0,0,0.0653909,0.99786,0,0,0.173617,0.984813,0,0,0.279784,0.960063,0,0,0.382634,0.9239,0,0,0.471347,0.881948,0,0,0.555521,0.831503,0,0,0.634337,0.773057,0,0,0.707047,0.707166,0,0,0.772951,0.634465,0,0,0.831414,0.555653,0,0,0.881872,0.471489,0,0,0.923838,0.382783,0,0,0.956909,0.290389,0,0,0.980764,0.195198,0,0,0.995174,0.098125,0,0,1,0.000106291,-0,0,0.995195,-0.0979144,-0,0,0.980805,-0.194993,-0,0,0.956968,-0.290194,-0,0,0.923914,-0.3826,-0,0,0.881962,-0.471321,0,0,-0.831514,0.555503,0,0,-0.773059,0.634334,0,0,-0.707157,0.707056,0,0,-0.634446,0.772967,0,0,-0.555624,0.831433,0,0,-0.471452,0.881892,0,0,-0.382741,0.923856,0,0,-0.290344,0.956922,0,0,-0.195152,0.980773,0,0,-0.0980831,0.995178,0,0,-7.14382E-05,1,0,0,0.097939,0.995192,0,0,0.195004,0.980802,0,0,0.290191,0.956969,0,0,0.38258,0.923922],"scl":[1,1,1,1,1,1,1,1,1,1,1,1,1,1,1,1,1,1,1,1,1,1,1,1,1,1,1,1,1,1,1,1,1,1,1,1,1,1,1,1,1,1,1,1,1,1,1,1,1,1,1,1,1,1,1,1,1,1,1,1,1,1,1,1,1,1,1,1,1,1,1,1,1,1,1,1,1,1,1,1,1,1,1,1,1,1,1,1,1,1,1,1,1,1,1,1,1,1,1,1,1,1,1,1,1,1,1,1,1,1,1]},
{"i":2,"pos":[0,59.7598,0,0,59.7598,0,0,59.7598,0,0,59.7598,0,0,59.7598,0,0,59.7598,0,0,59.7598,0,0,59.7598,0,0,59.7598,0,0,59.7598,0,0,59.7598,0,0,59.7598,0,0,59.7598,0,0,59.7598,0,0,59.7598,0,0,59.7598,0,0,59.7598,0,0,59.7598,0,0,59.7598,0,0,59.7598,0,0,59.7598,0,0,59.7598,0,0,59.7598,0,0,59.7598,0,0,59.7598,0,0,59.7598,0,0,59.7598,0,0,59.7598,0,0,59.7598,0,0,59.7598,0,0,59.7598,0,0,59.7598,0,0,59.7598,0,0,59.7598,0,0,59.7598,0,0,59.7598,0,0,59.7598,0],"rot":[0,0,0,1,0,0,-0.104521,0.994523,0,0,-0.0697404,0.997565,0,0,-0.0348745,0.999392,0,0,2.03419E-05,1,0,0,1.017E-05,1,0,0,0,1,0,0,0,1,0,0,0,1,0,0,0,1,0,0,0,1,0,0,0,1,0,0,0,1,0,0,0,1,0,0,0,1,0,0,0,1,0,0,0,1,0,0,0,1,0,0,0,1,0,0,0,1,0,0,0,1,0,0,0,1,0,0,0,1,0,0,0,1,0,0,0,1,0,0,0,1,0,0,0,1,0,0,0,1,0,0,0,1,0,0,0,1,0,0,0,1,0,0,0,1,0,0,0,1,0,0,0,1,0,0,0,1,0,0,0,1,0,0,0,1],"scl":[1,1,1,1,1,1,1,1,1,1,1,1,1,1,1,1,1,1,1,1,1,1,1,1,1,1,1,1,1,1,1,1,1,1,1,1,1,1,1,1,1,1,1,1,1,1,1,1,1,1,1,1,1,1,1,1,1,1,1,1,1,1,1,1,1,1,1,1,1,1,1,1,1,1,1,1,1,1,1,1,1,1,1,1,1,1,1,1,1,1,1,1,1,1,1,1,1,1,1,1,1,1,1,1,1,1,1,1,1,1,1]},
{"i":3,"pos":[0,4.55994,0,0,4.55994,0,0,4.55994,0,0,4.55994,0,0,4.55994,0,0,4.55994,0,0,4.55994,0,0,4.55994,0,0,4.55994,0,0,4.55994,0,0,4.55994,0,0,4.55994,0,0,4.55994,0,0,4.55994,0,0,4.55994,0,0,4.55994,0,0,4.55994,0,0,4.55994,0,0,4.55994,0,0,4.55994,0,0,4.55994,0,0,4.55994,0,0,4.55994,0,0,4.55994,0,0,4.55994,0,0,4.55994,0,0,4.55994,0,0,4.55994,0,0,4.55994,0,0,4.55994,0,0,4.55994,0,0,4.55994,0,0,4.55994,0,0,4.55994,0,0,4.55994,0,0,4.55994,0,0,4.55994,0],"rot":[0,0,0,1,0,0,0,1,0,0,0,1,0,0,0,1,0,0,0,1,0,0,0,1,0,0,0,1,0,0,0,1,0,0,0,1,0,0,0,1,0,0,0,1,0,0,0,1,0,0,0,1,0,0,0,1,0,0,0,1,0,0,0,1,0,0,0,1,0,0,0,1,0,0,0,1,0,0,0,1,0,0,0,1,0,0,0,1,0,0,0,1,0,0,0,1,0,0,0,1,0,0,0,1,0,0,0,1,0,0,0,1,0,0,0,1,0,0,0,1,0,0,0,1,0,0,0,1,0,0,0,1,0,0,0,1,0,0,0,1,0,0,0,1,0,0,0,1],"scl":[1,1,1,1,1,1,1,1,1,1,1,1,1,1,1,1,1,1,1,1,1,1,1,1,1,1,1,1,1,1,1,1,1,1,1,1,1,1,1,1,1,1,1,1,1,1,1,1,1,1,1,1,1,1,1,1,1,1,1,1,1,1,1,1,1,1,1,1,1,1,1,1,1,1,1,1,1,1,1,1,1,1,1,1,1,1,1,1,1,1,1,1,1,1,1,1,1,1,1,1,1,1,1,1,1,1,1,1,1,1,1]},
{"i":4,"pos":[0,0,0,0,0,0,0,0,0,0,0,0,0,0,0,0,0,0,0,0,0,0,0,0,0,0,0,0,0,0,0,0,0,0,0,0,0,0,0,0,0,0,0,0,0,0,0,0,0,0,0,0,0,0,0,0,0,0,0,0,0,0,0,0,0,0,0,0,0,0,0,0,0,0,0,0,0,0,0,0,0,0,0,0,0,0,0,0,0,0,0,0,0,0,0,0,0,0,0,0,0,0,0,0,0,0,0,0,0,0,0],"rot":[0,0,0,1,0,0,0,1,0,0,0,1,0,0,0,1,0,0,0,1,0,0,0,1,0,0,0,1,0,0,0,1,0,0,0,1,0,0,0,1,0,0,0,1,0,0,0,1,0,0,0,1,0,0,0,1,0,0,0,1,0,0,0,1,0,0,0,1,0,0,0,1,0,0,0,1,0,0,0,1,0,0,0,1,0,0,0,1,0,0,0,1,0,0,0,1,0,0,0,1,0,0,0,1,0,0,0,1,0,0,0,1,0,0,0,1,0,0,0,1,0,0,0,1,0,0,0,1,0,0,0,1,0,0,0,1,0,0,0,1,0,0,0,1,0,0,0,1],"scl":[1,1,1,1,1,1,1,1,1,1,1,1,1,1,1,1,1,1,1,1,1,1,1,1,1,1,1,1,1,1,1,1,1,1,1,1,1,1,1,1,1,1,1,1,1,1,1,1,1,1,1,1,1,1,1,1,1,1,1,1,1,1,1,1,1,1,1,1,1,1,1,1,1,1,1,1,1,1,1,1,1,1,1,1,1,1,1,1,1,1,1,1,1,1,1,1,1,1,1,1,1,1,1,1,1,1,1,1,1,1,1]},
{"i":5,"pos":[0,18.5596,28.7998,0,18.5596,28.7998,0,18.5596,28.7998,0,18.5596,28.7998,0,18.5596,28.7998,0,18.5596,28.7998,0,18.5596,28.7998,0,18.5596,28.7998,0,18.5596,28.7998,0,18.5596,28.7998,0,18.5596,28.7998,0,18.5596,28.7998,0,18.5596,28.7998,0,18.5596,28.7998,0,18.5596,28.7998,0,18.5596,28.7998,0,18.5596,28.7998,0,18.5596,28.7998,0,18.5596,28.7998,0,18.5596,28.7998,0,18.5596,28.7998,0,18.5596,28.7998,0,18.5596,28.7998,0,18.5596,28.7998,0,18.5596,28.7998,0,18.5596,28.7998,0,18.5596,28.7998,0,18.5596,28.7998,0,18.5596,28.7998,0,18.5596,28.7998,0,18.5596,28.7998,0,18.5596,28.7998,0,18.5596,28.7998,0,18.5596,28.7998,0,18.5596,28.7998,0,18.5596,28.7998,0,18.5596,28.7998],"rot":[0,0,0,1,0,0,0,1,0,0,0,1,0,0,0,1,0,0,0,1,0,0,0,1,0,0,0,1,0,0,0,1,0,0,0,1,0,0,0,1,0,0,0,1,0,0,0,1,0,0,0,1,0,0,0,1,0,0,0,1,0,0,0,1,0,0,0,1,0,0,0,1,0,0,0,1,0,0,0,1,0,0,0,1,0,0,0,1,0,0,0,1,0,0,0,1,0,0,0,1,0,0,0,1,0,0,0,1,0,0,0,1,0,0,0,1,0,0,0,1,0,0,0,1,0,0,0,1,0,0,0,1,0,0,0,1,0,0,0,1,0,0,0,1,0,0,0,1],"scl":[1,1,1,1,1,1,1,1,1,1,1,1,1,1,1,1,1,1,1,1,1,1,1,1,1,1,1,1,1,1,1,1,1,1,1,1,1,1,1,1,1,1,1,1,1,1,1,1,1,1,1,1,1,1,1,1,1,1,1,1,1,1,1,1,1,1,1,1,1,1,1,1,1,1,1,1,1,1,1,1,1,1,1,1,1,1,1,1,1,1,1,1,1,1,1,1,1,1,1,1,1,1,1,1,1,1,1,1,1,1,1]},
{"i":6,"pos":[76.3516,4.55994,0,76.3516,4.55994,0,76.3516,4.55994,0,76.3516,4.55994,0,76.3516,4.55994,0,76.3516,4.55994,0,76.3516,4.55994,0,76.3516,4.55994,0,76.3516,4.55994,0,76.3516,4.55994,0,76.3516,4.55994,0,76.3516,4.55994,0,76.3516,4.55994,0,76.3516,4.55994,0,76.3516,4.55994,0,76.3516,4.55994,0,76.3516,4.55994,0,76.3516,4.55994,0,76.3516,4.55994,0,76.3516,4.55994,0,76.3516,4.55994,0,76.3516,4.55994,0,76.3516,4.55994,0,76.3516,4.55994,0,76.3516,4.55994,0,76.3516,4.55994,0,76.3516,4.55994,0,76.3516,4.55994,0,76.3516,4.55994,0,76.3516,4.55994,0,76.3516,4.55994,0,76.3516,4.55994,0,76.3516,4.55994,0,76.3516,4.55994,0,76.3516,4.55994,0,76.3516,4.55994,0,76.3516,4.55994,0],"rot":[0,0,0,1,0,0,0,1,0,0,0,1,0,0,0,1,0,0,0,1,0,0,0,1,0,0,0,1,0,0,0,1,0,0,0,1,0,0,0,1,0,0,0,1,0,0,0,1,0,0,0,1,0,0,0,1,0,0,0,1,0,0,0,1,0,0,0,1,0,0,0,1,0,0,0,1,0,0,0,1,0,0,0,1,0,0,0,1,0,0,0,1,0,0,0,1,0,0,0,1,0,0,0,1,0,0,0,1,0,0,0,1,0,0,0,1,0,0,0,1,0,0,0,1,0,0,0,1,0,0,0,1,0,0,0,1,0,0,0,1,0,0,0,1,0,0,0,1],"scl":[1,1,1,1,1,1,1,1,1,1,1,1,1,1,1,1,1,1,1,1,1,1,1,1,1,1,1,1,1,1,1,1,1,1,1,1,1,1,1,1,1,1,1,1,1,1,1,1,1,1,1,1,1,1,1,1,1,1,1,1,1,1,1,1,1,1,1,1,1,1,1,1,1,1,1,1,1,1,1,1,1,1,1,1,1,1,1,1,1,1,1,1,1,1,1,1,1,1,1,1,1,1,1,1,1,1,1,1,1,1,1]},
{"i":7,