{
"name":"pl0808mot_g1s17_m0",
"frameCount":16,"fps":60,"rotFormat":"quat_xyzw",
"bones":[
{"i":0,"pos":[0,0,0,0,0,0,0,0,0,0,0,0,0,0,0,0,0,0,0,0,0,0,0,0,0,0,0,0,0,0,0,0,0,0,0,0,0,0,0,0,0,0,0,0,0,0,0,0],"rot":[0,0,0,1,0,0,0,1,0,0,0,1,0,0,0,1,0,0,0,1,0,0,0,1,0,0,0,1,0,0,0,1,0,0,0,1,0,0,0,1,0,0,0,1,0,0,0,1,0,0,0,1,0,0,0,1,0,0,0,1,0,0,0,1],"scl":[1,1,1,1,1,1,1,1,1,1,1,1,1,1,1,1,1,1,1,1,1,1,1,1,1,1,1,1,1,1,1,1,1,1,1,1,1,1,1,1,1,1,1,1,1,1,1,1]},
{"i":1,"pos":[0,94.6519,0,0,94.6519,0,0,94.6519,0,0,94.6519,0,0,94.6519,0,0,94.6519,0,0,94.6519,0,0,94.6519,0,0,94.6519,0,0,94.6519,0,0,94.6519,0,0,94.6519,0,0,94.6519,0,0,94.6519,0,0,94.6519,0,0,94.6519,0],"rot":[0,0,0,1,0,0,0,1,0,0,0,1,0,0,0,1,0,0,0,1,0,0,0,1,0,0,0,1,0,0,0,1,0,0,0,1,0,0,0,1,0,0,0,1,0,0,0,1,0,0,0,1,0,0,0,1,0,0,0,1,0,0,0,1],"scl":[1,1,1,1,1,1,1,1,1,1,1,1,1,1,1,1,1,1,1,1,1,1,1,1,1,1,1,1,1,1,1,1,1,1,1,1,1,1,1,1,1,1,1,1,1,1,1,1]},
{"i":2,"pos":[0,0,-3.41061E-13,0,0,-3.41061E-13,0,0,-3.41061E-13,0,0,-3.41061E-13,0,0,-3.41061E-13,0,0,-3.41061E-13,0,0,-3.41061E-13,0,0,-3.41061E-13,0,0,-3.41061E-13,0,0,-3.41061E-13,0,0,-3.41061E-13,0,0,-3.41061E-13,0,0,-3.41061E-13,0,0,-3.41061E-13,0,0,-3.41061E-13,0,0,-3.41061E-13],"rot":[0.0163778,0.101257,0.0225562,0.99447,0.0162614,0.104985,0.022617,0.994084,0.0160348,0.112103,0.022732,0.993307,0.0158895,0.116517,0.0228031,0.9928,0.0160246,0.112144,0.0227343,0.993303,0.0166143,0.0928723,0.0224216,0.995287,0.020252,-0.071989,0.0193839,0.997011,0.0196632,-0.0534671,0.0197571,0.998181,0.0196178,-0.0523407,0.01978,0.998241,0.0196082,-0.0525909,0.0197761,0.998228,0.0196226,-0.0536797,0.0197548,0.99817,0.0196499,-0.0551096,0.019726,0.998092,0.019679,-0.0563832,0.0197,0.998021,0.0196991,-0.0570029,0.0196868,0.997985,0.0196994,-0.0564715,0.0196966,0.998016,0.0196687,-0.0542915,0.0197393,0.998136],"scl":[1,1,1,1,1,1,1,1,1,1,1,1,1,1,1,1,1,1,1,1,1,1,1,1,1,1,1,1,1,1,1,1,1,1,1,1,1,1,1,1,1,1,1,1,1,1,1,1]},
{"i":3,"pos":[0,13.634,-1.75353E-06,0,13.634,-1.75353E-06,0,13.634,-1.75353E-06,0,13.634,-1.75353E-06,0,13.634,-1.75353E-06,0,13.634,-1.75353E-06,0,13.634,-1.75353E-06,0,13.634,-1.75353E-06,0,13.634,-1.75353E-06,0,13.634,-1.75353E-06,0,13.634,-1.75353E-06,0,13.634,-1.75353E-06,0,13.634,-1.75353E-06,0,13.634,-1.75353E-06,0,13.634,-1.75353E-06,0,13.634,-1.75353E-06],"rot":[0.0968096,0.112258,-0.0169443,0.988807,0.0966101,0.117433,-0.015967,0.988241,0.0962111,0.126978,-0.0141029,0.987128,0.0960244,0.131943,-0.0129462,0.98651,0.0965479,0.123394,-0.0140796,0.98755,0.09786,0.0923082,-0.0191036,0.990726,0.0857595,-0.160145,-0.0608215,0.981478,0.0843968,-0.250468,-0.0510968,0.963085,0.0837815,-0.26171,-0.0499002,0.960208,0.0834016,-0.267557,-0.0495701,0.958645,0.0830512,-0.27071,-0.0496666,0.957785,0.0827918,-0.271421,-0.0500336,0.957587,0.0826808,-0.269939,-0.0505095,0.95799,0.0827698,-0.26651,-0.0509294,0.95892,0.0831048,-0.261375,-0.0511254,0.960293,0.0837248,-0.254777,-0.0509288,0.962021],"scl":[1,1,1,1,1,1,1,1,1,1,1,1,1,1,1,1,1,1,1,1,1,1,1,1,1,1,1,1,1,1,1,1,1,1,1,1,1,1,1,1,1,1,1,1,1,1,1,1]},
{"i":4,"pos":[-10.9535,17.3535,1.91246E-06,-10.9535,17.3535,1.91246E-06,-10.9535,17.3535,1.91246E-06,-10.9535,17.3535,1.91246E-06,-10.9535,17.3535,1.91246E-06,-10.9535,17.3535,1.91246E-06,-10.9535,17.3535,1.91246E-06,-10.9535,17.3535,1.91246E-06,-10.9535,17.3535,1.91246E-06,-10.9535,17.3535,1.91246E-06,-10.9535,17.3535,1.91246E-06,-10.9535,17.3535,1.91246E-06,-10.9535,17.3535,1.91246E-06,-10.9535,17.3535,1.91246E-06,-10.9535,17.3535,1.91246E-06,-10.9535,17.3535,1.91246E-06],"rot":[-7.8511E-09,2.37068E-09,1.86124E-17,1,0.00061561,-0.00435471,0.0012131,0.99999,0.00187491,-0.0130598,0.00339374,0.999907,0.00282973,-0.0195864,0.00432446,0.999795,0.00247076,-0.0174168,0.0017493,0.999844,-4.43334E-09,-1.34577E-08,-0.00653072,0.999979,-0.0110275,0.163879,-0.0662075,0.984194,-5.31031E-06,8.71497E-06,-0.124637,0.992202,0.000131831,-0.0140403,-0.129569,0.991471,0.000125905,-0.020618,-0.132136,0.991017,0.000109207,-0.0214728,-0.132928,0.990893,0.000100559,-0.018322,-0.132454,0.99102,8.66527E-05,-0.0128822,-0.131205,0.991272,5.67152E-05,-0.00687031,-0.129675,0.991533,1.9115E-05,-0.00200378,-0.128373,0.991724,-2.3056E-08,-2.00721E-08,-0.127823,0.991797],"scl":[1,1,1,1,1,1,1,1,1,1,1,1,1,1,1,1,1,1,1,1,1,1,1,1,1,1,1,1,1,1,1,1,1,1,1,1,1,1,1,1,1,1,1,1,1,1,1,1]},
{"i":5,"pos":[-11.008,0,-1.65374E-08,-11.008,0,-1.65374E-08,-11.008,0,-1.65374E-08,-11.008,0,-1.65374E-08,-11.008,0,-1.65374E-08,-11.008,0,-1.65374E-08,-11.008,0,-1.65374E-08,-11.008,0,-1.65374E-08,-11.008,0,-1.65374E-08,-11.008,0,-1.65374E-08,-11.008,0,-1.65374E-08,-11.008,0,-1.65374E-08,-11.008,0,-1.65374E-08,-11.008,0,-1.65374E-08,-11.008,0,-1.65374E-08,-11.008,0,-1.65374E-08],"rot":[0.0907839,-0.222841,0.671118,0.701214,0.0873225,-0.22249,0.672083,0.700841,0.0812707,-0.221874,0.673871,0.700046,0.0791489,-0.22159,0.674821,0.699464,0.0874842,-0.222204,0.673274,0.699767,0.112688,-0.224555,0.667578,0.700868,0.295803,-0.256234,0.623856,0.676497,0.441246,-0.305102,0.59252,0.600945,0.452557,-0.31045,0.590254,0.591957,0.459671,-0.31204,0.590716,0.585139,0.463161,-0.311187,0.592516,0.581007,0.463396,-0.309255,0.594426,0.579899,0.460673,-0.307622,0.595261,0.582077,0.455279,-0.307623,0.5938,0.587784,0.447504,-0.310519,0.588738,0.597249,0.437602,-0.317484,0.578643,0.61064],"scl":[1,1,1,1,1,1,1,1,1,1,1,1,1,1,1,1,1,1,1,1,1,1,1,1,1,1,1,1,1,1,1,1,1,1,1,1,1,1,1,1,1,1,1,1,1,1,1,1]},
{"i":6,"pos":[-24.244,6.54648E-07,-3.64014E-08,-24.244,6.54648E-07,-3.64014E-08,-24.244,6.54648E-07,-3.64014E-08,-24.244,6.54648E-07,-3.64014E-08,-24.244,6.54648E-07,-3.64014E-08,-24.244,6.54648E-07,-3.64014E-08,-24.244,6.54648E-07,-3.64014E-08,-24.244,6.54648E-07,-3.64014E-08,-24.244,6.54648E-07,-3.64014E-08,-24.244,6.54648E-07,-3.64014E-08,-24.244,6.54648E-07,-3.64014E-08,-24.244,6.54648E-07,-3.64014E-08,-24.244,6.54648E-07,-3.64014E-08,-24.244,6.54648E-07,-3.64014E-08,-24.244,6.54648E-07,-3.64014E-08,-24.244,6.54648E-07,-3.64014E-08],"rot":[0,0.868523,0,0.495648,0,0.868057,0,0.496464,0,0.867324,0,0.497743,0,0.867331,0,0.497732,0,0.869077,0,0.494677,0,0.873516,0,0.486796,0,0.90319,0,0.42924,0,0.927319,0,0.374271,0,0.929207,0,0.36956,0,0.931581,0,0.363532,0,0.933749,0,0.357929,0,0.935036,0,0.354553,0,0.934786,0,0.355212,0,0.932296,0,0.361696,0,0.926724,0,0.375742,0,0.916963,0,0.398972],"scl":[1,1,1,1,1,1,1,1,1,1,1,1,1,1,1,1,1,1,1,1,1,1,1,1,1,1,1,1,1,1,1,1,1,1,1,1,1,1,1,1,1,1,1,1,1,1,1,1]},
{"i":7,"pos":[-23.4396,-3.24127E-05,6.73273E-06,-23.4396,-3.24127E-05,6.73273E-06,-23.4396,-3.24127E-05,6.73273E-06,-23.4396,-3.24127E-05,6.73273E-06,-23.4396,-3.24127E-05,6.73273E-06,-23.4396,-3.24127E-05,6.73273E-06,-23.4396,-3.24127E-05,6.73273E-06,-23.4396,-3.24127E-05,6.73273E-06,-23.4396,-3.24127E-05,6.73273E-06,-23.4396,-3.24127E-05,6.73273E-06,-23.4396,-3.24127E-05,6.73273E-06,-23.4396,-3.24127E-05,6.73273E-06,-23.4396,-3.24127E-05,6.73273E-06,-23.4396,-3.24127E-05,6.73273E-06,-23.4396,-3.24127E-05,6.73273E-06,-23.4396,-3.24127E-05,6.73273E-06],"rot":[-0.54761,0.23687,-0.0953658,0.79682,-0.546562,0.2388,-0.0962318,0.796858,-0.544818,0.242181,-0.0976947,0.796855,-0.544517,0.243419,-0.0980443,0.796641,-0.547807,0.23892,-0.0955768,0.796046,-0.556602,0.224966,-0.0886563,0.794811,-0.610005,0.112555,-0.0400814,0.783338,-0.640342,2.73632E-05,7.23179E-07,0.76809,-0.641904,-0.0104088,0.00330465,0.766707,-0.644683,-0.0165914,0.00563793,0.764249,-0.647648,-0.0191946,0.00695857,0.761666,-0.649692,-0.0188424,0.0072605,0.759929,-0.649674,-0.01616,0.00651452,0.760013,-0.646423,-0.0117919,0.0046422,0.762874,-0.63872,-0.00642107,0.0015092,0.769411,-0.62527,-0.000793679,-0.00306038,0.780402],"scl":[1,1,1,1,1,1,1,1,1,1,1,1,1,1,1,1,1,1,1,1,1,1,1,1,1,1,1,1,1,1,1,1,1,1,1,1,1,1,1,1,1,1,1,1,1,1,1,1]},
{"i":8,