{
"name":"pl0808mot_g1s16_m0",
"frameCount":16,"fps":60,"rotFormat":"quat_xyzw",
"bones":[
{"i":0,"pos":[0,0,0,0,0,0,0,0,0,0,0,0,0,0,0,0,0,0,0,0,0,0,0,0,0,0,0,0,0,0,0,0,0,0,0,0,0,0,0,0,0,0,0,0,0,0,0,0],"rot":[0,0,0,1,0,0,0,1,0,0,0,1,0,0,0,1,0,0,0,1,0,0,0,1,0,0,0,1,0,0,0,1,0,0,0,1,0,0,0,1,0,0,0,1,0,0,0,1,0,0,0,1,0,0,0,1,0,0,0,1,0,0,0,1],"scl":[1,1,1,1,1,1,1,1,1,1,1,1,1,1,1,1,1,1,1,1,1,1,1,1,1,1,1,1,1,1,1,1,1,1,1,1,1,1,1,1,1,1,1,1,1,1,1,1]},
{"i":1,"pos":[0,94.6519,0,0,94.6519,0,0,94.6519,0,0,94.6519,0,0,94.6519,0,0,94.6519,0,0,94.6519,0,0,94.6519,0,0,94.6519,0,0,94.6519,0,0,94.6519,0,0,94.6519,0,0,94.6519,0,0,94.6519,0,0,94.6519,0,0,94.6519,0],"rot":[0,0,0,1,0,0,0,1,0,0,0,1,0,0,0,1,0,0,0,1,0,0,0,1,0,0,0,1,0,0,0,1,0,0,0,1,0,0,0,1,0,0,0,1,0,0,0,1,0,0,0,1,0,0,0,1,0,0,0,1,0,0,0,1],"scl":[1,1,1,1,1,1,1,1,1,1,1,1,1,1,1,1,1,1,1,1,1,1,1,1,1,1,1,1,1,1,1,1,1,1,1,1,1,1,1,1,1,1,1,1,1,1,1,1]},
{"i":2,"pos":[0,0,-3.41061E-13,0,0,-3.41061E-13,0,0,-3.41061E-13,0,0,-3.41061E-13,0,0,-3.41061E-13,0,0,-3.41061E-13,0,0,-3.41061E-13,0,0,-3.41061E-13,0,0,-3.41061E-13,0,0,-3.41061E-13,0,0,-3.41061E-13,0,0,-3.41061E-13,0,0,-3.41061E-13,0,0,-3.41061E-13,0,0,-3.41061E-13,0,0,-3.41061E-13],"rot":[0.0163778,-0.101257,-0.0225562,0.99447,0.0162614,-0.104985,-0.022617,0.994084,0.0160348,-0.112103,-0.022732,0.993307,0.0158895,-0.116517,-0.0228031,0.9928,0.0160246,-0.112144,-0.0227343,0.993303,0.0166143,-0.0928723,-0.0224216,0.995287,0.020252,0.071989,-0.0193839,0.997011,0.0196632,0.0534671,-0.0197571,0.998181,0.0196178,0.0523407,-0.01978,0.998241,0.0196082,0.0525909,-0.0197761,0.998228,0.0196226,0.0536797,-0.0197548,0.99817,0.0196499,0.0551096,-0.019726,0.998092,0.019679,0.0563832,-0.0197,0.998021,0.0196991,0.0570029,-0.0196868,0.997985,0.0196994,0.0564715,-0.0196966,0.998016,0.0196687,0.0542915,-0.0197393,0.998136],"scl":[1,1,1,1,1,1,1,1,1,1,1,1,1,1,1,1,1,1,1,1,1,1,1,1,1,1,1,1,1,1,1,1,1,1,1,1,1,1,1,1,1,1,1,1,1,1,1,1]},
{"i":3,"pos":[0,13.634,-1.75353E-06,0,13.634,-1.75353E-06,0,13.634,-1.75353E-06,0,13.634,-1.75353E-06,0,13.634,-1.75353E-06,0,13.634,-1.75353E-06,0,13.634,-1.75353E-06,0,13.634,-1.75353E-06,0,13.634,-1.75353E-06,0,13.634,-1.75353E-06,0,13.634,-1.75353E-06,0,13.634,-1.75353E-06,0,13.634,-1.75353E-06,0,13.634,-1.75353E-06,0,13.634,-1.75353E-06,0,13.634,-1.75353E-06],"rot":[0.0968096,-0.112258,0.0169443,0.988807,0.0966101,-0.117433,0.015967,0.988241,0.0962111,-0.126978,0.0141029,0.987128,0.0960244,-0.131943,0.0129462,0.98651,0.0965479,-0.123394,0.0140796,0.98755,0.09786,-0.0923082,0.0191036,0.990726,0.0857589,0.160146,0.0608254,0.981478,0.084394,0.250469,0.0511076,0.963084,0.0837775,0.261711,0.0499148,0.960207,0.0833975,0.267558,0.0495848,0.958644,0.0830471,0.270712,0.0496812,0.957784,0.0827877,0.271423,0.0500482,0.957586,0.0826766,0.269941,0.0505242,0.95799,0.0827657,0.266511,0.050944,0.958919,0.0831008,0.261377,0.0511401,0.960292,0.0837209,0.254778,0.0509434,0.962021],"scl":[1,1,1,1,1,1,1,1,1,1,1,1,1,1,1,1,1,1,1,1,1,1,1,1,1,1,1,1,1,1,1,1,1,1,1,1,1,1,1,1,1,1,1,1,1,1,1,1]},
{"i":4,"pos":[-10.9535,17.3535,1.91246E-06,-10.9535,17.3535,1.91246E-06,-10.9535,17.3535,1.91246E-06,-10.9535,17.3535,1.91246E-06,-10.9535,17.3535,1.91246E-06,-10.9535,17.3535,1.91246E-06,-10.9535,17.3535,1.91246E-06,-10.9535,17.3535,1.91246E-06,-10.9535,17.3535,1.91246E-06,-10.9535,17.3535,1.91246E-06,-10.9535,17.3535,1.91246E-06,-10.9535,17.3535,1.91246E-06,-10.9535,17.3535,1.91246E-06,-10.9535,17.3535,1.91246E-06,-10.9535,17.3535,1.91246E-06,-10.9535,17.3535,1.91246E-06],"rot":[-0.0646524,-0.267054,-0.0855248,0.957699,-0.0653636,-0.264921,-0.086282,0.958175,-0.0665685,-0.259587,-0.0875699,0.959435,-0.0668863,-0.252656,-0.0879234,0.961229,-0.064966,-0.245739,-0.0859066,0.963334,-0.0594778,-0.240419,-0.0801072,0.965528,-0.0180984,-0.241363,-0.0364242,0.969582,0.000966593,0.242542,-0.000258105,0.970141,3.34576E-05,0.284177,0.00276573,0.958768,1.196E-05,0.305767,0.00442569,0.952096,7.35816E-05,0.311703,0.00520611,0.950165,0.000249161,0.306062,0.00522724,0.951997,0.000458406,0.292782,0.00456997,0.956168,0.000587585,0.275791,0.003293,0.961212,0.000529943,0.259082,0.0014567,0.965854,0.000218353,0.246724,-0.00085765,0.969085],"scl":[1,1,1,1,1,1,1,1,1,1,1,1,1,1,1,1,1,1,1,1,1,1,1,1,1,1,1,1,1,1,1,1,1,1,1,1,1,1,1,1,1,1,1,1,1,1,1,1]},
{"i":5,"pos":[-11.008,0,-1.65374E-08,-11.008,0,-1.65374E-08,-11.008,0,-1.65374E-08,-11.008,0,-1.65374E-08,-11.008,0,-1.65374E-08,-11.008,0,-1.65374E-08,-11.008,0,-1.65374E-08,-11.008,0,-1.65374E-08,-11.008,0,-1.65374E-08,-11.008,0,-1.65374E-08,-11.008,0,-1.65374E-08,-11.008,0,-1.65374E-08,-11.008,0,-1.65374E-08,-11.008,0,-1.65374E-08,-11.008,0,-1.65374E-08,-11.008,0,-1.65374E-08],"rot":[0.136671,-0.188194,-0.0205783,0.972358,0.136638,-0.181708,-0.0185899,0.973636,0.13659,-0.167637,-0.0143731,0.976235,0.136823,-0.15409,-0.0106628,0.978479,0.138065,-0.149235,-0.0103815,0.97906,0.14097,-0.161271,-0.0163623,0.976653,0.140598,-0.325314,-0.0691699,0.932533,0.129813,0.300978,0.0474412,0.943563,0.112611,0.352448,0.0574725,0.927252,0.102978,0.378796,0.0621838,0.917629,0.100614,0.385886,0.0630723,0.914872,0.103894,0.378693,0.0612995,0.917627,0.110619,0.361777,0.0578414,0.92387,0.118527,0.339669,0.0536493,0.931503,0.125607,0.317094,0.0497441,0.938723,0.130218,0.299014,0.0472383,0.944141],"scl":[1,1,1,1,1,1,1,1,1,1,1,1,1,1,1,1,1,1,1,1,1,1,1,1,1,1,1,1,1,1,1,1,1,1,1,1,1,1,1,1,1,1,1,1,1,1,1,1]},
{"i":6,"pos":[-24.244,6.54648E-07,-3.64014E-08,-24.244,6.54648E-07,-3.64014E-08,-24.244,6.54648E-07,-3.64014E-08,-24.244,6.54648E-07,-3.64014E-08,-24.244,6.54648E-07,-3.64014E-08,-24.244,6.54648E-07,-3.64014E-08,-24.244,6.54648E-07,-3.64014E-08,-24.244,6.54648E-07,-3.64014E-08,-24.244,6.54648E-07,-3.64014E-08,-24.244,6.54648E-07,-3.64014E-08,-24.244,6.54648E-07,-3.64014E-08,-24.244,6.54648E-07,-3.64014E-08,-24.244,6.54648E-07,-3.64014E-08,-24.244,6.54648E-07,-3.64014E-08,-24.244,6.54648E-07,-3.64014E-08,-24.244,6.54648E-07,-3.64014E-08],"rot":[0,0.947921,0,0.318506,0,0.94718,0,0.320702,0,0.944822,0,0.327586,0,0.940578,0,0.339579,0,0.93408,0,0.357063,0,0.924836,0,0.380367,0,0.879994,0,0.474986,0,3.84822E-05,0,1,0,-0.0952533,0,0.995453,0,-0.143623,0,0.989632,0,-0.155667,0,0.98781,0,-0.141598,0,0.989924,0,-0.111346,0,0.993782,0,-0.0748721,0,0.997193,0,-0.0422933,0,0.999105,0,-0.0238015,0,0.999717],"scl":[1,1,1,1,1,1,1,1,1,1,1,1,1,1,1,1,1,1,1,1,1,1,1,1,1,1,1,1,1,1,1,1,1,1,1,1,1,1,1,1,1,1,1,1,1,1,1,1]},
{"i":7,"pos":[-23.4396,-3.24127E-05,6.73273E-06,-23.4396,-3.24127E-05,6.73273E-06,-23.4396,-3.24127E-05,6.73273E-06,-23.4396,-3.24127E-05,6.73273E-06,-23.4396,-3.24127E-05,6.73273E-06,-23.4396,-3.24127E-05,6.73273E-06,-23.4396,-3.24127E-05,6.73273E-06,-23.4396,-3.24127E-05,6.73273E-06,-23.4396,-3.24127E-05,6.73273E-06,-23.4396,-3.24127E-05,6.73273E-06,-23.4396,-3.24127E-05,6.73273E-06,-23.4396,-3.24127E-05,6.73273E-06,-23.4396,-3.24127E-05,6.73273E-06,-23.4396,-3.24127E-05,6.73273E-06,-23.4396,-3.24127E-05,6.73273E-06,-23.4396,-3.24127E-05,6.73273E-06],"rot":[-0.712752,0.151296,-0.0196557,0.684622,-0.716878,0.152708,-0.0180044,0.680031,-0.724063,0.155177,-0.0150384,0.671883,-0.726734,0.156161,-0.0138572,0.668789,-0.717384,0.15315,-0.0175979,0.679408,-0.687372,0.143099,-0.0287876,0.711487,-0.408792,0.0458535,-0.0823671,0.907746,-0.0900907,-0.0569664,-0.0727196,0.99164,-0.059501,-0.0659202,-0.0688161,0.993669,-0.0429824,-0.0701011,-0.0666349,0.994383,-0.0376123,-0.0708647,-0.0660104,0.994588,-0.0404646,-0.0694434,-0.0665326,0.994542,-0.0486005,-0.0670234,-0.0676884,0.994266,-0.0590806,-0.0647904,-0.0689771,0.993757,-0.0689703,-0.0639516,-0.0699608,0.993106,-0.0753402,-0.0657342,-0.0702493,0.992506],"scl":[1,1,1,1,1,1,1,1,1,1,1,1,1,1,1,1,1,1,1,1,1,1,1,1,1,1,1,1,1,1,1,1,1,1,1,1,1,1,1,1,1,1,1,1,1,1,1,1]},
{"i":8,