{
"name":"pl0107mot_g3s23_m0",
"frameCount":17,"fps":60,"rotFormat":"quat_xyzw",
"bones":[
{"i":0,"pos":[0,0,0,0,0,0,0,0,0,0,0,0,0,0,0,0,0,0,0,0,0,0,0,0,0,0,0,0,0,0,0,0,0,0,0,0,0,0,0,0,0,0,0,0,0,0,0,0,0,0,0],"rot":[0,0,0,1,0,0,0,1,0,0,0,1,0,0,0,1,0,0,0,1,0,0,0,1,0,0,0,1,0,0,0,1,0,0,0,1,0,0,0,1,0,0,0,1,0,0,0,1,0,0,0,1,0,0,0,1,0,0,0,1,0,0,0,1,0,0,0,1],"scl":[1,1,1,1,1,1,1,1,1,1,1,1,1,1,1,1,1,1,1,1,1,1,1,1,1,1,1,1,1,1,1,1,1,1,1,1,1,1,1,1,1,1,1,1,1,1,1,1,1,1,1]},
{"i":1,"pos":[3.02515,97.6777,-6.27637,3.02515,97.606,-6.27637,3.02515,97.5342,-6.27637,3.02515,97.4624,-6.27637,3.02515,97.3906,-6.27637,3.02515,97.3188,-6.27637,3.02515,97.2471,-6.27637,3.02515,97.1753,-6.27637,3.02515,97.1035,-6.27637,3.02515,96.8398,-6.27637,3.02515,96.5762,-6.27637,3.02515,96.3779,-6.27637,3.02515,96.1797,-6.27637,3.02515,96.0205,-6.27637,3.02515,95.8613,-6.27637,3.02515,95.6885,-6.27637,3.02515,95.5156,-6.27637],"rot":[0,0,0,1,0,0,0,1,0,0,0,1,0,0,0,1,0,0,0,1,0,0,0,1,0,0,0,1,0,0,0,1,0,0,0,1,0,0,0,1,0,0,0,1,0,0,0,1,0,0,0,1,0,0,0,1,0,0,0,1,0,0,0,1,0,0,0,1],"scl":[1,1,1,1,1,1,1,1,1,1,1,1,1,1,1,1,1,1,1,1,1,1,1,1,1,1,1,1,1,1,1,1,1,1,1,1,1,1,1,1,1,1,1,1,1,1,1,1,1,1,1]},
{"i":2,"pos":[0,0,0,0,0,0,0,0,0,0,0,0,0,0,0,0,0,0,0,0,0,0,0,0,0,0,0,0,0,0,0,0,0,0,0,0,0,0,0,0,0,0,0,0,0,0,0,0,0,0,0],"rot":[0.193053,0.341689,0.202241,0.897261,0.190549,0.33022,0.196535,0.903338,0.187708,0.318763,0.190519,0.909317,0.184531,0.307331,0.184195,0.915188,0.181016,0.295934,0.177563,0.920938,0.177113,0.28613,0.170213,0.926169,0.172932,0.276402,0.162613,0.931264,0.166888,0.263572,0.152029,0.937851,0.16036,0.250919,0.141011,0.944161,0.153413,0.23615,0.129876,0.9507,0.145882,0.221574,0.118221,0.956895,0.13873,0.204631,0.108027,0.962918,0.130947,0.187843,0.09727,0.968559,0.124522,0.168235,0.0897052,0.973727,0.117504,0.14869,0.0815968,0.978481,0.11173,0.125646,0.0764276,0.982796,0.105413,0.102603,0.0707321,0.986589],"scl":[1,1,1,1,1,1,1,1,1,1,1,1,1,1,1,1,1,1,1,1,1,1,1,1,1,1,1,1,1,1,1,1,1,1,1,1,1,1,1,1,1,1,1,1,1,1,1,1,1,1,1]},
{"i":3,"pos":[0,15.0956,0,0,15.0956,0,0,15.0956,0,0,15.0956,0,0,15.0956,0,0,15.0956,0,0,15.0956,0,0,15.0956,0,0,15.0956,0,0,15.0956,0,0,15.0956,0,0,15.0956,0,0,15.0956,0,0,15.0956,0,0,15.0956,0,0,15.0956,0,0,15.0956,0],"rot":[0.00848968,0.140954,0.0066656,0.989957,0.00775564,0.140732,0.00659448,0.989995,0.00702146,0.14051,0.00652301,0.990033,0.00628716,0.140289,0.0064512,0.99007,0.00555272,0.140068,0.00637903,0.990106,0.00430385,0.140671,0.00653711,0.990025,0.0030552,0.141275,0.00669671,0.989943,0.00135737,0.142116,0.00692413,0.989825,-0.000340039,0.142958,0.00715444,0.989703,-0.0011856,0.142446,0.00699553,0.989777,-0.00203159,0.141934,0.00683565,0.98985,-0.00116658,0.138911,0.00595759,0.990286,-0.000305663,0.135885,0.00508332,0.990712,0.00311471,0.129197,0.00320283,0.991609,0.00652066,0.122491,0.00136277,0.992447,0.0124319,0.112022,-0.00138576,0.993627,0.0183087,0.101514,-0.00402044,0.994658],"scl":[1,1,1,1,1,1,1,1,1,1,1,1,1,1,1,1,1,1,1,1,1,1,1,1,1,1,1,1,1,1,1,1,1,1,1,1,1,1,1,1,1,1,1,1,1,1,1,1,1,1,1]},
{"i":4,"pos":[-7.88343,11.2331,-3.04084E-06,-7.88343,11.2331,-3.04084E-06,-7.88343,11.2331,-3.04084E-06,-7.88343,11.2331,-3.04084E-06,-7.88343,11.2331,-3.04084E-06,-7.88343,11.2331,-3.04084E-06,-7.88343,11.2331,-3.04084E-06,-7.88343,11.2331,-3.04084E-06,-7.88343,11.2331,-3.04084E-06,-7.88343,11.2331,-3.04084E-06,-7.88343,11.2331,-3.04084E-06,-7.88343,11.2331,-3.04084E-06,-7.88343,11.2331,-3.04084E-06,-7.88343,11.2331,-3.04084E-06,-7.88343,11.2331,-3.04084E-06,-7.88343,11.2331,-3.04084E-06,-7.88343,11.2331,-3.04084E-06],"rot":[0.0183313,0.112029,0.225066,0.967708,0.0167275,0.107174,0.212106,0.971208,0.0149877,0.102383,0.199055,0.97451,0.0131136,0.0976573,0.185916,0.977613,0.0111068,0.0930014,0.172692,0.980512,0.00750992,0.0883653,0.159297,0.983239,0.00377998,0.0838466,0.145813,0.985745,-0.00151069,0.0779792,0.127605,0.988754,-0.00702814,0.07234,0.109254,0.991353,-0.0102802,0.0668637,0.0910256,0.993548,-0.0137417,0.0615331,0.0726969,0.995359,-0.0123019,0.0567096,0.0571714,0.996677,-0.0110151,0.051856,0.0416234,0.997726,-0.00202724,0.0476711,0.0316225,0.99836,0.00688234,0.0433146,0.0216876,0.998802,0.0236553,0.0394433,0.0170569,0.998796,0.0403954,0.0354299,0.0125596,0.998476],"scl":[1,1,1,1,1,1,1,1,1,1,1,1,1,1,1,1,1,1,1,1,1,1,1,1,1,1,1,1,1,1,1,1,1,1,1,1,1,1,1,1,1,1,1,1,1,1,1,1,1,1,1]},
{"i":5,"pos":[-22.5,1.52588E-05,2.40205E-07,-22.5,1.52588E-05,2.40205E-07,-22.5,1.52588E-05,2.40205E-07,-22.5,1.52588E-05,2.40205E-07,-22.5,1.52588E-05,2.40205E-07,-22.5,1.52588E-05,2.40205E-07,-22.5,1.52588E-05,2.40205E-07,-22.5,1.52588E-05,2.40205E-07,-22.5,1.52588E-05,2.40205E-07,-22.5,1.52588E-05,2.40205E-07,-22.5,1.52588E-05,2.40205E-07,-22.5,1.52588E-05,2.40205E-07,-22.5,1.52588E-05,2.40205E-07,-22.5,1.52588E-05,2.40205E-07,-22.5,1.52588E-05,2.40205E-07,-22.5,1.52588E-05,2.40205E-07,-22.5,1.52588E-05,2.40205E-07],"rot":[0.0843821,0.398575,0.406029,0.818021,0.103524,0.380907,0.391634,0.831153,0.121691,0.362316,0.376603,0.843854,0.138842,0.342852,0.360952,0.856089,0.154937,0.322566,0.3447,0.867829,0.173772,0.307067,0.318294,0.879887,0.191686,0.290634,0.291465,0.890975,0.209849,0.262158,0.262635,0.904577,0.225852,0.232546,0.232956,0.916867,0.240803,0.202752,0.203412,0.927108,0.253598,0.172062,0.1733,0.935975,0.265384,0.146079,0.148546,0.941364,0.275654,0.11951,0.123663,0.945748,0.286525,0.102776,0.10964,0.946213,0.296815,0.0857244,0.0957965,0.946243,0.309236,0.0783149,0.0926456,0.943216,0.321533,0.0708295,0.0896745,0.939978],"scl":[1,1,1,1,1,1,1,1,1,1,1,1,1,1,1,1,1,1,1,1,1,1,1,1,1,1,1,1,1,1,1,1,1,1,1,1,1,1,1,1,1,1,1,1,1,1,1,1,1,1,1]},
{"i":6,"pos":[-21.2439,1.52588E-05,-1.19371E-12,-21.2439,1.52588E-05,-1.19371E-12,-21.2439,1.52588E-05,-1.19371E-12,-21.2439,1.52588E-05,-1.19371E-12,-21.2439,1.52588E-05,-1.19371E-12,-21.2439,1.52588E-05,-1.19371E-12,-21.2439,1.52588E-05,-1.19371E-12,-21.2439,1.52588E-05,-1.19371E-12,-21.2439,1.52588E-05,-1.19371E-12,-21.2439,1.52588E-05,-1.19371E-12,-21.2439,1.52588E-05,-1.19371E-12,-21.2439,1.52588E-05,-1.19371E-12,-21.2439,1.52588E-05,-1.19371E-12,-21.2439,1.52588E-05,-1.19371E-12,-21.2439,1.52588E-05,-1.19371E-12,-21.2439,1.52588E-05,-1.19371E-12,-21.2439,1.52588E-05,-1.19371E-12],"rot":[0,0.485894,0,0.874018,0,0.521239,0,0.853411,0,0.555711,0,0.831375,0,0.589253,0,0.807948,0,0.621809,0,0.783169,0,0.646057,0,0.763289,0,0.66967,0,0.742659,-0,0.707658,-0,0.706555,-0,0.743703,-0,0.66851,-0,0.776014,-0,0.630716,-0,0.806406,-0,0.591362,-0,0.828492,-0,0.560001,-0,0.849359,-0,0.527815,-0,0.858858,-0,0.512214,0,0.868069,0,0.496443,0,0.867592,0,0.497277,0,0.867113,0,0.498111],"scl":[1,1,1,1,1,1,1,1,1,1,1,1,1,1,1,1,1,1,1,1,1,1,1,1,1,1,1,1,1,1,1,1,1,1,1,1,1,1,1,1,1,1,1,1,1,1,1,1,1,1,1]},
{"i":7,"pos":[-36.9624,-3.05176E-05,1.42109E-13,-36.9624,-3.05176E-05,1.42109E-13,-36.9624,-3.05176E-05,1.42109E-13,-36.9624,-3.05176E-05,1.42109E-13,-36.9624,-3.05176E-05,1.42109E-13,-36.9624,-3.05176E-05,1.42109E-13,-36.9624,-3.05176E-05,1.42109E-13,-36.9624,-3.05176E-05,1.42109E-13,-36.9624,-3.05176E-05,1.42109E-13,-36.9624,-3.05176E-05,1.42109E-13,-36.9624,-3.05176E-05,1.42109E-13,-36.9624,-3.05176E-05,1.42109E-13,-36.9624,-3.05176E-05,1.42109E-13,-36.9624,-3.05176E-05,1.42109E-13,-36.9624,-3.05176E-05,1.42109E-13,-36.9624,-3.05176E-05,1.42109E-13,-36.9624,-3.05176E-05,1.42109E-13],"rot":[0.0868613,-0.141853,-0.0609463,0.984184,0.0788094,-0.134273,-0.054911,0.986278,0.0706133,-0.126802,-0.0487138,0.988211,0.0622761,-0.119448,-0.0423576,0.98998,0.0538009,-0.112212,-0.0358452,0.991579,0.0364036,-0.093961,-0.0368519,0.994227,0.0188553,-0.075685,-0.0371764,0.99626,0.0039613,-0.0611045,-0.0282648,0.997723,-0.011258,-0.0468085,-0.0188688,0.998662,-0.0290812,-0.0336036,-0.0128033,0.99893,-0.0470791,-0.0206317,-0.00625454,0.998658,-0.0670647,-0.0107337,-0.00731163,0.997664,-0.086996,-0.000804758,-0.00797367,0.996176,-0.108188,0.00464011,-0.0207668,0.993903,-0.129196,0.010626,-0.033321,0.991002,-0.151992,0.0137073,-0.0579542,0.986586,-0.174617,0.0179353,-0.082412,0.981018],