{
"name":"pl0705mot_g4s3_m0",
"frameCount":15,"fps":60,"rotFormat":"quat_xyzw",
"bones":[
{"i":0,"pos":[0,0,0,0,0,0,0,0,0,0,0,0,0,0,0,0,0,0,0,0,0,0,0,0,0,0,0,0,0,0,0,0,0,0,0,0,0,0,0,0,0,0,0,0,0],"rot":[0,0,0,1,0,0,0,1,0,0,0,1,0,0,0,1,0,0,0,1,0,0,0,1,0,0,0,1,0,0,0,1,0,0,0,1,0,0,0,1,0,0,0,1,0,0,0,1,0,0,0,1,0,0,0,1,0,0,0,1],"scl":[1,1,1,1,1,1,1,1,1,1,1,1,1,1,1,1,1,1,1,1,1,1,1,1,1,1,1,1,1,1,1,1,1,1,1,1,1,1,1,1,1,1,1,1,1]},
{"i":1,"pos":[0,80.002,0,0,78.8882,0,0,79.5034,0,0,80.6428,0,0,81.1016,0,0,80.5743,0,0,79.7135,0,0,78.7513,0,0,77.9199,0,0,77.4512,0,0,76.8831,0,0,76.061,0,0,75.678,0,0,76.4272,0,0,79.002,0],"rot":[0,0,0,1,0,0,0,1,0,0,0,1,0,0,0,1,0,0,0,1,0,0,0,1,0,0,0,1,0,0,0,1,0,0,0,1,0,0,0,1,0,0,0,1,0,0,0,1,0,0,0,1,0,0,0,1,0,0,0,1],"scl":[1,1,1,1,1,1,1,1,1,1,1,1,1,1,1,1,1,1,1,1,1,1,1,1,1,1,1,1,1,1,1,1,1,1,1,1,1,1,1,1,1,1,1,1,1]},
{"i":2,"pos":[0,0,0,0,0,0,0,0,0,0,0,0,0,0,0,0,0,0,0,0,0,0,0,0,0,0,0,0,0,0,0,0,0,0,0,0,0,0,0,0,0,0,0,0,0],"rot":[0.00408337,-0.397228,-0.00544773,0.917695,0.0141713,-0.395575,-0.0187743,0.918132,0.0262036,-0.401792,-0.0348215,0.914693,0.0349954,-0.422309,-0.0473433,0.904538,0.0353422,-0.4622,-0.0500576,0.884656,0.0278362,-0.524586,-0.040823,0.849922,0.0164534,-0.602622,-0.0240803,0.797494,0.00278627,-0.685798,-0.00541359,0.727766,-0.0117243,-0.76473,0.00944518,0.644175,-0.0263499,-0.832203,0.0157344,0.553621,0.041041,0.887002,-0.00857951,-0.459859,0.0515627,0.931725,0.0117192,-0.359294,0.0534973,0.965946,0.039276,-0.250087,0.0451467,0.988205,0.0664509,-0.130375,0.0281956,0.996038,0.0843218,0.00190121],"scl":[1,1,1,1,1,1,1,1,1,1,1,1,1,1,1,1,1,1,1,1,1,1,1,1,1,1,1,1,1,1,1,1,1,1,1,1,1,1,1,1,1,1,1,1,1]},
{"i":3,"pos":[0,15.9011,0,0,15.9011,0,0,15.9011,0,0,15.9011,0,0,15.9011,0,0,15.9011,0,0,15.9011,0,0,15.9011,0,0,15.9011,0,0,15.9011,0,0,15.9011,0,0,15.9011,0,0,15.9011,0,0,15.9011,0,0,15.9011,0],"rot":[-0.00827863,-0.10577,-0.00280085,0.994352,-0.0277504,-0.0849651,-0.00837403,0.995962,-0.0503085,-0.0549289,-0.0124322,0.997145,-0.0680845,-0.0199178,-0.0114503,0.997415,-0.0736466,0.0156672,-0.00331627,0.997156,-0.0615684,0.056364,0.0133406,0.996421,-0.038306,0.105736,0.034806,0.993046,-0.0139804,0.157536,0.0554012,0.985859,0.00282655,0.204445,0.0720732,0.976217,0.00542104,0.238596,0.0844435,0.967425,-0.00922487,0.262227,0.0950706,0.960267,-0.0352994,0.280017,0.106237,0.953445,-0.0654876,0.288081,0.117432,0.948119,-0.0929882,0.282793,0.127002,0.946177,-0.111301,0.260585,0.132761,0.94978],"scl":[1,1,1,1,1,1,1,1,1,1,1,1,1,1,1,1,1,1,1,1,1,1,1,1,1,1,1,1,1,1,1,1,1,1,1,1,1,1,1,1,1,1,1,1,1]},
{"i":4,"pos":[-11.7469,12.5736,-0.760727,-11.7469,12.5736,-0.760727,-11.7469,12.5736,-0.760727,-11.7469,12.5736,-0.760727,-11.7469,12.5736,-0.760727,-11.7469,12.5736,-0.760727,-11.7469,12.5736,-0.760727,-11.7469,12.5736,-0.760727,-11.7469,12.5736,-0.760727,-11.7469,12.5736,-0.760727,-11.7469,12.5736,-0.760727,-11.7469,12.5736,-0.760727,-11.7469,12.5736,-0.760727,-11.7469,12.5736,-0.760727,-11.7469,12.5736,-0.760727],"rot":[-0.00731868,-0.198813,0.178569,0.963604,0.0100434,-0.0605344,0.2031,0.977233,0.0272137,0.117383,0.212507,0.969702,0.0352224,0.28378,0.198157,0.93753,0.0336285,0.393067,0.175835,0.901914,0.0284126,0.444954,0.162945,0.880146,0.0223775,0.470423,0.158119,0.867871,0.0166409,0.479666,0.159372,0.862696,0.0114712,0.481739,0.16325,0.860898,0.00682395,0.485354,0.165909,0.858405,0.0019169,0.490116,0.168214,0.85527,-0.0031417,0.490283,0.172803,0.854255,-0.00713053,0.486468,0.178274,0.855287,-0.00886991,0.479272,0.183189,0.85829,-0.00722205,0.469293,0.186112,0.863177],"scl":[1,1,1,1,1,1,1,1,1,1,1,1,1,1,1,1,1,1,1,1,1,1,1,1,1,1,1,1,1,1,1,1,1,1,1,1,1,1,1,1,1,1,1,1,1]},
{"i":5,"pos":[-11.7004,-0.00550079,0.013341,-11.7004,-0.00550079,0.013341,-11.7004,-0.00550079,0.013341,-11.7004,-0.00550079,0.013341,-11.7004,-0.00550079,0.013341,-11.7004,-0.00550079,0.013341,-11.7004,-0.00550079,0.013341,-11.7004,-0.00550079,0.013341,-11.7004,-0.00550079,0.013341,-11.7004,-0.00550079,0.013341,-11.7004,-0.00550079,0.013341,-11.7004,-0.00550079,0.013341,-11.7004,-0.00550079,0.013341,-11.7004,-0.00550079,0.013341,-11.7004,-0.00550079,0.013341],"rot":[0.240746,-0.00310064,0.115031,0.963742,0.22375,0.0136796,0.162679,0.960877,0.200736,0.0877219,0.2496,0.943244,0.173073,0.193126,0.344228,0.902361,0.147593,0.276443,0.405791,0.858562,0.133488,0.316587,0.432627,0.833539,0.128035,0.331904,0.44406,0.822349,0.129038,0.330724,0.446796,0.821185,0.132437,0.323166,0.446223,0.823959,0.133971,0.319665,0.447257,0.824516,0.134881,0.317682,0.448711,0.824344,0.137795,0.310461,0.447458,0.82729,0.140812,0.301895,0.445285,0.831115,0.142302,0.2955,0.443894,0.8339,0.140914,0.29438,0.444883,0.834005],"scl":[1,1,1,1,1,1,1,1,1,1,1,1,1,1,1,1,1,1,1,1,1,1,1,1,1,1,1,1,1,1,1,1,1,1,1,1,1,1,1,1,1,1,1,1,1]},
{"i":6,"pos":[-24.1841,3.8147E-05,-8.23775E-06,-24.1841,3.8147E-05,-8.23775E-06,-24.1841,3.8147E-05,-8.23775E-06,-24.1841,3.8147E-05,-8.23775E-06,-24.1841,3.8147E-05,-8.23775E-06,-24.1841,3.8147E-05,-8.23775E-06,-24.1841,3.8147E-05,-8.23775E-06,-24.1841,3.8147E-05,-8.23775E-06,-24.1841,3.8147E-05,-8.23775E-06,-24.1841,3.8147E-05,-8.23775E-06,-24.1841,3.8147E-05,-8.23775E-06,-24.1841,3.8147E-05,-8.23775E-06,-24.1841,3.8147E-05,-8.23775E-06,-24.1841,3.8147E-05,-8.23775E-06,-24.1841,3.8147E-05,-8.23775E-06],"rot":[0,0.477442,0,0.878663,0,0.576205,0,0.817305,0,0.617895,0,0.78626,0,0.586359,0,0.810052,0,0.518765,0,0.854917,0,0.466748,0,0.88439,0,0.434812,0,0.900521,0,0.420643,0,0.907226,0,0.413559,0,0.910477,0,0.401661,0,0.915788,0,0.387366,0,0.921926,0,0.378012,0,0.925801,0,0.369734,0,0.929137,0,0.359604,0,0.933105,0,0.34574,0,0.93833],"scl":[1,1,1,1,1,1,1,1,1,1,1,1,1,1,1,1,1,1,1,1,1,1,1,1,1,1,1,1,1,1,1,1,1,1,1,1,1,1,1,1,1,1,1,1,1]},
{"i":7,"pos":[-24.1841,4.57764E-05,-3.38865E-06,-24.1841,4.57764E-05,-3.38865E-06,-24.1841,4.57764E-05,-3.38865E-06,-24.1841,4.57764E-05,-3.38865E-06,-24.1841,4.57764E-05,-3.38865E-06,-24.1841,4.57764E-05,-3.38865E-06,-24.1841,4.57764E-05,-3.38865E-06,-24.1841,4.57764E-05,-3.38865E-06,-24.1841,4.57764E-05,-3.38865E-06,-24.1841,4.57764E-05,-3.38865E-06,-24.1841,4.57764E-05,-3.38865E-06,-24.1841,4.57764E-05,-3.38865E-06,-24.1841,4.57764E-05,-3.38865E-06,-24.1841,4.57764E-05,-3.38865E-06,-24.1841,4.57764E-05,-3.38865E-06],"rot":[0.0110812,-0.279306,-0.0408342,0.95927,0.0795751,-0.250043,-0.136266,0.955289,0.177942,-0.237765,-0.261479,0.918386,0.277423,-0.251297,-0.375096,0.84805,0.351246,-0.264619,-0.441148,0.782299,0.402706,-0.248984,-0.460965,0.750564,0.445487,-0.207357,-0.458265,0.740633,0.477908,-0.146658,-0.441344,0.745191,0.499439,-0.0775233,-0.417973,0.754884,0.513488,-0.0123474,-0.397765,0.760237,0.521996,0.0538938,-0.378036,0.762695,0.519892,0.128262,-0.351259,0.768035,0.506471,0.200623,-0.32158,0.774483,0.485106,0.261175,-0.293325,0.781294,0.462121,0.301358,-0.271172,0.788728],"scl":[1,1,1,1,1,1,1,1,1,1,1,1,1,1,1,1,1,1,1,1,1,1,1,1,1,1,1,1,1,1,1,1,1,1,1,1,1,1,1,1,1,1,1,1,1]},
{"i":8,"pos":[11.7469,12.5736,-0.760724,11.7469,12.5736,-0.760724,11.7469,12.5736,-0.760724,11.7469,12.5736,-0.760724,11.7469,12.5736,-0.760724,11.7469,12.5736,-0.760724,11.7469,12.5736,-0.760724,11.7469,12.5736,-0.760724,11.7469,12.5736,-0.760724,11.7469,12.5736,-0.760724,11.7469,12.5736,-0.760724,11.7469,12.5736,-0.760724,11.7469,12.5736,-0.760724,11.7469,12.5736,-0.760724,11.7469,12.5736,-0.760724],"rot":[0,0,0,1,0,0,0,1,0,0,0,1,0,0,0,1,0,0,0,1,0,0,0,1,0,0,0,1,0,0,0,1,0,0,0,1,0,0,0,1,0,0,0,1,0,0,0,1,0,0,0,1,0,0,0,1,0,0,0,1],"scl":[1,1,1,1,1,1,1,1,1,1,1,1,1,1,1,1,1,1,1,1,1,1,1,1,1,1,1,1,1,1,1,1,1,1,1,1,1,1,1,1,1,1,1,1,1]},
{"i":9,"pos":[11.7003,-0.00550079,0.0133381,11.7003,-0.00550079,0.0133381,11.7003,-0.00550079,0.0133381,11.7003,-0.00550079,0.0133381,11.7003,-0.00550079,0.0133381,11.7003,-0.00550079,0.0133381,11.7003,-0.00550079,0.0133381,11.7003,-0.00550079,0.0133381,11.7003,-0.00550079,0.0133381,11.7003,-0.00550079,0.0133381,11.7003,-0.00550079,0.0133381,11.7003,-0.00550079,0.0133381,11.7003,-0.00550079,0.0133381,11.7003,-0.00550079,0.0133381,11.7003,-0.00550079,0.0133381],