{
"name":"pl060amot_g4s2_m0",
"frameCount":16,"fps":60,"rotFormat":"quat_xyzw",
"bones":[
{"i":0,"pos":[0,0,0,0,0,0,0,0,0,0,0,0,0,0,0,0,0,0,0,0,0,0,0,0,0,0,0,0,0,0,0,0,0,0,0,0,0,0,0,0,0,0,0,0,0,0,0,0],"rot":[0,0,0,1,0,0,0,1,0,0,0,1,0,0,0,1,0,0,0,1,0,0,0,1,0,0,0,1,0,0,0,1,0,0,0,1,0,0,0,1,0,0,0,1,0,0,0,1,0,0,0,1,0,0,0,1,0,0,0,1,0,0,0,1],"scl":[1,1,1,1,1,1,1,1,1,1,1,1,1,1,1,1,1,1,1,1,1,1,1,1,1,1,1,1,1,1,1,1,1,1,1,1,1,1,1,1,1,1,1,1,1,1,1,1]},
{"i":1,"pos":[0,404.172,13.8564,-4.23491,407.078,10.6798,-9.92498,410.733,6.82133,-15.6126,412.594,2.65279,-19.8403,408.78,-1.45418,-21.1504,404.759,-5.12793,-18.2232,404.766,-8.8356,-12.0304,405.362,-12.825,-4.55178,406.531,-16.3956,2.23317,408.255,-18.8466,6.34473,410.516,-19.4775,7.03847,414.157,-17.1238,5.63418,419.191,-12.2523,3.24854,424.353,-6.61,0.99825,428.377,-1.94363,0,430,0],"rot":[0,0,0,1,0,0,0,1,0,0,0,1,0,0,0,1,0,0,0,1,0,0,0,1,0,0,0,1,0,0,0,1,0,0,0,1,0,0,0,1,0,0,0,1,0,0,0,1,0,0,0,1,0,0,0,1,0,0,0,1,0,0,0,1],"scl":[1,1,1,1,1,1,1,1,1,1,1,1,1,1,1,1,1,1,1,1,1,1,1,1,1,1,1,1,1,1,1,1,1,1,1,1,1,1,1,1,1,1,1,1,1,1,1,1]},
{"i":2,"pos":[0,0,0,0,0,0,0,0,0,0,0,0,0,0,0,0,0,0,0,0,0,0,0,0,0,0,0,0,0,0,0,0,0,0,0,0,0,0,0,0,0,0,0,0,0,0,0,0],"rot":[0,0,0,1,0.00305584,0.000194457,-0.00585835,0.999978,0.00679174,0.000401693,-0.0136351,0.999884,0.0108116,0.000546552,-0.0214807,0.999711,0.0147161,0.000593374,-0.027545,0.999512,0.0181051,0.00054418,-0.0299785,0.999386,0.0215479,0.000402052,-0.0273428,0.999394,0.0253125,0.000228147,-0.0208694,0.999462,0.0285463,9.78036E-05,-0.012715,0.999512,0.0303932,2.94243E-05,-0.00503864,0.999525,0.0299943,0,0,0.99955,0.0257182,-2.01735E-05,0.00191989,0.999667,0.0181357,-3.90758E-05,0.00215965,0.999833,0.00969104,-3.8209E-05,0.00143949,0.999952,0.0028304,-1.6028E-05,0.000479733,0.999996,0,0,0,1],"scl":[1,1,1,1,1,1,1,1,1,1,1,1,1,1,1,1,1,1,1,1,1,1,1,1,1,1,1,1,1,1,1,1,1,1,1,1,1,1,1,1,1,1,1,1,1,1,1,1]},
{"i":3,"pos":[0,46.3996,0,0,46.3996,0,0,46.3996,0,0,46.3996,0,0,46.3996,0,0,46.3996,0,0,46.3996,0,0,46.3996,0,0,46.3996,0,0,46.3996,0,0,46.3996,0,0,46.3996,0,0,46.3996,0,0,46.3996,0,0,46.3996,0,0,46.3996,0],"rot":[-0.0699197,0,0,0.997553,-0.0583295,0.0012189,-0.00512333,0.998284,-0.0442507,0.00329445,-0.0121369,0.998941,-0.0289847,0.00468828,-0.0191337,0.999386,-0.0138834,0.00400819,-0.0241124,0.999605,-0.00030508,7.62674E-06,-0.0249913,0.999688,0.0132941,-0.00990381,-0.019506,0.999672,0.0280185,-0.0245903,-0.00874233,0.999267,0.04175,-0.0398032,0.0041268,0.998326,0.0520502,-0.0515903,0.0155746,0.997189,0.0562136,-0.0562394,0.0218763,0.996593,0.0503905,-0.0504284,0.0209138,0.997236,0.0363181,-0.0366616,0.0152751,0.998551,0.0196206,-0.0200483,0.00819662,0.999573,0.00576657,-0.00595629,0.00238616,0.999963,0,0,0,1],"scl":[1,1,1,1,1,1,1,1,1,1,1,1,1,1,1,1,1,1,1,1,1,1,1,1,1,1,1,1,1,1,1,1,1,1,1,1,1,1,1,1,1,1,1,1,1,1,1,1]},
{"i":4,"pos":[-60,74.9995,0,-60,74.9995,0,-60,74.9995,0,-60,74.9995,0,-60,74.9995,0,-60,74.9995,0,-60,74.9995,0,-60,74.9995,0,-60,74.9995,0,-60,74.9995,0,-60,74.9995,0,-60,74.9995,0,-60,74.9995,0,-60,74.9995,0,-60,74.9995,0,-60,74.9995,0],"rot":[0,0,0,1,0,0,0,1,0,0,0,1,0,0,0,1,0,0,0,1,0,0,0,1,0,0,0,1,0,0,0,1,0,0,0,1,0,0,0,1,0,0,0,1,0,0,0,1,0,0,0,1,0,0,0,1,0,0,0,1,0,0,0,1],"scl":[1,1,1,1,1,1,1,1,1,1,1,1,1,1,1,1,1,1,1,1,1,1,1,1,1,1,1,1,1,1,1,1,1,1,1,1,1,1,1,1,1,1,1,1,1,1,1,1]},
{"i":5,"pos":[-78.0006,0,0,-78.0006,0,0,-78.0006,0,0,-78.0006,0,0,-78.0006,0,0,-78.0006,0,0,-78.0006,0,0,-78.0006,0,0,-78.0006,0,0,-78.0006,0,0,-78.0006,0,0,-78.0006,0,0,-78.0006,0,0,-78.0006,0,0,-78.0006,0,0,-78.0006,0,0],"rot":[-0.279878,-0.405562,0.249009,0.833776,-0.235915,-0.398032,0.278654,0.841586,-0.190487,-0.380029,0.314052,0.84892,-0.152688,-0.351911,0.353281,0.853251,-0.128271,-0.317549,0.394116,0.852867,-0.117716,-0.282505,0.433441,0.847622,-0.121504,-0.245941,0.472641,0.837473,-0.141294,-0.207659,0.512013,0.821435,-0.171715,-0.171921,0.546657,0.801326,-0.202438,-0.141294,0.573477,0.78114,-0.219148,-0.118359,0.593004,0.76571,-0.200695,-0.105564,0.610636,0.75875,-0.150453,-0.0968362,0.626294,0.758777,-0.090566,-0.0866066,0.635345,0.761993,-0.0418379,-0.0764432,0.638002,0.765088,-0.0219103,-0.0718609,0.638018,0.766348],"scl":[1,1,1,1,1,1,1,1,1,1,1,1,1,1,1,1,1,1,1,1,1,1,1,1,1,1,1,1,1,1,1,1,1,1,1,1,1,1,1,1,1,1,1,1,1,1,1,1]},
{"i":6,"pos":[-121.199,-0.000488281,0,-121.199,-0.000488281,0,-121.199,-0.000488281,0,-121.199,-0.000488281,0,-121.199,-0.000488281,0,-121.199,-0.000488281,0,-121.199,-0.000488281,0,-121.199,-0.000488281,0,-121.199,-0.000488281,0,-121.199,-0.000488281,0,-121.199,-0.000488281,0,-121.199,-0.000488281,0,-121.199,-0.000488281,0,-121.199,-0.000488281,0,-121.199,-0.000488281,0,-121.199,-0.000488281,0],"rot":[-4.76676E-07,0.702171,-9.82426E-07,0.712008,-6.32183E-07,0.709281,-8.0081E-07,0.704926,1.05831E-06,0.710269,-2.14484E-06,0.70393,-6.65884E-07,0.702801,-6.65874E-07,0.711386,-1.0774E-06,0.686423,9.27621E-08,0.727202,-1.37093E-06,0.663151,1.68621E-07,0.748485,-1.24606E-06,0.628996,-2.77637E-08,0.777408,-1.09726E-06,0.579266,-5.55818E-08,0.815138,-9.14761E-07,0.517968,5.66299E-08,0.8554,-7.70723E-07,0.454537,2.037E-07,0.890728,-7.41674E-07,0.407578,2.82466E-07,0.913171,-8.36992E-07,0.405867,2.68825E-07,0.913932,-9.78295E-07,0.441168,2.11657E-07,0.897424,-1.07243E-06,0.485013,1.5928E-07,0.874507,-1.07467E-06,0.519317,1.1547E-07,0.854582,-9.81486E-07,0.533096,4.87974E-08,0.846055],"scl":[1,1,1,1,1,1,1,1,1,1,1,1,1,1,1,1,1,1,1,1,1,1,1,1,1,1,1,1,1,1,1,1,1,1,1,1,1,1,1,1,1,1,1,1,1,1,1,1]},
{"i":7,"pos":[-128.4,-0.000854492,-8.22162E-06,-128.4,-0.000854492,-8.22162E-06,-128.4,-0.000854492,-8.22162E-06,-128.4,-0.000854492,-8.22162E-06,-128.4,-0.000854492,-8.22162E-06,-128.4,-0.000854492,-8.22162E-06,-128.4,-0.000854492,-8.22162E-06,-128.4,-0.000854492,-8.22162E-06,-128.4,-0.000854492,-8.22162E-06,-128.4,-0.000854492,-8.22162E-06,-128.4,-0.000854492,-8.22162E-06,-128.4,-0.000854492,-8.22162E-06,-128.4,-0.000854492,-8.22162E-06,-128.4,-0.000854492,-8.22162E-06,-128.4,-0.000854492,-8.22162E-06,-128.4,-0.000854492,-8.22162E-06],"rot":[0,0.319291,0,0.947657,0,0.292751,0,0.956189,0,0.260537,0,0.965464,0,0.225119,0,0.974331,0,0.189075,0,0.981963,0,0.155072,0,0.987903,0,0.12092,0,0.992662,0,0.0848836,0,0.996391,0,0.0504054,0,0.998729,0,0.020957,0,0.99978,0,0,0,1,0,-0.00996077,0,0.99995,0,-0.0112058,0,0.999937,0,-0.00747063,0,0.999972,0,-0.00249023,0,0.999997,0,0,0,1],"scl":[1,1,1,1,1,1,1,1,1,1,1,1,1,1,1,1,1,1,1,1,1,1,1,1,1,1,1,1,1,1,1,1,1,1,1,1,1,1,1,1,1,1,1,1,1,1,1,1]},
{"i":8,"pos":[-78.0005,0.00012207,0,-78.0005,0.00012207,0,-78.0005,0.00012207,0,-78.0005,0.00012207,0,-78.0005,0.00012207,0,-78.0005,0.00012207,0,-78.0005,0.00012207,0,-78.0005,0.00012207,0,-78.0005,0.00012207,0,-78.0005,0.00012207,0,-78.0005,0.00012207,0,-78.0005,0.00012207,0,-78.0005,0.00012207,0,-78.0005,0.00012207,0,-78.0005,0.00012207,0,-78.0005,0.00012207,0],"rot":[0,0,0,1,0,0,0,1,0,0,0,1,0,0,0,1,0,0,0,1,0,0,0,1,0,0,0,1,0,0,0,1,0,0,0,1,0,0,0,1,0,0,0,1,0,0,0,1,0,0,0,1,0,0,0,1,0,0,0,1,0,0,0,1],"scl":[1,1,1,1,1,1,1,1,1,1,1,1,1,1,1,1,1,1,1,1,1,1,1,1,1,1,1,1,1,1,1,1,1,1,1,1,1,1,1,1,1,1,1,1,1,1,1,1]},
{"i":9,"pos":[60,74.9995,0,60,74.9995,0,60,74.9995,0,60,74.9995,0,60,74.9995,0,60,74.9995,0,60,74.9995,0,60,74.9995,0,60,74.9995,0,60,74.9995,0,60,74.9995,0,60,74.9995,0,60,74.9995,0,60,74.9995,0,60,74.9995,0,60,74.9995,0],"rot":[0,0,0,1,0,0,0,1,0,0,0,1,0,0,0,1,0,0,0,1,0,0,0,1,0,0,0,1,0,0,0,1,0,0,0,1,0,0,0,1,0,0,0,1,0,0,0,1,0,0,0,1,0,0,0,1,0,0,0,1,0,0,0,1],"scl":[1,1,1,1,1,1,1,1,1,1,1,1,1,1,1,1,1,1,1,1,1,1,1,1,1,1,1,1,1,1,1,1,1,1,1,1,1,1,1,1,1,1,1,1,1,1,1,1]},
{"i":10,"pos":[78.0006,0,-6.36357E-13,78.0006,0,-6.36357E-13,78.0006,0,-6.36357E-13,78.0006,0,-6.36357E-13,78.0006,0,-6.36357E-13,78.0006,0,-6.36357E-13,78.0006,0,-6.36357E-13,78.0006,0,-6.36357E-13,78.0006,0,-6.36357E-13,78.0006,0,-6.36357E-13,78.0006,0,-6.36357E-13,78.0006,0,-6.36357E-13,78.0006,0,-6.36357E-13,78.0006,0,-6.36357E-13,78.0006,0,-6.36357E-13,78.0006,0,-6.36357E-13],